code,name,date,close,today_high,prior_52w_high,new_52w_high,pct_vs_prior_high,vol_ratio,volume_trend_ratio,vol_tendency,tendency_continuation_rate,tendency_pullback_rate,tendency_n,latest_52w_high_date,trading_days_since_high,return_1y,above_ma200,ma200_pct_diff,ma200_rising,ma25_rising,monthly_vol,worst_month,steady_rise,golden_cross_status,golden_cross_days_since,golden_cross_gap_pct,golden_cross_peak_gap_pct,golden_cross_pct_after_confirm,golden_cross_is_quick_recovery,golden_cross_staircase_deviation_pct,golden_cross_staircase_trend,golden_cross_ytd_high_reclaimed,golden_cross_ytd_high_days_to_reclaim,golden_cross_ytd_high_current_gap_pct,golden_cross_cross_price,golden_cross_ytd_high_price,golden_cross_ytd_high_date,golden_cross_ytd_high_discount_at_cross_pct,golden_cross_had_prior_surge,golden_cross_date,golden_cross_dead_cross_date,clean_trend_periods,trend_r2_3m,trend_r2_6m,trend_r2_1y,trend_drawdown_3m,trend_drawdown_6m,trend_drawdown_1y,trend_return_3m,trend_return_6m,trend_return_1y
5242.T,アイズ,2026-07-28,2822.0,3210.0,2709.0,True,18.49,5.03,6.96,急増(3.0倍以上),72.9,37.0,3657.0,2026-07-28,0.0,72.71,True,155.17,False,True,73.84,-16.6,False,crossed,2.0,,,,False,,,True,0.0,27.75,2209.0,2209.0,2026-07-24,0.0,True,2026-07-24,2025-08-14,,0.08,0.0,0.5,23.26,32.64,52.17,173.18,158.19,76.38
3851.T,日本一ソフトウェア,2026-07-28,990.0,1080.0,938.0,True,15.14,65.61,5.53,急増(3.0倍以上),72.9,37.0,3657.0,2026-07-28,0.0,18.0,True,19.44,True,True,6.39,-4.13,True,crossed,7.0,,,1.24,True,10.21,widening,True,6.0,8.91,890.0,909.0,2026-07-14,-2.09,False,2026-07-16,2026-05-28,,0.36,0.2,0.0,6.95,7.06,15.65,16.61,21.47,17.86
8388.T,阿波銀行,2026-07-28,8820.0,9240.0,8930.0,True,3.47,2.73,1.13,多い(2.0〜3.0倍),85.4,22.4,2508.0,2026-07-28,0.0,187.3,True,58.95,True,True,7.81,-5.01,False,,,,,,,,,,,,,,,,,,,3ヶ月・6ヶ月・1年,0.83,0.88,0.97,6.2,11.81,11.81,42.95,77.11,186.83
8541.T,愛媛銀行,2026-07-28,2919.0,3025.0,2925.0,True,3.42,2.17,2.46,多い(2.0〜3.0倍),85.4,22.4,2508.0,2026-07-28,0.0,185.34,True,71.83,True,True,12.54,-18.54,False,crossed,55.0,,,0.91,True,45.02,widening,True,21.0,44.5,1870.0,2020.0,2026-02-12,-7.43,True,2026-05-11,2026-04-03,3ヶ月,0.79,0.57,0.91,5.77,25.05,25.05,69.51,70.6,183.95
8084.T,ＲＹＯＤＥＮ,2026-07-28,4170.0,4190.0,4075.0,True,2.82,4.77,0.81,急増(3.0倍以上),72.9,37.0,3657.0,2026-07-28,0.0,46.68,True,18.38,True,True,5.64,-11.96,False,crossed,47.0,,,3.32,False,6.23,widening,True,10.0,8.59,3615.0,3840.0,2026-01-23,-5.86,False,2026-05-21,2026-03-18,,0.69,0.38,0.78,6.88,14.71,14.71,21.75,9.45,46.73
2871.T,ニチレイ,2026-07-28,2292.0,2292.5,2233.0,True,2.66,0.66,1.43,やや少なめ(0.5〜1.0倍),91.5,15.4,5785.0,2026-07-28,0.0,27.76,True,18.19,True,True,7.97,-7.3,False,crossed,24.0,,,3.21,True,5.15,widening,True,2.0,7.23,2103.5,2137.5,2026-03-02,-1.59,False,2026-06-23,2026-04-22,3ヶ月,0.71,0.1,0.62,12.0,17.05,17.05,21.72,21.08,27.58
3191.T,ジョイフル本田,2026-07-28,2458.0,2459.0,2398.0,True,2.54,1.15,0.36,平常(1.0〜1.5倍),90.9,17.6,6454.0,2026-07-28,0.0,19.44,True,14.09,True,True,4.79,-6.21,True,crossed,35.0,,,0.22,True,4.52,widening,True,2.0,10.08,2225.0,2233.0,2026-05-29,-0.36,False,2026-06-08,2026-05-14,3ヶ月,0.79,0.35,0.22,3.85,8.1,8.5,19.15,14.17,19.73
7952.T,河合楽器製作所,2026-07-28,3295.0,3465.0,3385.0,True,2.36,2.11,0.84,多い(2.0〜3.0倍),85.4,22.4,2508.0,2026-07-28,0.0,27.12,True,15.32,True,True,7.6,-5.04,False,,,,,,,,,,,,,,,,,,,,0.65,0.67,0.74,8.79,12.6,12.6,18.27,17.72,26.05
7839.T,ＳＨＯＥＩ,2026-07-28,1979.0,2004.0,1960.0,True,2.24,1.39,0.67,平常(1.0〜1.5倍),90.9,17.6,6454.0,2026-07-28,0.0,9.7,True,12.68,True,True,6.87,-8.56,False,crossed,56.0,,,-1.16,False,-2.3,narrowing,True,20.0,6.34,1815.0,1861.0,2026-05-07,-2.47,False,2026-05-08,2026-02-10,,0.38,0.4,0.01,10.26,12.22,17.28,22.16,11.3,10.87
9769.T,学究社,2026-07-28,2716.0,2734.0,2685.0,True,1.82,1.53,0.84,やや多め(1.5〜2.0倍),89.0,19.5,3042.0,2026-07-28,0.0,15.82,True,12.83,True,True,4.49,-4.36,True,crossed,39.0,,,2.72,False,3.4,widening,True,35.0,5.15,2461.0,2583.0,2026-05-22,-4.72,False,2026-06-02,2026-03-27,,0.63,0.31,0.51,4.72,8.46,8.61,18.29,11.13,18.29
9010.T,富士急行,2026-07-28,2733.0,2786.0,2738.0,True,1.75,0.82,0.77,やや少なめ(0.5〜1.0倍),91.5,15.4,5785.0,2026-07-28,0.0,33.9,True,19.1,True,True,12.21,-14.6,False,crossed,17.0,,,-3.29,True,3.41,widening,True,0.0,5.89,2581.0,2581.0,2026-07-02,0.0,False,2026-07-02,2026-05-19,,0.61,0.21,0.09,15.6,20.52,25.92,20.72,28.25,35.57
9861.T,吉野家ホールディングス,2026-07-28,3764.0,3805.0,3740.0,True,1.74,0.7,1.66,やや少なめ(0.5〜1.0倍),91.5,15.4,5785.0,2026-07-28,0.0,11.86,True,18.93,True,True,6.85,-5.32,True,crossed,5.0,,,4.99,True,4.24,,True,4.0,3.07,3585.0,3652.0,2026-07-17,-1.83,False,2026-07-21,2026-05-29,,0.29,0.19,0.03,7.84,12.91,14.47,15.28,23.01,14.16
3670.T,協立情報通信,2026-07-28,1758.0,1758.0,1728.0,True,1.74,,,,,,,,,,,,,,,,False,,,,,,,,,,,,,,,,,,,,,,,,,,,,
7460.T,ヤギ,2026-07-28,1849.0,1882.0,1850.0,True,1.73,0.91,0.83,やや少なめ(0.5〜1.0倍),91.5,15.4,5785.0,2026-07-28,0.0,92.67,True,40.56,True,True,12.19,-10.7,False,crossed,41.0,,,0.56,True,16.45,narrowing,True,8.0,21.78,1491.6666259765625,1518.3,2026-05-21,-1.76,False,2026-05-29,2026-05-01,3ヶ月,0.9,0.65,0.84,5.47,15.38,18.82,43.7,55.38,89.51
6316.T,丸山製作所,2026-07-28,2803.0,2880.0,2831.0,True,1.73,2.8,1.77,多い(2.0〜3.0倍),85.4,22.4,2508.0,2026-07-28,0.0,38.28,True,19.14,True,True,5.97,-11.06,False,crossed,53.0,,,-2.09,True,2.09,widening,True,0.0,12.66,2488.0,2488.0,2026-05-13,0.0,False,2026-05-13,2026-04-06,3ヶ月,0.8,0.61,0.64,5.71,11.06,14.43,18.62,19.74,38.83
3563.T,ＦＯＯＤ　＆　ＬＩＦＥ　ＣＯＭＰＡＮＩＥＳ,2026-07-28,5735.0,5757.0,5661.0,True,1.7,0.68,0.85,やや少なめ(0.5〜1.0倍),91.5,15.4,5785.0,2026-07-28,0.0,56.1,True,28.55,True,True,11.7,-10.22,False,crossed,3.0,,,,True,,,True,2.0,5.47,5433.0,5437.5,2026-05-29,-0.08,False,2026-07-23,2026-07-03,,0.05,0.4,0.68,15.11,15.11,27.42,25.78,32.3,63.09
3075.T,銚子丸,2026-07-28,1743.0,1743.0,1715.0,True,1.63,1.89,2.36,やや多め(1.5〜2.0倍),89.0,19.5,3042.0,2026-07-28,0.0,14.37,True,9.18,True,True,2.77,-4.15,True,crossed,29.0,,,0.93,False,3.8,widening,True,20.0,3.08,1605.0,1691.0,2026-02-25,-5.09,False,2026-06-16,2026-03-30,,0.7,0.06,0.41,1.42,7.75,7.75,9.14,5.96,14.0
9433.T,ＫＤＤＩ,2026-07-28,3016.0,3017.0,2969.0,True,1.62,0.72,0.86,やや少なめ(0.5〜1.0倍),91.5,15.4,5785.0,2026-07-28,0.0,24.78,True,13.68,True,True,5.35,-7.45,True,crossed,34.0,,,-0.24,True,5.08,widening,True,21.0,7.75,2721.0,2799.0,2026-02-06,-2.79,False,2026-06-09,2026-04-23,,0.69,0.24,0.46,5.88,10.04,13.49,17.58,13.81,24.53
7851.T,カワセコンピュータサプライ,2026-07-28,193.0,193.0,190.0,True,1.58,,,,,,,,,,,,,,,,False,,,,,,,,,,,,,,,,,,,,,,,,,,,,
2503.T,キリンホールディングス,2026-07-28,3002.0,3016.0,2969.5,True,1.57,0.83,0.9,やや少なめ(0.5〜1.0倍),91.5,15.4,5785.0,2026-07-28,0.0,50.93,True,19.24,True,True,6.49,-6.72,True,,,,,,,,,,,,,,,,,,,3ヶ月,0.82,0.63,0.9,6.91,12.84,12.84,19.77,21.07,52.0
3087.T,ドトール・日レスホールディングス,2026-07-28,3230.0,3270.0,3220.0,True,1.55,0.88,1.28,やや少なめ(0.5〜1.0倍),91.5,15.4,5785.0,2026-07-28,0.0,30.24,True,18.23,True,True,7.37,-8.8,False,crossed,2.0,,,,False,,,True,0.0,4.53,3090.0,3090.0,2026-07-24,0.0,False,2026-07-24,2026-05-08,,0.16,0.13,0.39,10.22,15.85,15.85,16.94,15.48,29.93
9308.T,乾汽船,2026-07-28,1855.0,1888.0,1862.0,True,1.4,1.33,1.12,平常(1.0〜1.5倍),90.9,17.6,6454.0,2026-07-28,0.0,56.8,True,22.76,False,True,15.37,-11.59,False,crossed,2.0,,,,False,,,True,0.0,6.85,1736.0,1736.0,2026-07-24,0.0,False,2026-07-24,2026-05-27,,0.13,0.18,0.08,11.75,14.33,26.06,27.75,37.41,56.94
2270.T,雪印メグミルク,2026-07-28,3885.0,3890.0,3840.0,True,1.3,0.67,0.62,やや少なめ(0.5〜1.0倍),91.5,15.4,5785.0,2026-07-28,0.0,40.3,True,17.88,True,True,5.42,-7.43,True,crossed,37.0,,,5.94,False,6.15,widening,True,3.0,8.52,3450.0,3580.0,2026-02-12,-3.63,False,2026-06-04,2026-03-31,3ヶ月,0.83,0.3,0.8,6.13,13.27,13.27,22.56,11.32,39.2
7458.T,第一興商,2026-07-28,1836.0,1853.0,1829.5,True,1.28,0.94,0.96,やや少なめ(0.5〜1.0倍),91.5,15.4,5785.0,2026-07-28,0.0,12.88,True,9.55,True,True,4.2,-5.74,True,crossed,12.0,,,1.37,False,3.18,widening,True,2.0,3.61,1750.0,1772.0,2026-04-07,-1.24,False,2026-07-09,2026-05-13,,0.52,0.05,0.11,7.83,9.54,12.1,12.09,7.87,14.07
4928.T,ノエビアホールディングス,2026-07-28,4855.0,4865.0,4805.0,True,1.25,1.57,1.19,やや多め(1.5〜2.0倍),89.0,19.5,3042.0,2026-07-28,0.0,8.86,True,7.81,False,True,4.16,-4.14,False,crossed,8.0,,,-0.33,False,4.85,widening,True,7.0,2.1,4580.0,4755.0,2026-01-23,-3.68,False,2026-07-15,2026-03-17,,0.4,0.27,0.15,5.1,11.88,12.07,10.47,2.97,8.37
8163.T,ＳＲＳホールディングス,2026-07-28,1350.0,1375.0,1359.0,True,1.18,0.83,1.28,やや少なめ(0.5〜1.0倍),91.5,15.4,5785.0,2026-07-28,0.0,9.05,True,10.65,True,True,4.88,-6.37,True,crossed,12.0,,,1.11,False,5.15,widening,True,7.0,4.33,1263.0,1294.0,2026-03-27,-2.4,False,2026-07-09,2026-04-16,,0.61,0.03,0.05,7.31,12.75,13.75,15.48,8.52,9.76
2914.T,日本たばこ産業,2026-07-28,6642.0,6652.0,6575.0,True,1.17,0.73,0.93,やや少なめ(0.5〜1.0倍),91.5,15.4,5785.0,2026-07-28,0.0,55.48,True,14.23,True,True,5.46,-3.87,True,,,,,,,,,,,,,,,,,,,1年,0.22,0.45,0.8,8.2,8.2,8.2,13.95,16.92,54.21
9081.T,神奈川中央交通,2026-07-28,3995.0,3995.0,3950.0,True,1.14,2.16,1.1,多い(2.0〜3.0倍),85.4,22.4,2508.0,2026-07-28,0.0,14.31,True,11.5,False,True,5.74,-7.34,False,crossed,19.0,,,2.82,False,9.92,widening,True,15.0,3.77,3545.0,3850.0,2026-01-16,-7.92,False,2026-06-30,2026-03-02,3ヶ月,0.87,0.02,0.13,5.44,15.17,17.03,17.5,5.41,14.31
2433.T,博報堂ＤＹホールディングス,2026-07-28,1315.0,1322.5,1308.5,True,1.07,0.66,0.96,やや少なめ(0.5〜1.0倍),91.5,15.4,5785.0,2026-07-28,0.0,14.5,True,15.74,True,True,6.66,-12.3,False,crossed,44.0,,,-1.69,False,5.72,widening,True,30.0,7.74,1152.5,1220.5,2026-01-13,-5.57,False,2026-05-26,2026-02-20,,0.57,0.13,0.1,9.81,18.98,21.21,25.24,11.44,15.6
7981.T,タカラスタンダード,2026-07-28,3255.0,3300.0,3265.0,True,1.07,1.07,0.99,平常(1.0〜1.5倍),90.9,17.6,6454.0,2026-07-28,0.0,29.68,True,13.64,True,True,5.63,-9.87,False,crossed,43.0,,,-0.34,False,2.17,narrowing,True,42.0,1.4,2952.0,3210.0,2026-05-07,-8.04,False,2026-05-27,2026-03-23,,0.44,0.12,0.61,9.78,14.3,14.3,22.92,6.72,28.66
8309.T,三井住友トラストグループ,2026-07-28,6784.0,6995.0,6922.0,True,1.05,0.96,0.8,やや少なめ(0.5〜1.0倍),91.5,15.4,5785.0,2026-07-28,0.0,75.71,True,30.64,True,True,5.96,-10.6,False,crossed,60.0,,,3.61,True,15.26,widening,True,24.0,17.57,5316.0,5770.0,2026-02-12,-7.87,False,2026-04-28,2026-04-03,3ヶ月,0.92,0.67,0.91,5.21,16.08,16.08,32.5,36.42,76.25
3561.T,力の源ホールディングス,2026-07-28,1682.0,1688.0,1671.0,True,1.02,1.35,1.14,平常(1.0〜1.5倍),90.9,17.6,6454.0,2026-07-28,0.0,22.15,True,15.27,True,True,4.21,-4.61,True,crossed,24.0,,,2.13,True,8.1,widening,True,4.0,7.82,1503.0,1560.0,2026-03-18,-3.65,False,2026-06-23,2026-04-24,3ヶ月,0.76,0.25,0.17,3.76,8.08,16.32,14.97,16.72,23.22
2004.T,昭和産業,2026-07-28,3575.0,3590.0,3555.0,True,0.98,0.9,0.94,やや少なめ(0.5〜1.0倍),91.5,15.4,5785.0,2026-07-28,0.0,23.83,True,12.7,True,True,4.98,-5.98,True,crossed,27.0,,,2.13,True,4.25,widening,True,13.0,3.47,3290.0,3455.0,2026-02-24,-4.78,False,2026-06-18,2026-04-21,3ヶ月,0.91,0.07,0.51,5.0,12.88,12.88,16.45,11.02,23.45
2001.T,ニップン,2026-07-28,2900.0,2906.0,2880.0,True,0.9,0.56,0.92,やや少なめ(0.5〜1.0倍),91.5,15.4,5785.0,2026-07-28,0.0,37.25,True,12.37,True,True,5.49,-5.52,True,crossed,16.0,,,1.59,False,2.51,widening,True,15.0,1.08,2766.0,2869.0,2026-02-24,-3.59,False,2026-07-03,2026-05-01,1年,0.55,0.02,0.79,10.49,11.33,11.33,9.52,11.54,37.05
8725.T,ＭＳ＆ＡＤインシュアランスグループホールディングス,2026-07-28,5019.0,5073.0,5029.0,True,0.87,0.65,1.05,やや少なめ(0.5〜1.0倍),91.5,15.4,5785.0,2026-07-28,0.0,60.71,True,26.22,True,True,7.52,-7.86,False,crossed,49.0,,,-6.68,True,1.88,narrowing,True,0.0,11.46,4503.0,4503.0,2026-05-19,0.0,False,2026-05-19,2026-04-30,,0.57,0.54,0.84,9.27,11.11,13.47,27.19,26.9,61.02
7272.T,ヤマハ発動機,2026-07-28,1332.0,1340.0,1328.5,True,0.87,0.86,0.9,やや少なめ(0.5〜1.0倍),91.5,15.4,5785.0,2026-07-28,0.0,23.39,True,13.29,True,True,7.21,-9.45,False,crossed,50.0,,,-4.75,True,-5.22,narrowing,True,49.0,0.49,1273.5,1325.5,2026-05-15,-3.92,False,2026-05-18,2026-03-23,,0.46,0.39,0.5,10.11,14.37,18.1,22.09,8.91,23.11
8079.T,正栄食品工業,2026-07-28,4545.0,4545.0,4510.0,True,0.78,0.57,0.71,やや少なめ(0.5〜1.0倍),91.5,15.4,5785.0,2026-07-28,0.0,10.85,True,10.49,True,True,4.26,-5.97,True,crossed,14.0,,,4.48,True,8.01,widening,True,13.0,2.48,4130.0,4435.0,2026-06-15,-6.88,False,2026-07-07,2026-05-18,,0.56,0.08,0.0,8.46,10.77,10.77,9.52,10.99,10.32
7581.T,サイゼリヤ,2026-07-28,7830.0,7840.0,7780.0,True,0.77,0.81,2.6,やや少なめ(0.5〜1.0倍),91.5,15.4,5785.0,2026-07-28,0.0,51.74,True,35.4,True,True,16.38,-20.13,False,crossed,7.0,,,9.59,False,14.46,widening,True,1.0,9.51,6780.0,7150.0,2026-02-25,-5.17,False,2026-07-16,2026-04-16,,0.56,0.17,0.13,6.32,29.51,29.51,53.53,25.08,61.61
2154.T,オープンアップグループ,2026-07-28,2044.0,2055.0,2040.0,True,0.74,0.69,0.61,やや少なめ(0.5〜1.0倍),91.5,15.4,5785.0,2026-07-28,0.0,18.63,True,11.68,True,True,4.22,-7.0,True,crossed,39.0,,,0.96,False,2.22,widening,True,25.0,4.98,1872.0,1947.0,2026-02-09,-3.85,False,2026-06-02,2026-03-17,3ヶ月,0.83,0.17,0.2,3.75,11.45,14.87,18.36,6.51,19.95
5971.T,共和工業所,2026-07-28,8260.0,8260.0,8200.0,True,0.73,0.77,0.54,やや少なめ(0.5〜1.0倍),91.5,15.4,5785.0,2026-07-28,0.0,51.56,True,11.96,True,True,8.77,-8.43,False,crossed,16.0,,,-1.59,True,-1.48,narrowing,True,8.0,0.73,8190.0,8200.0,2026-06-30,-0.12,False,2026-07-03,2026-05-20,,0.5,0.13,0.69,12.52,14.16,14.16,5.76,16.01,50.73
8410.T,セブン銀行,2026-07-28,322.3,323.2,320.9,True,0.72,0.81,1.05,やや少なめ(0.5〜1.0倍),91.5,15.4,5785.0,2026-07-28,0.0,19.68,True,12.55,True,True,6.23,-11.03,False,crossed,30.0,,,-3.31,False,7.15,widening,True,25.0,3.63,287.3999938964844,311.0,2026-01-15,-7.59,False,2026-06-15,2026-03-05,3ヶ月,0.81,0.0,0.0,4.45,14.84,15.47,21.94,8.77,20.53
7951.T,ヤマハ,2026-07-28,1244.0,1265.0,1256.0,True,0.72,0.74,0.88,やや少なめ(0.5〜1.0倍),91.5,15.4,5785.0,2026-07-28,0.0,21.84,True,11.28,True,True,6.37,-10.11,False,crossed,9.0,,,1.62,True,2.11,widening,True,3.0,1.72,1203.0,1223.0,2026-02-10,-1.64,False,2026-07-14,2026-05-20,,0.59,0.0,0.62,7.63,13.33,13.33,11.32,7.29,23.05
9449.T,ＧＭＯインターネットグループ,2026-07-28,4088.0,4168.0,4140.0,True,0.68,1.24,1.01,平常(1.0〜1.5倍),90.9,17.6,6454.0,2026-07-28,0.0,12.9,True,18.61,True,True,11.55,-22.18,False,crossed,49.0,,,1.94,False,12.52,widening,True,48.0,-0.29,3348.0,4100.0,2026-01-15,-18.34,False,2026-05-19,2026-02-18,,0.64,0.11,0.18,12.74,31.9,32.73,29.65,3.31,14.35
5444.T,大和工業,2026-07-28,13400.0,13485.0,13395.0,True,0.67,1.25,0.89,平常(1.0〜1.5倍),90.9,17.6,6454.0,2026-07-28,0.0,47.56,True,17.48,True,True,7.46,-7.65,False,crossed,15.0,,,0.16,False,4.12,widening,True,12.0,3.04,12605.0,13005.0,2026-02-27,-3.08,False,2026-07-06,2026-05-01,,0.55,0.03,0.8,6.48,12.84,12.84,11.25,14.24,46.85
9605.T,東映,2026-07-28,6020.0,6090.0,6050.0,True,0.66,2.64,0.84,多い(2.0〜3.0倍),85.4,22.4,2508.0,2026-07-28,0.0,16.67,True,6.24,True,True,4.49,-5.54,True,imminent,,-0.02,,,True,,,,,,,,,,,,2026-06-16,,0.01,0.12,0.59,10.05,12.48,13.51,4.88,7.5,18.04
6080.T,Ｍ＆Ａキャピタルパートナーズ,2026-07-28,3740.0,3835.0,3810.0,True,0.66,1.27,0.89,平常(1.0〜1.5倍),90.9,17.6,6454.0,2026-07-28,0.0,26.27,True,11.47,True,True,11.07,-22.09,False,crossed,47.0,,,-2.7,True,-2.72,widening,True,46.0,0.0,3515.0,3740.0,2026-02-27,-6.02,False,2026-05-21,2026-03-31,,0.68,0.21,0.57,8.19,22.09,22.09,17.98,11.31,28.83
8714.T,池田泉州ホールディングス,2026-07-28,1063.0,1095.0,1088.0,True,0.64,3.07,0.91,急増(3.0倍以上),72.9,37.0,3657.0,2026-07-28,0.0,67.14,True,23.75,True,True,6.51,-6.93,True,,,,,,,,,,,,,,,,,,,3ヶ月,0.74,0.65,0.91,7.01,18.7,18.7,18.37,24.62,67.4
2674.T,ハードオフコーポレーション,2026-07-28,2891.0,2929.0,2911.0,True,0.62,1.5,0.99,やや多め(1.5〜2.0倍),89.0,19.5,3042.0,2026-07-28,0.0,69.06,True,35.63,True,True,6.44,-7.0,True,crossed,55.0,,,15.36,True,28.58,widening,True,1.0,35.73,2070.0,2130.0,2026-02-19,-2.82,False,2026-05-11,2026-03-31,3ヶ月・6ヶ月・1年,0.82,0.78,0.84,8.03,8.73,8.73,43.97,38.79,71.07
2501.T,サッポロホールディングス,2026-07-28,2114.0,2125.5,2112.5,True,0.62,0.77,1.1,やや少なめ(0.5〜1.0倍),91.5,15.4,5785.0,2026-07-28,0.0,51.09,True,25.04,True,True,9.28,-9.49,False,crossed,20.0,,,-7.13,True,0.66,narrowing,True,7.0,2.32,2041.0,2066.0,2026-06-26,-1.21,False,2026-06-29,2026-05-27,,0.59,0.28,0.74,15.82,19.93,19.93,23.7,26.44,53.32
5108.T,ブリヂストン,2026-07-28,3861.0,3882.0,3859.0,True,0.6,0.72,0.95,やや少なめ(0.5〜1.0倍),91.5,15.4,5785.0,2026-07-28,0.0,27.87,True,10.75,True,True,7.38,-13.94,False,crossed,29.0,,,-2.42,False,6.21,widening,True,28.0,1.15,3478.0,3817.0,2026-02-13,-8.88,False,2026-06-16,2026-03-18,3ヶ月,0.8,0.0,0.12,4.24,15.35,15.35,17.53,8.85,28.83
3091.T,ブロンコビリー,2026-07-28,2667.0,2726.0,2710.0,True,0.59,1.29,1.38,平常(1.0〜1.5倍),90.9,17.6,6454.0,2026-07-28,0.0,51.75,True,29.25,True,True,7.85,-6.88,False,crossed,22.0,,,-6.21,True,10.85,widening,True,0.0,14.22,2335.0,2335.0,2026-06-25,0.0,False,2026-06-25,2026-05-27,3ヶ月,0.72,0.54,0.65,6.9,11.23,11.23,29.62,36.07,53.06
3974.T,ＳＣＡＴ,2026-07-28,667.0,684.0,680.0,True,0.59,3.26,1.38,急増(3.0倍以上),72.9,37.0,3657.0,2026-07-28,0.0,40.72,True,17.73,True,True,9.95,-14.41,False,crossed,3.0,,,,False,,,True,2.0,6.04,604.0,629.0,2026-04-07,-3.97,False,2026-07-23,2026-05-18,,0.1,0.02,0.21,11.17,17.81,23.35,14.8,16.4,41.01
2810.T,ハウス食品グループ本社,2026-07-28,4011.0,4031.0,4008.0,True,0.57,0.51,0.9,やや少なめ(0.5〜1.0倍),91.5,15.4,5785.0,2026-07-28,0.0,41.16,True,27.14,True,True,4.8,-1.62,True,,,,,,,,,,,,,,,,,,,3ヶ月・6ヶ月,0.88,0.8,0.7,5.4,5.4,5.54,33.34,31.42,39.8
7823.T,アートネイチャー,2026-07-28,887.0,893.0,888.0,True,0.56,1.06,0.74,平常(1.0〜1.5倍),90.9,17.6,6454.0,2026-07-28,0.0,16.1,True,7.89,True,True,2.61,-2.53,True,crossed,32.0,,,3.34,True,0.35,narrowing,True,1.0,2.19,839.0,868.0,2026-06-09,-3.34,False,2026-06-11,2026-04-30,3ヶ月,0.79,0.34,0.32,3.91,4.87,5.19,9.51,7.91,15.65
9831.T,ヤマダホールディングス,2026-07-28,740.9,741.0,737.0,True,0.54,0.52,0.99,やや少なめ(0.5〜1.0倍),91.5,15.4,5785.0,2026-07-28,0.0,61.07,True,34.31,True,True,7.63,-9.73,False,crossed,46.0,,,2.97,True,13.26,widening,True,0.0,22.16,606.5,606.5,2026-05-22,0.0,False,2026-05-22,2026-04-13,3ヶ月・1年,0.81,0.67,0.83,7.41,10.71,10.71,41.69,37.28,62.02
2492.T,インフォマート,2026-07-28,550.0,571.0,568.0,True,0.53,0.86,1.28,やや少なめ(0.5〜1.0倍),91.5,15.4,5785.0,2026-07-28,0.0,34.8,True,37.07,True,True,16.3,-10.98,False,crossed,7.0,,,9.0,True,14.04,widening,True,2.0,10.66,478.0,497.0,2026-07-09,-3.82,False,2026-07-16,2026-05-27,,0.32,0.03,0.2,20.09,27.31,29.82,24.43,20.09,36.14
9735.T,セコム,2026-07-28,6944.0,6944.0,6908.0,True,0.52,0.75,0.94,やや少なめ(0.5〜1.0倍),91.5,15.4,5785.0,2026-07-28,0.0,32.04,True,17.81,True,True,4.62,-4.9,True,crossed,43.0,,,-2.22,True,-2.69,narrowing,True,0.0,5.4,6588.0,6588.0,2026-05-27,0.0,False,2026-05-27,2026-05-11,3ヶ月,0.71,0.64,0.71,4.23,9.85,12.4,22.47,19.72,33.08
9278.T,ブックオフグループホールディングス,2026-07-28,2659.0,2755.0,2741.0,True,0.51,0.74,4.21,やや少なめ(0.5〜1.0倍),91.5,15.4,5785.0,2026-07-28,0.0,83.0,True,51.28,True,True,13.23,-12.02,False,crossed,9.0,,,15.28,True,19.24,widening,True,1.0,18.34,2206.0,2247.0,2026-04-16,-1.82,False,2026-07-14,2026-06-26,,0.31,0.6,0.73,11.91,20.0,20.0,32.29,62.23,84.78
8399.T,琉球銀行,2026-07-28,2991.0,3075.0,3060.0,True,0.49,0.89,0.95,やや少なめ(0.5〜1.0倍),91.5,15.4,5785.0,2026-07-28,0.0,145.57,True,36.8,True,True,8.72,-9.78,False,,,,,,,,,,,,,,,,,,,,0.58,0.7,0.94,6.44,15.32,15.32,21.83,36.39,146.38
1992.T,神田通信機,2026-07-28,3060.0,3070.0,3055.0,True,0.49,1.82,1.14,やや多め(1.5〜2.0倍),89.0,19.5,3042.0,2026-07-28,0.0,12.01,True,9.64,True,True,3.44,-5.26,True,crossed,22.0,,,0.71,True,-0.61,narrowing,True,21.0,0.99,2978.0,3030.0,2026-03-26,-1.72,False,2026-06-25,2026-05-01,3ヶ月,0.76,0.18,0.21,2.97,9.41,9.41,10.83,12.54,12.01
9048.T,名古屋鉄道,2026-07-28,1936.5,1959.5,1950.0,True,0.49,0.79,0.95,やや少なめ(0.5〜1.0倍),91.5,15.4,5785.0,2026-07-28,0.0,16.66,True,10.34,True,True,3.95,-6.4,True,,,,,,,,,,,,,,,,,,,,0.49,0.45,0.54,6.73,7.81,13.74,10.28,11.29,17.9
2892.T,日本食品化工,2026-07-28,4495.0,4620.0,4600.0,True,0.43,0.6,0.75,やや少なめ(0.5〜1.0倍),91.5,15.4,5785.0,2026-07-28,0.0,36.63,True,15.84,True,True,5.3,-6.28,True,crossed,53.0,,,-2.01,True,2.23,narrowing,True,38.0,6.52,3985.0,4220.0,2026-01-21,-5.57,False,2026-05-13,2026-03-13,3ヶ月,0.74,0.41,0.65,3.78,13.88,13.98,15.55,6.64,37.25
8142.T,トーホー,2026-07-28,1410.0,1418.0,1412.0,True,0.42,1.55,1.62,やや多め(1.5〜2.0倍),89.0,19.5,3042.0,2026-07-28,0.0,33.86,True,10.31,True,True,5.04,-4.68,True,crossed,5.0,,,1.95,True,1.2,,True,5.0,0.0,1383.0,1410.0,2026-04-28,-1.91,False,2026-07-21,2026-06-08,1年,0.01,0.17,0.74,9.08,9.08,9.53,3.75,8.05,33.23
4746.T,東計電算,2026-07-28,4965.0,5010.0,4990.0,True,0.4,0.73,0.75,やや少なめ(0.5〜1.0倍),91.5,15.4,5785.0,2026-07-28,0.0,27.14,True,16.7,True,True,5.41,-5.19,True,crossed,14.0,,,5.48,True,6.84,widening,True,1.0,7.82,4560.0,4605.0,2026-04-08,-0.98,False,2026-07-07,2026-05-21,,0.65,0.2,0.51,8.63,12.6,12.6,12.71,12.71,27.63
2108.T,日本甜菜製糖,2026-07-28,5080.0,5150.0,5130.0,True,0.39,0.93,1.17,やや少なめ(0.5〜1.0倍),91.5,15.4,5785.0,2026-07-28,0.0,116.45,True,27.05,True,True,7.63,-9.29,False,crossed,35.0,,,3.63,True,9.37,widening,True,1.0,12.39,4405.0,4520.0,2026-02-27,-2.54,False,2026-06-08,2026-04-16,3ヶ月,0.87,0.43,0.89,6.65,13.72,13.72,27.0,24.97,115.99
4324.T,電通グループ,2026-07-28,3552.0,3613.0,3599.0,True,0.39,1.11,0.93,平常(1.0〜1.5倍),90.9,17.6,6454.0,2026-07-28,0.0,20.84,True,14.05,True,True,9.19,-9.97,False,crossed,59.0,,,3.35,False,6.86,widening,True,58.0,0.28,2986.0,3542.0,2026-01-13,-15.7,False,2026-04-30,2026-01-28,,0.63,0.53,0.0,6.65,14.56,24.61,18.24,15.85,25.29
2590.T,ダイドーグループホールディングス,2026-07-28,3020.0,3035.0,3025.0,True,0.33,0.56,1.55,やや少なめ(0.5〜1.0倍),91.5,15.4,5785.0,2026-07-28,0.0,13.96,True,16.74,True,True,5.63,-7.74,True,crossed,12.0,,,4.65,True,7.21,widening,True,3.0,3.71,2772.0,2912.0,2026-03-10,-4.81,False,2026-07-09,2026-05-18,,0.64,0.21,0.08,8.31,14.39,14.39,18.2,19.84,13.96
8630.T,ＳＯＭＰＯホールディングス,2026-07-28,7240.0,7291.0,7268.0,True,0.32,0.53,0.99,やや少なめ(0.5〜1.0倍),91.5,15.4,5785.0,2026-07-28,0.0,69.52,True,28.06,True,True,7.06,-3.83,False,crossed,33.0,,,0.78,True,12.23,widening,True,8.0,12.51,6146.0,6435.0,2026-05-19,-4.49,False,2026-06-10,2026-05-25,,0.76,0.55,0.89,13.47,13.47,13.47,24.04,31.33,68.37
8551.T,北日本銀行,2026-07-28,6860.0,7060.0,7040.0,True,0.28,1.13,2.24,平常(1.0〜1.5倍),90.9,17.6,6454.0,2026-07-28,0.0,120.58,True,42.93,True,True,10.96,-15.28,False,crossed,51.0,,,4.96,True,20.85,narrowing,True,5.0,26.34,5240.0,5430.0,2026-02-12,-3.5,False,2026-05-15,2026-04-02,3ヶ月,0.74,0.51,0.89,5.64,18.6,18.6,47.21,37.75,115.72
9007.T,小田急電鉄,2026-07-28,1808.5,1815.0,1810.0,True,0.28,1.01,0.96,平常(1.0〜1.5倍),90.9,17.6,6454.0,2026-07-28,0.0,9.11,True,7.8,False,True,5.56,-8.23,False,crossed,20.0,,,0.21,True,3.87,widening,True,20.0,0.25,1693.5,1804.0,2026-03-02,-6.13,False,2026-06-29,2026-06-25,,0.52,0.0,0.0,8.29,14.3,14.3,13.92,6.01,10.68
7083.T,ＡＨＣグループ,2026-07-28,1030.0,1103.0,1100.0,True,0.27,4.38,0.38,急増(3.0倍以上),72.9,37.0,3657.0,2026-07-28,0.0,4.25,True,22.63,True,True,10.27,-10.79,False,crossed,30.0,,,8.14,False,9.84,narrowing,True,2.0,14.06,897.0,903.0,2026-01-16,-0.66,False,2026-06-15,2026-02-10,3ヶ月,0.88,0.23,0.09,5.85,17.72,27.89,45.28,22.62,7.18
4665.T,ダスキン,2026-07-28,4589.0,4593.0,4583.0,True,0.22,0.69,0.81,やや少なめ(0.5〜1.0倍),91.5,15.4,5785.0,2026-07-28,0.0,14.41,True,10.34,True,True,4.81,-6.2,True,crossed,26.0,,,3.07,False,5.88,widening,True,11.0,3.82,4168.0,4420.0,2026-01-23,-5.7,False,2026-06-19,2026-03-19,3ヶ月,0.84,0.01,0.39,7.1,12.74,12.74,16.47,4.3,15.13
7846.T,パイロットコーポレーション,2026-07-28,1814.5,1828.0,1825.0,True,0.16,0.55,0.86,やや少なめ(0.5〜1.0倍),91.5,15.4,5785.0,2026-07-28,0.0,30.51,True,12.26,True,True,3.52,-3.98,True,crossed,42.0,,,-1.46,True,3.84,widening,True,20.0,6.76,1625.3333740234375,1699.7,2026-02-09,-4.37,False,2026-05-28,2026-05-19,3ヶ月,0.83,0.34,0.55,6.85,12.22,12.22,13.48,10.8,30.16
8591.T,オリックス,2026-07-28,6404.0,6680.0,6673.0,True,0.1,1.09,0.79,平常(1.0〜1.5倍),90.9,17.6,6454.0,2026-07-28,0.0,92.25,True,27.18,True,True,10.25,-16.89,False,crossed,55.0,,,4.79,True,5.06,narrowing,True,1.0,13.99,5514.0,5618.0,2026-02-12,-1.85,False,2026-05-11,2026-04-06,,0.62,0.7,0.92,5.92,18.8,18.8,32.15,35.76,93.47
3151.T,バイタルケーエスケー・ホールディングス,2026-07-28,1670.0,1684.0,1683.0,True,0.06,0.83,0.9,やや少なめ(0.5〜1.0倍),91.5,15.4,5785.0,2026-07-28,0.0,35.22,True,17.02,True,True,7.12,-7.68,False,,,,,,,,,,,,,,,,,,,1年,0.58,0.64,0.85,8.41,9.47,9.47,17.61,15.41,34.57
7327.T,第四北越フィナンシャルグループ,2026-07-28,2329.0,2409.0,2408.0,True,0.04,0.76,0.93,やや少なめ(0.5〜1.0倍),91.5,15.4,5785.0,2026-07-28,0.0,98.78,True,25.02,True,True,5.62,-8.43,False,,,,,,,,,,,,,,,,,,,3ヶ月,0.79,0.66,0.95,8.13,12.4,12.4,26.51,28.89,98.21
5660.T,神鋼鋼線工業,2026-07-28,1878.0,1908.0,1908.0,True,0.0,1.54,1.29,やや多め(1.5〜2.0倍),89.0,19.5,3042.0,2026-07-28,0.0,39.11,True,23.77,True,False,7.47,-5.84,False,,,,,,,,,,,,,,,,,,,6ヶ月,0.26,0.74,0.69,8.15,8.15,11.19,24.45,27.93,38.7
3708.T,特種東海製紙,2026-07-28,2136.0,2188.0,2188.0,True,0.0,0.89,1.14,やや少なめ(0.5〜1.0倍),91.5,15.4,5785.0,2026-07-28,0.0,64.1,True,28.57,True,True,6.2,-5.32,True,crossed,44.0,,,-2.22,True,13.12,narrowing,True,0.0,21.5,1758.0,1758.0,2026-05-26,0.0,False,2026-05-26,2026-04-01,3ヶ月・1年,0.93,0.58,0.8,5.59,8.65,11.43,36.49,26.54,63.26
7860.T,エイベックス,2026-07-28,1315.0,1320.0,1320.0,True,0.0,0.96,1.29,やや少なめ(0.5〜1.0倍),91.5,15.4,5785.0,2026-07-28,0.0,5.62,True,8.81,False,True,3.97,-5.68,False,crossed,13.0,,,0.4,False,2.65,widening,True,0.0,4.53,1258.0,1258.0,2026-07-08,0.0,False,2026-07-08,2026-03-27,,0.61,0.13,0.26,3.47,5.28,11.66,11.72,8.23,6.31
9882.T,イエローハット,2026-07-28,1845.0,1857.0,1857.0,True,0.0,0.97,0.92,やや少なめ(0.5〜1.0倍),91.5,15.4,5785.0,2026-07-28,0.0,18.88,True,12.04,True,True,6.33,-12.17,False,crossed,35.0,,,3.46,False,4.27,widening,True,9.0,4.89,1674.0,1759.0,2026-02-27,-4.83,False,2026-06-08,2026-03-26,3ヶ月,0.9,0.2,0.13,3.35,14.89,16.67,21.38,8.66,17.59
7442.T,中山福,2026-07-28,495.0,496.0,496.0,True,0.0,0.66,0.39,やや少なめ(0.5〜1.0倍),91.5,15.4,5785.0,2026-07-28,0.0,22.52,True,9.63,True,True,4.21,-5.95,True,crossed,25.0,,,-1.05,False,0.4,narrowing,True,22.0,0.81,474.0,491.0,2026-03-27,-3.46,False,2026-06-22,2026-04-07,3ヶ月,0.84,0.02,0.61,4.14,10.59,10.59,10.49,2.48,22.52
7462.T,ＣＡＰＩＴＡ,2026-07-28,410.0,425.0,425.0,True,0.0,0.57,1.88,やや少なめ(0.5〜1.0倍),91.5,15.4,5785.0,2026-07-28,0.0,92.49,True,40.81,True,True,9.13,-12.97,False,crossed,47.0,,,1.14,True,24.21,narrowing,True,14.0,29.13,307.5,317.5,2026-04-24,-3.15,False,2026-05-21,2026-04-07,,0.78,0.43,0.82,13.23,17.22,18.18,29.13,36.67,92.49
3950.T,ザ・パック,2026-07-28,1456.0,1474.0,1474.0,True,0.0,0.43,0.56,小(0.5倍未満),92.0,13.9,474.0,2026-07-28,0.0,28.17,True,11.77,True,True,3.5,-1.72,True,crossed,13.0,,,6.09,True,7.51,narrowing,True,5.0,4.75,1331.0,1390.0,2026-06-26,-4.24,False,2026-07-08,2026-05-26,1年,0.37,0.16,0.79,9.6,11.18,11.18,12.78,10.89,29.77
2666.T,オートウェーブ,2026-07-28,190.0,192.0,192.0,True,0.0,0.49,1.72,小(0.5倍未満),92.0,13.9,474.0,2026-07-28,0.0,26.67,True,15.86,True,True,6.99,-12.99,False,crossed,17.0,,,4.17,False,10.61,widening,True,13.0,3.83,168.0,183.0,2026-02-12,-8.2,False,2026-07-02,2026-03-30,,0.47,0.0,0.25,8.88,18.58,18.58,13.77,9.83,29.25
3107.T,ダイワボウホールディングス,2026-07-28,3584.0,3622.0,3622.0,True,0.0,0.63,0.9,やや少なめ(0.5〜1.0倍),91.5,15.4,5785.0,2026-07-28,0.0,33.98,True,14.05,True,True,5.3,-6.06,True,crossed,66.0,,,1.06,True,1.07,narrowing,True,9.0,10.79,3126.0,3235.0,2026-04-08,-3.37,False,2026-04-20,2026-03-18,,0.17,0.69,0.59,7.41,10.02,15.04,14.36,15.46,33.96
9619.T,イチネンホールディングス,2026-07-28,2373.0,2410.0,2410.0,True,0.0,0.63,1.02,やや少なめ(0.5〜1.0倍),91.5,15.4,5785.0,2026-07-28,0.0,43.91,True,11.69,True,True,4.08,-3.39,True,crossed,32.0,,,2.36,True,4.59,narrowing,True,20.0,6.27,2158.0,2233.0,2026-02-12,-3.36,False,2026-06-11,2026-06-02,3ヶ月・1年,0.74,0.42,0.73,3.57,8.28,8.28,10.37,12.2,43.99
8346.T,東邦銀行,2026-07-28,900.0,938.0,938.0,True,0.0,1.07,1.07,平常(1.0〜1.5倍),90.9,17.6,6454.0,2026-07-28,0.0,157.88,True,40.88,True,True,8.89,-11.14,False,,,,,,,,,,,,,,,,,,,3ヶ月,0.84,0.7,0.96,6.55,18.48,18.48,38.46,49.5,155.68
2371.T,カカクコム,2026-07-28,3669.0,3690.0,3690.0,True,0.0,0.25,0.62,小(0.5倍未満),92.0,13.9,474.0,2026-07-28,0.0,42.1,True,42.92,True,True,15.36,-18.41,False,crossed,70.0,,,0.0,False,60.23,narrowing,True,7.0,56.9,2101.0,2338.5,2026-01-09,-10.16,False,2026-04-14,2025-09-30,,0.58,0.82,0.06,6.32,30.02,46.63,33.42,63.58,42.76
8439.T,東京センチュリー,2026-07-28,2678.0,2705.5,2707.5,False,-0.07,0.6,1.02,,,,,2026-07-27,1.0,53.64,True,23.93,True,True,6.03,-11.74,False,crossed,52.0,,,1.12,True,1.15,narrowing,True,24.0,8.86,2402.5,2460.0,2026-05-12,-2.34,False,2026-05-14,2026-04-01,3ヶ月,0.85,0.64,0.87,7.3,14.17,14.17,27.65,23.75,50.87
3480.T,ジェイ・エス・ビー,2026-07-28,9020.0,9120.0,9130.0,False,-0.11,0.2,0.22,,,,,2026-07-22,4.0,131.88,True,82.03,True,True,17.49,-11.53,False,crossed,89.0,,,36.09,False,149.07,narrowing,True,4.0,156.98,3380.0,3510.0,2026-03-05,-3.7,False,2026-03-17,2025-11-05,3ヶ月・6ヶ月,0.87,0.95,0.51,5.5,5.84,22.89,78.26,174.58,133.98
3946.T,トーモク,2026-07-28,4525.0,4560.0,4565.0,False,-0.11,0.81,2.77,,,,,2026-07-27,1.0,47.39,True,26.03,True,True,7.12,-8.78,False,crossed,54.0,,,-4.01,True,2.58,widening,True,0.0,13.41,3990.0,3990.0,2026-05-12,0.0,False,2026-05-12,2026-03-27,,0.55,0.6,0.65,8.22,10.0,10.0,29.47,24.14,48.12
8037.T,カメイ,2026-07-28,3785.0,3785.0,3790.0,False,-0.13,1.07,1.18,,,,,2026-07-27,1.0,50.32,True,17.42,True,True,6.21,-5.55,True,,,,,,,,,,,,,,,,,,,1年,0.65,0.64,0.87,5.81,10.56,11.66,18.84,16.46,47.62
8766.T,東京海上ホールディングス,2026-07-28,8242.0,8278.0,8290.0,False,-0.14,0.66,0.83,,,,,2026-07-27,1.0,42.3,True,25.82,True,True,7.4,-7.77,False,,,,,,,,,,,,,,,,,,,,0.29,0.7,0.48,13.83,13.83,19.45,14.86,41.83,40.0
2798.T,ワイズテーブルコーポレーション,2026-07-28,3035.0,3035.0,3040.0,False,-0.16,1.27,1.29,,,,,2026-07-17,6.0,3.02,True,2.47,True,True,1.34,-2.45,True,crossed,55.0,,,-0.2,True,-9.81,widening,True,48.0,0.33,2997.0,3025.0,2026-02-18,-0.93,False,2026-05-11,2026-03-17,,0.48,0.14,0.32,0.67,4.13,4.38,2.02,1.0,2.15
8617.T,光世証券,2026-07-28,570.0,602.0,603.0,False,-0.17,15.0,1.67,,,,,2026-01-27,122.0,32.56,True,9.84,True,True,9.25,-15.86,False,crossed,16.0,,,3.85,False,2.06,narrowing,False,,-4.84,546.0,599.0,2026-02-27,-8.85,False,2026-07-03,2026-04-23,,0.38,0.0,0.54,7.68,15.86,16.38,1.79,6.74,31.34
8395.T,佐賀銀行,2026-07-28,5810.0,6000.0,6010.0,False,-0.17,1.27,1.01,,,,,2026-07-27,1.0,137.92,True,27.39,True,True,6.72,-9.85,False,,,,,,,,,,,,,,,,,,,,0.61,0.67,0.93,9.18,14.71,14.71,15.05,26.44,137.43
1795.T,マサル,2026-07-28,5490.0,5490.0,5500.0,False,-0.18,0.17,2.25,,,,,2026-07-17,6.0,34.72,True,18.04,True,True,4.36,-2.56,True,,,,,,,,,,,,,,,,,,,1年,0.52,0.56,0.74,8.18,9.55,12.0,15.09,20.39,36.06
7752.T,リコー,2026-07-28,1590.5,1631.0,1634.5,False,-0.21,0.8,1.31,,,,,2026-07-27,1.0,20.77,True,13.3,True,True,6.64,-10.65,False,crossed,39.0,,,0.07,False,0.5,narrowing,True,38.0,1.08,1480.0,1573.5,2026-02-10,-5.94,False,2026-06-02,2026-03-23,,0.57,0.21,0.43,8.45,17.57,17.57,22.63,12.88,22.02
8011.T,三陽商会,2026-07-28,4680.0,4835.0,4845.0,False,-0.21,0.92,1.45,,,,,2026-07-27,1.0,73.53,True,21.02,True,True,8.78,-10.38,False,crossed,16.0,,,-3.2,False,4.64,narrowing,True,15.0,0.54,4375.0,4655.0,2026-02-12,-6.02,False,2026-07-03,2026-03-31,,0.65,0.03,0.6,8.69,22.77,22.77,22.35,12.1,71.43
2788.T,アップルインターナショナル,2026-07-28,394.0,396.0,397.0,False,-0.25,2.94,0.99,,,,,2026-05-29,41.0,15.2,True,11.66,True,True,5.37,-4.71,True,crossed,45.0,,,-4.63,True,-7.38,widening,True,0.0,1.29,389.0,389.0,2026-05-25,0.0,False,2026-05-25,2026-04-08,,0.55,0.44,0.23,7.71,8.03,11.7,15.2,10.06,15.54
2053.T,中部飼料,2026-07-28,1962.0,1993.0,1998.0,False,-0.25,0.93,0.61,,,,,2026-02-12,111.0,18.34,True,10.24,True,True,7.38,-11.68,False,crossed,22.0,,,0.21,False,2.06,narrowing,False,,-1.26,1861.0,1987.0,2026-02-27,-6.34,False,2026-06-25,2026-04-06,3ヶ月,0.79,0.0,0.23,6.82,15.8,15.8,14.8,10.35,18.34
8700.T,丸八証券,2026-07-28,1996.0,2030.0,2035.0,False,-0.25,0.87,2.43,,,,,2026-07-27,1.0,25.3,True,15.38,True,True,4.71,-3.31,True,crossed,9.0,,,4.59,True,5.16,widening,True,0.0,6.45,1875.0,1875.0,2026-07-14,0.0,False,2026-07-14,2026-05-20,1年,0.42,0.08,0.7,5.52,8.45,8.45,13.22,13.09,25.22
9930.T,北沢産業,2026-07-28,384.0,384.0,385.0,False,-0.26,4.45,1.75,,,,,2024-08-21,470.0,3.23,True,7.41,True,True,3.78,-4.95,True,crossed,22.0,,,-1.93,True,2.71,widening,True,21.0,1.59,362.0,378.0,2026-05-08,-4.23,False,2026-06-25,2026-06-12,,0.09,0.15,0.22,10.32,10.32,11.49,10.66,8.17,1.86
5644.T,メタルアート,2026-07-28,7670.0,7730.0,7750.0,False,-0.26,1.01,0.6,,,,,2026-07-13,10.0,111.59,True,35.53,True,True,16.03,-11.09,False,crossed,49.0,,,0.0,True,-8.53,widening,True,0.0,1.05,7590.0,7590.0,2026-05-19,0.0,False,2026-05-19,2026-03-25,,0.48,0.61,0.86,2.71,17.28,17.28,52.49,33.86,113.06
4189.T,ＫＨネオケム,2026-07-28,3030.0,3115.0,3125.0,False,-0.32,0.67,0.56,,,,,2026-07-23,3.0,10.5,True,11.4,True,True,8.76,-12.97,False,crossed,19.0,,,-1.28,True,-0.62,narrowing,False,,-2.73,2966.0,3115.0,2026-02-27,-4.78,False,2026-06-30,2026-05-01,,0.68,0.06,0.09,5.98,16.15,19.3,12.35,17.08,11.52
8345.T,岩手銀行,2026-07-28,2297.0,2370.0,2378.0,False,-0.34,1.06,1.04,,,,,2026-07-27,1.0,182.27,True,43.76,True,True,10.22,-10.25,False,,,,,,,,,,,,,,,,,,,,0.68,0.85,0.96,8.71,13.64,13.64,26.14,50.62,181.41
8334.T,群馬銀行,2026-07-28,2577.5,2652.0,2661.0,False,-0.34,1.04,1.01,,,,,2026-07-27,1.0,102.39,True,26.96,True,True,6.95,-8.82,False,,,,,,,,,,,,,,,,,,,3ヶ月,0.82,0.67,0.94,7.65,12.93,12.93,26.97,34.45,102.39
8341.T,七十七銀行,2026-07-28,3583.0,3670.0,3683.0,False,-0.35,0.98,0.91,,,,,2026-07-27,1.0,111.1,True,24.44,True,True,5.96,-6.8,True,crossed,36.0,,,2.93,True,6.68,narrowing,True,19.0,5.41,3174.0,3399.0,2026-04-08,-6.62,False,2026-06-05,2026-05-27,3ヶ月,0.85,0.57,0.92,7.51,14.24,14.24,22.31,25.81,109.86
6545.T,インターネットインフィニティー,2026-07-28,837.0,845.0,848.0,False,-0.35,0.45,1.02,,,,,2026-07-23,3.0,27.2,True,19.3,True,True,5.83,-8.65,False,crossed,9.0,,,5.88,False,5.74,widening,True,5.0,2.07,782.0,820.0,2026-03-16,-4.63,False,2026-07-14,2026-05-15,,0.47,0.12,0.53,7.24,15.61,15.61,17.06,21.3,30.17
2410.T,キャリアデザインセンター,2026-07-28,2894.0,2928.0,2939.0,False,-0.37,0.86,0.49,,,,,2026-07-07,14.0,52.4,True,16.75,True,True,6.53,-5.57,True,crossed,53.0,,,-3.13,True,3.95,narrowing,True,13.0,12.65,2527.0,2569.0,2026-02-27,-1.63,False,2026-05-13,2026-04-10,3ヶ月・1年,0.83,0.61,0.76,3.74,7.51,11.59,18.22,14.7,51.84
9900.T,サガミホールディングス,2026-07-28,2055.0,2059.0,2067.0,False,-0.39,1.44,1.21,,,,,2026-02-12,111.0,21.81,True,14.82,False,True,9.33,-9.92,False,crossed,3.0,,,,False,,,True,3.0,1.53,1893.0,2024.0,2026-02-10,-6.47,False,2026-07-23,2026-03-17,,0.13,0.38,0.11,12.83,24.46,24.46,19.76,6.81,21.45
6306.T,日工,2026-07-28,979.0,984.0,988.0,False,-0.4,0.97,1.05,,,,,2026-07-27,1.0,34.48,True,19.12,True,True,5.77,-11.06,False,crossed,41.0,,,1.29,True,6.99,narrowing,True,14.0,10.62,855.0,885.0,2026-02-12,-3.39,False,2026-05-29,2026-03-31,3ヶ月,0.93,0.43,0.58,3.0,12.77,12.77,22.53,19.68,33.93
7291.T,日本プラスト,2026-07-28,484.0,491.0,493.0,False,-0.41,0.58,1.16,,,,,2026-05-11,55.0,36.34,True,10.77,True,True,7.86,-13.0,False,crossed,48.0,,,1.31,True,-3.68,widening,True,45.0,0.21,458.0,483.0,2026-05-12,-5.18,False,2026-05-20,2026-04-01,,0.16,0.1,0.53,8.9,13.84,13.84,16.91,4.54,36.34
9301.T,三菱倉庫,2026-07-28,1636.5,1644.5,1651.5,False,-0.42,0.55,0.64,,,,,2026-07-27,1.0,39.75,True,22.37,True,True,6.22,-7.82,True,,,,,,,,,,,,,,,,,,,3ヶ月・6ヶ月,0.74,0.79,0.73,6.59,9.54,16.78,17.69,21.49,39.4
6737.T,ＥＩＺＯ,2026-07-28,2752.0,2831.0,2843.0,False,-0.42,0.45,1.04,,,,,2026-07-27,1.0,27.88,True,20.21,True,True,9.72,-10.77,False,crossed,48.0,,,7.78,False,4.51,narrowing,True,1.0,13.2,2417.0,2431.0,2026-05-13,-0.58,False,2026-05-20,2026-03-04,,0.52,0.54,0.34,11.72,13.25,13.25,33.08,17.01,28.48
9997.T,ベルーナ,2026-07-28,1063.0,1085.0,1090.0,False,-0.46,0.63,1.18,,,,,2026-07-27,1.0,10.16,True,10.7,False,True,6.24,-12.03,False,crossed,35.0,,,0.0,False,5.94,narrowing,True,24.0,4.94,950.0,1013.0,2026-01-16,-6.22,False,2026-06-08,2025-11-18,3ヶ月,0.83,0.07,0.17,2.89,16.2,22.37,27.61,6.94,9.14
7058.T,共栄セキュリティーサービス,2026-07-28,3200.0,3205.0,3220.0,False,-0.47,2.59,3.21,,,,,2026-07-22,4.0,28.31,True,7.12,True,True,4.58,-6.63,True,crossed,57.0,,,0.33,True,-5.98,widening,True,39.0,1.59,3030.0,3150.0,2026-02-27,-3.81,False,2026-05-07,2026-04-08,1年,0.55,0.41,0.72,3.55,6.67,7.41,5.79,6.81,28.26
7184.T,富山第一銀行,2026-07-28,3100.0,3195.0,3210.0,False,-0.47,0.89,1.14,,,,,2026-07-27,1.0,199.23,True,38.53,True,True,12.66,-14.24,False,crossed,8.0,,,4.51,True,5.59,widening,True,0.0,6.75,2904.0,2904.0,2026-07-15,0.0,False,2026-07-15,2026-06-23,,0.29,0.22,0.89,11.37,20.42,20.42,24.7,30.31,199.52
2217.T,モロゾフ,2026-07-28,1606.0,1612.0,1620.0,False,-0.49,1.34,1.13,,,,,2026-07-27,1.0,0.75,True,5.32,True,True,2.55,-3.48,True,crossed,18.0,,,1.63,False,1.93,widening,True,13.0,1.01,1536.0,1590.0,2026-01-23,-3.4,False,2026-07-01,2026-02-24,3ヶ月,0.77,0.07,0.18,3.63,8.18,9.6,9.25,1.65,1.97
8697.T,日本取引所グループ,2026-07-28,2247.0,2287.5,2299.0,False,-0.5,1.03,0.82,,,,,2026-07-27,1.0,52.6,True,19.89,True,True,9.78,-15.41,False,crossed,34.0,,,7.18,True,2.53,widening,True,4.0,4.56,2075.0,2149.0,2026-03-02,-3.44,False,2026-06-09,2026-05-20,3ヶ月,0.78,0.59,0.81,10.91,18.68,18.68,22.42,27.38,52.49
4668.T,明光ネットワークジャパン,2026-07-28,790.0,796.0,800.0,False,-0.5,0.64,3.82,,,,,2026-07-17,6.0,5.19,True,11.36,True,True,4.71,-3.56,True,crossed,9.0,,,9.72,False,9.97,widening,True,1.0,7.48,710.0,735.0,2026-01-15,-3.4,False,2026-07-14,2026-03-03,,0.52,0.0,0.31,2.76,7.84,14.65,16.86,8.97,5.19
7883.T,サンメッセ,2026-07-28,390.0,393.0,395.0,False,-0.51,0.54,0.52,,,,,2026-07-21,5.0,12.72,True,6.32,True,True,1.91,-2.68,True,crossed,40.0,,,1.34,True,-2.94,widening,True,0.0,4.28,374.0,374.0,2026-06-01,0.0,False,2026-06-01,2026-04-14,3ヶ月・1年,0.91,0.6,0.84,2.07,2.95,5.96,7.44,6.56,12.39
4919.T,ミルボン,2026-07-28,2834.0,2865.0,2880.0,False,-0.52,0.83,0.82,,,,,2026-07-21,5.0,16.48,True,9.27,True,True,5.9,-6.58,True,crossed,13.0,,,0.28,False,-1.32,narrowing,True,0.0,0.57,2818.0,2818.0,2026-07-08,0.0,False,2026-07-08,2026-05-12,,0.67,0.04,0.5,7.87,11.45,11.45,9.67,10.23,15.16
9001.T,東武鉄道,2026-07-28,3132.0,3147.0,3164.0,False,-0.54,1.02,0.88,,,,,2026-03-02,100.0,24.81,True,12.48,True,True,6.49,-9.39,False,crossed,15.0,,,-0.31,False,4.32,widening,False,,-0.54,2940.5,3149.0,2026-03-02,-6.62,False,2026-07-06,2026-04-28,,0.64,0.0,0.54,6.58,14.4,14.4,12.86,13.33,25.93
7317.T,松屋アールアンドディ,2026-07-16,1103.0,1104.0,1110.0,False,-0.54,0.2,0.27,,,,,2026-06-11,25.0,57.35,True,8.91,True,False,7.72,-0.72,False,,,,,,,,,,,,,,,,,,,6ヶ月・1年,0.03,0.75,0.84,0.99,0.99,5.21,0.46,2.41,56.9
2162.T,ｎｍｓ　ホールディングス,2026-07-28,537.0,537.0,540.0,False,-0.56,0.26,0.12,,,,,2025-04-25,305.0,8.48,True,16.81,True,True,12.38,-12.11,False,crossed,36.0,,,0.0,False,-6.39,widening,True,0.0,-0.19,538.0,538.0,2026-06-02,0.0,False,2026-06-05,2026-02-24,,0.68,0.25,0.02,7.35,19.25,23.08,34.59,11.18,10.04
8522.T,名古屋銀行,2026-07-28,6760.0,6990.0,7030.0,False,-0.57,0.71,1.02,,,,,2026-07-27,1.0,136.64,True,30.2,True,True,7.65,-5.06,False,,,,,,,,,,,,,,,,,,,,0.53,0.66,0.94,9.49,15.74,15.74,18.8,36.43,136.64
7389.T,あいちフィナンシャルグループ,2026-07-28,1810.0,1874.0,1885.0,False,-0.58,0.58,1.2,,,,,2026-07-27,1.0,241.25,True,51.09,True,True,11.83,-8.8,False,crossed,5.0,,,-0.77,True,-1.52,,True,0.0,-0.77,1824.0,1824.0,2026-07-21,0.0,True,2026-07-21,2026-06-16,,0.21,0.53,0.93,14.86,20.91,20.91,24.06,63.95,241.77
9888.T,ＵＥＸ,2026-07-28,1002.0,1029.0,1035.0,False,-0.58,1.56,0.62,,,,,2026-07-27,1.0,20.0,True,21.46,True,True,10.94,-18.59,False,crossed,41.0,,,8.75,True,2.12,narrowing,True,1.0,8.32,914.0,925.0,2026-05-14,-1.19,False,2026-05-29,2026-04-02,3ヶ月,0.72,0.32,0.19,8.11,21.81,21.81,41.53,17.88,19.57
7381.T,ＣＣＩグループ,2026-07-28,1143.0,1182.0,1189.0,False,-0.59,0.93,0.9,,,,,2026-07-27,1.0,118.97,True,27.3,True,True,8.63,-11.76,False,crossed,10.0,,,9.33,True,8.47,narrowing,True,2.0,6.13,1040.0,1077.0,2026-07-08,-3.44,False,2026-07-13,2026-07-10,,0.36,0.41,0.88,10.63,13.47,13.47,23.7,18.69,118.55
8370.T,紀陽銀行,2026-07-28,4930.0,5020.0,5050.0,False,-0.59,0.93,0.82,,,,,2026-07-27,1.0,86.81,True,29.39,True,True,6.94,-10.74,False,,,,,,,,,,,,,,,,,,,,0.69,0.69,0.93,6.52,13.56,13.56,26.9,36.0,87.1
6463.T,ＴＰＲ,2026-07-28,1442.0,1459.0,1468.0,False,-0.61,0.98,0.84,,,,,2026-06-19,26.0,40.82,True,10.05,True,True,6.78,-12.84,False,crossed,38.0,,,-0.14,False,-5.31,widening,True,2.0,0.77,1422.0,1431.0,2026-02-10,-0.63,False,2026-06-03,2026-03-19,,0.67,0.15,0.63,5.31,18.45,18.45,17.05,3.82,40.0
7928.T,旭化学工業,2026-07-28,633.0,640.0,644.0,False,-0.62,1.53,1.29,,,,,2025-08-27,222.0,3.6,True,5.14,True,True,2.07,-2.27,True,crossed,12.0,,,0.16,True,-1.1,narrowing,False,,-1.09,629.0,640.0,2026-04-13,-1.72,False,2026-07-09,2026-05-22,,0.59,0.11,0.07,2.97,6.87,10.59,3.77,1.93,3.43
6033.T,エクストリーム,2026-07-28,1678.0,1740.0,1751.0,False,-0.63,0.76,13.12,,,,,2026-07-17,6.0,32.86,True,18.72,True,True,7.21,-4.08,False,crossed,4.0,,,,False,,,True,1.0,0.18,1650.0,1675.0,2026-07-17,-1.49,False,2026-07-22,2026-05-14,,0.19,0.0,0.41,8.38,14.72,14.72,13.38,19.69,36.42
6197.T,ソラスト,2026-07-28,1111.0,1112.0,1119.0,False,-0.63,0.21,0.9,,,,,2026-05-08,56.0,162.65,True,23.08,True,True,14.37,-0.98,False,imminent,,-0.17,,,True,,,,,,,,,,,,2026-07-10,1年,0.3,0.64,0.89,1.07,11.23,11.23,-0.54,25.54,165.16
7957.T,フジコピアン,2026-07-28,1975.0,1987.0,2000.0,False,-0.65,1.42,1.26,,,,,2026-07-27,1.0,33.99,True,29.46,True,True,7.29,-6.18,False,crossed,46.0,,,0.8,False,12.34,narrowing,True,27.0,16.79,1629.0,1691.0,2026-05-18,-3.67,False,2026-05-22,2025-11-06,3ヶ月,0.85,0.64,0.14,5.62,7.52,22.6,39.48,36.3,34.81
7350.T,おきなわフィナンシャルグループ,2026-07-28,7340.0,7540.0,7590.0,False,-0.66,0.84,1.11,,,,,2026-07-27,1.0,125.85,True,36.75,True,True,8.7,-12.81,False,,,,,,,,,,,,,,,,,,,3ヶ月,0.86,0.72,0.95,6.57,14.14,14.14,33.45,42.25,127.6
7181.T,かんぽ生命保険,2026-07-28,1768.5,1785.5,1797.5,False,-0.67,0.46,0.9,,,,,2026-07-27,1.0,54.91,True,15.02,True,True,7.22,-7.39,False,crossed,11.0,,,-0.12,False,8.09,narrowing,True,9.0,0.29,1612.5,1763.3,2026-02-10,-8.55,False,2026-07-10,2026-03-30,,0.36,0.02,0.53,14.78,20.35,20.35,18.25,9.6,52.72
5484.T,東北特殊鋼,2026-07-28,4455.0,4455.0,4485.0,False,-0.67,0.24,0.1,,,,,2026-06-25,22.0,122.97,True,63.28,True,False,27.56,-7.54,False,crossed,56.0,,,6.34,True,84.92,narrowing,True,5.0,93.28,2270.0,2305.0,2026-02-19,-1.52,False,2026-05-08,2026-04-16,6ヶ月,0.51,0.74,0.63,1.53,8.03,8.03,97.12,102.78,123.2
7989.T,立川ブラインド工業,2026-07-28,2622.0,2656.0,2674.0,False,-0.67,0.64,0.54,,,,,2026-02-12,111.0,51.12,True,15.28,True,True,10.85,-4.19,False,crossed,3.0,,,,True,,,False,,-0.68,2583.0,2640.0,2026-04-09,-2.16,False,2026-07-23,2026-05-29,1年,0.07,0.19,0.81,6.72,8.48,8.48,1.39,31.63,52.44
4326.T,インテージホールディングス,2026-07-28,2022.0,2030.0,2044.0,False,-0.68,1.13,1.31,,,,,2025-08-06,236.0,6.76,True,17.57,True,True,6.2,-9.01,False,crossed,44.0,,,-0.18,False,10.56,widening,True,30.0,13.09,1700.0,1788.0,2026-01-16,-4.92,False,2026-05-26,2026-02-09,,0.64,0.4,0.09,3.6,7.37,19.71,25.2,16.47,6.76
2180.T,サニーサイドアップグループ,2026-07-28,1308.0,1309.0,1318.0,False,-0.68,0.1,0.21,,,,,2026-06-22,25.0,136.1,True,31.54,True,False,13.62,-13.59,False,crossed,55.0,,,28.54,True,16.78,narrowing,True,0.0,27.86,1023.0,1023.0,2026-05-11,0.0,False,2026-05-11,2026-04-17,,0.37,0.73,0.89,1.69,14.53,14.53,43.42,47.13,140.88
8418.T,山口フィナンシャルグループ,2026-07-28,3069.0,3159.0,3181.0,False,-0.69,0.68,0.82,,,,,2026-07-27,1.0,88.05,True,25.77,True,True,7.99,-12.55,False,,,,,,,,,,,,,,,,,,,3ヶ月,0.71,0.67,0.92,7.79,16.63,16.63,20.19,26.71,87.31
9846.T,天満屋ストア,2026-07-28,1004.0,1004.0,1011.0,False,-0.69,0.55,1.1,,,,,2026-07-08,13.0,4.91,True,3.29,True,True,1.34,-1.84,True,crossed,36.0,,,1.64,False,-3.12,widening,True,21.0,0.0,974.0,1004.0,2026-01-19,-2.99,False,2026-06-05,2026-03-19,3ヶ月,0.9,0.4,0.37,1.09,4.22,5.08,3.72,0.9,4.91
6448.T,ブラザー工業,2026-07-28,3991.0,4054.0,4082.0,False,-0.69,1.06,0.97,,,,,2026-07-27,1.0,59.07,True,24.92,True,True,9.95,-11.14,False,crossed,53.0,,,1.42,True,5.11,widening,True,1.0,14.68,3450.0,3480.0,2026-05-11,-0.86,False,2026-05-13,2026-03-12,,0.6,0.64,0.82,6.09,12.48,12.96,37.86,24.14,58.09
3271.T,ＴＨＥグローバル社,2026-07-27,1270.0,1271.0,1280.0,False,-0.7,3.37,0.63,,,,,2026-05-21,46.0,13.9,True,19.44,True,True,10.39,-12.39,False,,,,,,,,,,,,,,,,,,,,0.48,0.69,0.13,1.02,14.24,33.86,-0.55,37.59,13.7
4901.T,富士フイルムホールディングス,2026-07-28,3750.0,3809.0,3836.0,False,-0.7,0.71,0.69,,,,,2026-07-27,1.0,25.23,True,13.65,False,True,7.57,-8.55,False,crossed,53.0,,,-4.24,False,3.69,widening,True,15.0,8.98,3282.0,3441.0,2026-01-15,-4.62,False,2026-05-13,2025-11-13,3ヶ月,0.83,0.62,0.04,6.43,11.36,23.73,29.49,16.5,25.5
5195.T,バンドー化学,2026-07-28,2359.0,2374.0,2391.0,False,-0.71,1.0,0.88,,,,,2026-02-25,103.0,34.72,True,11.8,True,True,8.64,-15.45,False,crossed,34.0,,,-0.36,False,0.17,narrowing,False,,-1.21,2227.0,2388.0,2026-02-27,-6.74,False,2026-06-09,2026-04-06,3ヶ月,0.72,0.09,0.64,4.98,16.92,16.92,16.49,11.64,36.36
8104.T,クワザワホールディングス,2026-07-28,689.0,700.0,705.0,False,-0.71,0.9,0.93,,,,,2026-07-06,15.0,31.24,True,12.24,True,True,4.73,-8.03,False,crossed,36.0,,,-2.37,False,2.64,narrowing,True,7.0,6.0,633.0,650.0,2026-02-05,-2.62,False,2026-06-05,2026-03-16,3ヶ月,0.93,0.23,0.45,4.17,12.31,13.9,19.83,8.68,32.5
6087.T,アビスト,2026-07-28,3450.0,3460.0,3485.0,False,-0.72,1.6,0.72,,,,,2026-03-27,82.0,4.07,True,3.33,True,True,3.39,-8.01,False,crossed,3.0,,,,False,,,False,,-1.0,3420.0,3485.0,2026-03-27,-1.87,False,2026-07-23,2026-04-21,,0.03,0.06,0.15,3.22,5.02,10.61,1.77,1.47,3.76
8304.T,あおぞら銀行,2026-07-28,3087.0,3123.0,3146.0,False,-0.73,1.01,1.02,,,,,2026-07-27,1.0,42.72,True,19.5,True,True,7.15,-11.72,False,crossed,39.0,,,3.28,True,9.31,widening,True,24.0,6.74,2655.0,2892.0,2026-02-10,-8.2,False,2026-06-02,2026-05-22,3ヶ月,0.76,0.33,0.79,7.54,15.34,15.34,17.6,22.65,40.86
8354.T,ふくおかフィナンシャルグループ,2026-07-28,7587.0,7785.0,7843.0,False,-0.74,0.86,0.94,,,,,2026-07-27,1.0,87.94,True,28.18,True,True,8.5,-13.88,False,,,,,,,,,,,,,,,,,,,3ヶ月,0.83,0.51,0.91,6.78,19.2,19.2,24.58,37.62,87.66
8283.T,ＰＡＬＴＡＣ,2026-07-28,6630.0,6640.0,6690.0,False,-0.75,0.58,0.62,,,,,2026-07-27,1.0,58.31,True,26.12,True,False,12.7,-4.86,False,crossed,52.0,,,0.0,True,-10.32,widening,True,0.0,0.0,6630.0,6630.0,2026-05-14,0.0,False,2026-05-14,2026-03-19,,0.37,0.67,0.65,1.27,10.04,10.3,43.76,32.76,59.34
5889.T,Ｊａｐａｎ　Ｅｙｅｗｅａｒ　Ｈｏｌｄｉｎｇｓ,2026-07-28,2502.0,2521.0,2540.0,False,-0.75,0.68,0.84,,,,,2026-07-27,1.0,11.4,True,19.11,True,True,6.37,-8.14,False,crossed,77.0,,,1.1,True,3.95,widening,True,6.0,17.52,2090.0,2129.0,2026-03-27,-1.83,False,2026-04-03,2026-02-24,,0.48,0.73,0.09,11.78,12.94,22.91,12.2,23.62,13.42
4958.T,長谷川香料,2026-07-28,3250.0,3295.0,3320.0,False,-0.75,0.57,0.66,,,,,2026-07-21,5.0,6.38,True,11.36,True,True,4.1,-7.31,True,crossed,67.0,,,0.14,True,-0.19,narrowing,True,12.0,10.13,2861.0,2951.0,2026-04-08,-3.05,False,2026-04-17,2026-04-01,3ヶ月・6ヶ月,0.8,0.81,0.17,5.73,6.47,15.55,13.44,11.88,6.04
4118.T,カネカ,2026-07-28,5744.0,5854.0,5899.0,False,-0.76,0.53,0.9,,,,,2026-07-27,1.0,41.62,True,17.6,True,True,6.06,-9.17,False,,,,,,,,,,,,,,,,,,,3ヶ月,0.75,0.74,0.84,4.9,12.22,12.22,19.24,22.4,41.03
5832.T,ちゅうぎんフィナンシャルグループ,2026-07-28,3383.0,3458.0,3485.0,False,-0.77,0.59,0.93,,,,,2026-02-13,110.0,83.51,True,21.96,True,True,7.52,-13.82,False,crossed,35.0,,,6.07,True,7.86,widening,True,34.0,-2.08,2972.5,3455.0,2026-02-12,-13.97,True,2026-06-08,2026-05-12,3ヶ月,0.74,0.17,0.87,8.01,20.85,20.85,21.06,23.02,84.81
4417.T,グローバルセキュリティエキスパート,2026-07-28,4410.0,4540.0,4575.0,False,-0.77,0.55,1.18,,,,,2025-10-21,186.0,48.74,True,39.75,True,True,14.76,-12.63,False,crossed,49.0,,,12.75,False,42.02,widening,True,29.0,21.66,2909.0,3625.0,2026-01-15,-19.75,False,2026-05-19,2025-12-09,,0.84,0.52,0.01,13.6,29.32,47.34,77.89,40.67,51.34
7380.T,十六フィナンシャルグループ,2026-07-28,2515.0,2571.0,2591.0,False,-0.77,0.56,0.95,,,,,2026-07-23,3.0,139.98,True,42.78,True,True,9.92,-13.79,False,,,,,,,,,,,,,,,,,,,3ヶ月,0.85,0.85,0.95,9.23,16.21,16.21,25.81,51.14,140.9
9436.T,沖縄セルラー電話,2026-07-28,3780.0,3845.0,3875.0,False,-0.77,0.74,0.79,,,,,2026-07-27,1.0,47.66,True,17.71,True,True,4.78,-2.33,True,,,,,,,,,,,,,,,,,,,3ヶ月・6ヶ月・1年,0.78,0.79,0.93,5.63,9.26,9.26,12.0,21.15,48.24
4171.T,グローバルインフォメーション,2026-07-28,1667.0,1667.0,1680.0,False,-0.77,0.28,0.2,,,,,2026-06-29,20.0,20.71,True,13.67,True,False,9.28,-5.36,False,crossed,41.0,,,0.0,False,-7.99,widening,True,0.0,-0.48,1675.0,1675.0,2026-05-25,0.0,False,2026-05-29,2026-01-15,,0.52,0.42,0.14,5.46,14.42,18.23,28.23,17.39,20.97
7183.T,あんしん保証,2026-07-28,254.0,255.0,257.0,False,-0.78,0.06,0.71,,,,,2026-06-30,19.0,50.3,True,33.63,True,False,14.04,-7.74,False,crossed,124.0,,,0.0,False,28.84,narrowing,,,,166.0,,,,False,2026-01-23,2025-10-20,,0.36,0.76,0.58,5.52,20.09,20.09,40.33,54.88,52.1
8393.T,宮崎銀行,2026-07-28,2457.0,2550.0,2570.0,False,-0.78,0.77,1.13,,,,,2026-07-27,1.0,217.03,True,48.99,True,True,10.71,-8.49,False,,,,,,,,,,,,,,,,,,,3ヶ月,0.72,0.76,0.94,9.9,13.35,13.35,27.37,60.38,219.09
1948.T,弘電社,2026-07-28,11400.0,11410.0,11500.0,False,-0.78,0.29,0.38,,,,,2026-07-02,17.0,375.2,True,74.1,True,True,26.17,-10.85,False,,,,,,,,,,,,,,,,,,,,0.63,0.7,0.92,15.69,15.69,15.69,79.53,70.15,380.2
5903.T,シンポ,2026-07-21,1685.0,1686.0,1700.0,False,-0.82,1.22,0.14,,,,,2026-06-09,29.0,42.19,True,25.72,True,False,7.22,-3.57,False,crossed,118.0,,,0.58,False,16.4,narrowing,,,,1208.0,,,,False,2026-01-26,2025-11-05,6ヶ月,0.33,0.75,0.53,1.18,3.33,5.07,38.8,39.49,42.68
2997.T,ストレージ王,2026-07-28,1337.0,1338.0,1349.0,False,-0.82,0.23,41.76,,,,,2026-07-10,11.0,50.9,True,30.8,True,True,14.63,-18.88,False,crossed,11.0,,,0.0,True,-1.58,widening,True,0.0,0.0,1337.0,1337.0,2026-07-10,0.0,False,2026-07-10,2026-06-16,,0.43,0.14,0.04,7.78,24.92,28.45,39.56,11.79,51.59
8386.T,百十四銀行,2026-07-28,2934.0,3000.0,3025.0,False,-0.83,0.7,1.0,,,,,2026-07-27,1.0,153.75,True,41.74,True,True,10.26,-14.47,False,,,,,,,,,,,,,,,,,,,,0.69,0.65,0.93,7.59,21.03,21.03,28.97,43.12,151.58
8387.T,四国銀行,2026-07-28,3465.0,3565.0,3595.0,False,-0.83,0.9,1.06,,,,,2026-07-27,1.0,188.99,True,54.58,True,True,8.5,-8.48,False,,,,,,,,,,,,,,,,,,,3ヶ月,0.88,0.9,0.97,5.78,12.23,12.23,39.21,75.35,187.79
7189.T,西日本フィナンシャルホールディングス,2026-07-28,4406.0,4497.0,4535.0,False,-0.84,1.53,0.79,,,,,2026-07-27,1.0,90.16,True,20.78,True,True,9.12,-16.79,False,crossed,31.0,,,-2.33,True,0.5,narrowing,True,30.0,-1.78,4169.0,4486.0,2026-02-12,-7.07,True,2026-06-12,2026-05-22,3ヶ月,0.72,0.21,0.88,7.67,17.39,17.39,15.58,21.44,91.23
8381.T,山陰合同銀行,2026-07-28,2482.0,2537.0,2559.0,False,-0.86,0.57,0.81,,,,,2026-07-27,1.0,94.06,True,40.83,True,True,4.71,-2.32,True,,,,,,,,,,,,,,,,,,,3ヶ月,0.95,0.9,0.92,6.7,16.38,16.38,38.43,56.1,93.75
7322.T,三十三フィナンシャルグループ,2026-07-28,1972.0,2052.0,2070.0,False,-0.87,0.9,1.0,,,,,2026-07-27,1.0,141.59,True,42.31,True,True,9.05,-8.78,False,,,,,,,,,,,,,,,,,,,6ヶ月・1年,0.6,0.79,0.94,11.82,11.82,11.82,28.97,56.82,141.59
8367.T,南都銀行,2026-07-28,1893.0,1933.0,1950.0,False,-0.87,1.22,0.83,,,,,2026-07-27,1.0,115.85,True,33.88,True,True,6.24,-7.91,True,,,,,,,,,,,,,,,,,,,3ヶ月・6ヶ月・1年,0.8,0.88,0.97,7.04,10.79,10.79,30.73,40.22,113.66
4800.T,オリコン,2026-07-28,1358.0,1359.0,1371.0,False,-0.88,0.05,0.54,,,,,2026-07-08,13.0,75.68,True,38.9,True,True,12.29,-6.93,False,crossed,58.0,,,-13.91,True,-0.71,narrowing,True,0.0,11.13,1222.0,1222.0,2026-05-01,0.0,False,2026-05-01,2026-03-31,,0.63,0.76,0.65,18.58,18.58,18.58,38.71,55.38,75.68
7616.T,コロワイド,2026-07-28,2008.5,2024.0,2042.0,False,-0.88,1.26,1.04,,,,,2023-09-13,699.0,6.95,True,10.89,True,True,5.16,-8.66,False,crossed,3.0,,,,False,,,True,3.0,0.7,1933.5,1994.5,2026-04-03,-3.06,False,2026-07-23,2026-05-22,,0.17,0.02,0.0,10.82,15.29,18.37,8.8,13.73,6.81
8343.T,秋田銀行,2026-07-28,7590.0,7860.0,7930.0,False,-0.88,0.91,1.39,,,,,2026-07-27,1.0,145.23,True,49.42,True,True,9.16,-12.83,False,,,,,,,,,,,,,,,,,,,3ヶ月,0.92,0.79,0.95,6.44,16.58,16.58,45.4,65.0,143.66
9274.T,ＫＰＰグループホールディングス,2026-07-28,1090.0,1108.0,1118.0,False,-0.89,0.93,1.15,,,,,2026-07-27,1.0,40.1,True,22.25,True,True,5.52,-6.2,True,,,,,,,,,,,,,,,,,,,,0.41,0.71,0.77,12.1,12.1,16.73,15.83,23.16,40.46
7089.T,フォースタートアップス,2026-07-28,1592.0,1654.0,1669.0,False,-0.9,2.22,0.5,,,,,2026-06-15,30.0,113.12,True,31.48,True,True,17.84,-15.16,False,crossed,111.0,,,11.63,True,8.71,widening,True,2.0,25.45,1221.0,1269.0,2026-02-10,-3.78,False,2026-02-12,2026-01-07,,0.33,0.69,0.77,15.18,17.81,20.78,33.11,66.53,118.83
2809.T,キユーピー,2026-07-28,4687.0,4705.0,4748.0,False,-0.91,0.69,1.18,,,,,2026-07-21,5.0,21.58,True,9.95,True,True,5.16,-9.98,False,crossed,22.0,,,1.18,False,4.98,widening,True,22.0,0.45,4326.0,4666.0,2026-02-09,-7.29,False,2026-06-25,2026-03-26,3ヶ月,0.76,0.02,0.02,6.16,16.85,16.85,18.9,7.13,22.09
8359.T,八十二長野銀行,2026-07-28,2599.0,2674.0,2699.5,False,-0.94,1.17,0.85,,,,,2026-07-27,1.0,107.01,True,30.84,True,True,5.54,-7.33,True,,,,,,,,,,,,,,,,,,,3ヶ月,0.79,0.83,0.97,7.22,15.14,15.14,28.19,35.44,105.62
3393.T,スターティアホールディングス,2026-07-28,3090.0,3120.0,3150.0,False,-0.95,0.78,0.67,,,,,2026-07-13,10.0,17.05,True,8.96,True,True,6.69,-13.72,False,crossed,45.0,,,3.41,True,-3.21,widening,True,29.0,0.0,2930.0,3090.0,2026-02-27,-5.18,False,2026-05-25,2026-04-02,,0.66,0.28,0.55,6.63,15.44,15.44,12.08,4.96,18.3
4743.T,アイティフォー,2026-07-28,1732.0,1738.0,1755.0,False,-0.97,0.84,0.8,,,,,2026-01-23,124.0,14.25,True,5.0,True,True,4.96,-5.36,True,imminent,,-0.29,,,False,,,,,,,,,,,,2026-05-26,,0.01,0.26,0.47,9.53,10.21,10.21,1.7,-0.17,14.7
6457.T,グローリー,2026-07-28,4471.0,4515.0,4559.0,False,-0.97,0.6,0.94,,,,,2026-05-18,50.0,20.9,True,11.53,True,True,5.29,-4.49,True,crossed,2.0,,,,True,,,True,1.0,1.02,4416.0,4426.0,2026-04-07,-0.23,False,2026-07-24,2026-06-10,,0.09,0.02,0.51,12.73,13.08,13.08,11.75,6.5,20.51
7417.T,南陽,2026-07-28,1860.0,1897.0,1916.0,False,-0.99,0.24,3.25,,,,,2026-07-23,3.0,52.96,True,25.27,True,True,7.78,-9.21,False,crossed,16.0,,,12.38,False,11.08,narrowing,True,0.0,13.41,1640.0,1640.0,2026-07-03,0.0,False,2026-07-03,2026-04-07,,0.61,0.15,0.6,5.98,11.46,11.46,30.53,22.53,50.36
8795.T,Ｔ＆Ｄホールディングス,2026-07-28,5046.0,5125.0,5176.0,False,-0.99,0.67,0.66,,,,,2026-07-27,1.0,52.08,True,27.47,True,True,7.52,-8.31,False,crossed,40.0,,,4.59,True,12.87,narrowing,True,1.0,19.18,4202.0,4234.0,2026-04-01,-0.76,False,2026-06-01,2026-05-13,3ヶ月,0.9,0.65,0.53,7.16,13.95,19.4,37.12,34.99,49.29
1518.T,三井松島ホールディングス,2026-07-28,2303.0,2379.0,2403.0,False,-1.0,2.54,2.34,,,,,2026-07-27,1.0,127.12,True,61.72,True,True,17.11,-12.96,False,crossed,32.0,,,1.3,False,52.26,widening,True,29.0,46.5,1461.0,1572.0,2026-02-12,-7.06,False,2026-06-11,2026-03-30,,0.53,0.16,0.5,5.34,16.28,16.28,71.74,58.06,126.23
6098.T,リクルートホールディングス,2026-07-28,12615.0,12790.0,12920.0,False,-1.01,0.86,0.92,,,,,2026-07-21,5.0,54.65,True,46.8,True,True,15.65,-15.23,False,crossed,57.0,,,4.08,False,57.17,narrowing,True,8.0,34.73,7475.0,9363.0,2026-01-19,-20.16,False,2026-05-07,2026-02-16,3ヶ月,0.85,0.72,0.12,7.56,28.81,34.7,72.62,48.43,56.22
9042.T,阪急阪神ホールディングス,2026-07-28,4953.0,4979.0,5030.0,False,-1.01,0.7,0.88,,,,,2026-05-18,50.0,29.8,True,13.68,True,True,7.27,-8.78,False,imminent,,-0.76,,,True,,,,,,,,,,,,2026-06-24,,0.0,0.11,0.26,16.5,16.5,16.5,11.08,18.01,31.62
8609.T,岡三証券グループ,2026-07-28,1039.0,1074.0,1085.0,False,-1.01,1.05,0.93,,,,,2026-07-27,1.0,47.38,True,21.75,True,True,8.6,-17.65,False,crossed,55.0,,,2.45,True,4.62,narrowing,True,39.0,4.21,898.0,997.0,2026-02-27,-9.93,False,2026-05-11,2026-04-15,3ヶ月,0.85,0.42,0.87,5.57,17.65,17.65,17.67,20.53,48.43
8750.T,第一ライフグループ,2026-07-28,1909.5,1939.0,1959.0,False,-1.02,0.98,0.97,,,,,2026-07-27,1.0,73.35,True,32.0,True,True,9.0,-11.79,False,,,,,,,,,,,,,,,,,,,3ヶ月,0.88,0.75,0.83,7.03,15.74,16.32,35.38,42.93,69.58
2349.T,エヌアイデイ,2026-07-28,2503.0,2522.0,2548.0,False,-1.02,0.37,1.08,,,,,2026-03-05,97.0,6.06,True,5.91,True,True,3.34,-4.45,True,crossed,10.0,,,1.04,False,-0.99,widening,True,6.0,-0.67,2492.0,2520.0,2026-03-25,-1.11,False,2026-07-13,2026-04-27,,0.28,0.0,0.14,9.64,10.36,10.36,2.33,8.68,5.61
8566.T,リコーリース,2026-07-28,6690.0,6790.0,6860.0,False,-1.02,0.6,1.14,,,,,2026-07-22,4.0,20.98,True,11.27,True,True,4.8,-9.2,False,crossed,54.0,,,-1.44,True,-3.96,widening,True,43.0,4.37,6260.0,6410.0,2026-02-27,-2.34,False,2026-05-12,2026-04-08,1年,0.46,0.27,0.71,6.67,9.2,9.2,10.95,10.76,20.98
8511.T,日本証券金融,2026-07-28,2428.0,2466.0,2492.0,False,-1.04,0.65,1.25,,,,,2026-07-27,1.0,35.19,True,13.94,True,True,6.47,-12.94,False,,,,,,,,,,,,,,,,,,,3ヶ月,0.79,0.54,0.86,4.04,12.94,12.94,12.15,11.58,36.17
9365.T,トレーディア,2026-07-28,1672.0,1697.0,1715.0,False,-1.05,1.43,2.47,,,,,2026-07-27,1.0,32.28,True,8.7,True,True,5.54,-9.44,False,crossed,12.0,,,-1.13,False,3.29,narrowing,True,10.0,-1.07,1592.0,1690.0,2026-02-13,-5.8,False,2026-07-09,2026-04-07,,0.61,0.12,0.48,4.58,12.43,12.43,7.8,5.56,32.38
5830.T,いよぎんホールディングス,2026-07-28,3659.0,3748.0,3788.0,False,-1.06,1.43,1.25,,,,,2026-07-27,1.0,115.24,True,27.14,True,True,9.51,-16.6,False,crossed,34.0,,,0.65,True,13.08,widening,True,33.0,0.66,3079.0,3635.0,2026-02-12,-15.3,True,2026-06-09,2026-05-21,,0.52,0.13,0.86,8.53,22.79,22.79,26.37,30.56,116.38
4196.T,ネオマーケティング,2026-07-28,1753.0,1770.0,1789.0,False,-1.06,0.52,1.26,,,,,2026-07-27,1.0,38.03,True,28.76,True,True,9.13,-22.76,False,,,,,,,,,,,,,,,,,,,3ヶ月・6ヶ月,0.83,0.88,0.28,1.6,2.35,29.87,21.99,42.52,34.54
4441.T,トビラシステムズ,2026-07-28,1650.0,1662.0,1680.0,False,-1.07,1.57,0.92,,,,,2026-07-27,1.0,59.73,True,31.94,True,True,14.79,-17.97,False,crossed,13.0,,,7.2,True,14.56,widening,True,3.0,13.01,1417.0,1460.0,2026-07-07,-2.95,False,2026-07-08,2026-05-22,,0.51,0.14,0.43,20.23,24.6,31.47,21.77,31.37,63.04
7128.T,ユニソルホールディングス,2026-07-28,2703.0,2759.0,2789.0,False,-1.08,0.49,2.29,,,,,2026-07-27,1.0,15.96,True,20.29,True,True,8.37,-7.65,False,crossed,10.0,,,1.36,False,3.91,widening,True,0.0,5.34,2566.0,2566.0,2026-07-13,0.0,False,2026-07-13,2026-03-17,,0.47,0.0,0.09,8.38,17.24,17.78,25.2,15.86,15.46
2831.T,はごろもフーズ,2026-07-27,3650.0,3660.0,3700.0,False,-1.08,0.78,2.91,,,,,2026-03-05,96.0,12.31,True,7.06,True,True,1.99,-1.36,True,crossed,7.0,,,3.13,False,2.97,widening,False,,-0.41,3510.0,3665.0,2026-03-27,-4.23,False,2026-07-15,2026-05-11,,0.21,0.1,0.55,3.65,6.82,6.82,2.38,7.99,10.94
8360.T,山梨中央銀行,2026-07-28,6920.0,7250.0,7330.0,False,-1.09,1.19,1.1,,,,,2026-07-27,1.0,155.44,True,40.35,True,True,6.66,-5.81,True,,,,,,,,,,,,,,,,,,,3ヶ月,0.82,0.78,0.96,8.43,16.84,16.84,33.85,45.07,159.86
365A.T,伊澤タオル,2026-07-28,790.0,802.0,811.0,False,-1.11,1.05,1.56,,,,,2026-07-24,2.0,22.48,True,16.5,True,True,6.83,-10.58,False,crossed,61.0,,,1.97,True,-1.6,widening,True,18.0,5.61,712.0,748.0,2026-04-20,-4.81,False,2026-04-27,2026-03-31,,0.64,0.46,0.48,5.96,11.39,21.34,11.11,14.66,24.8
6381.T,アネスト岩田,2026-07-28,1776.0,1789.0,1809.0,False,-1.11,0.6,1.1,,,,,2026-02-09,113.0,22.31,True,8.59,True,True,4.28,-9.46,False,crossed,23.0,,,3.54,False,3.08,narrowing,True,22.0,-0.11,1665.0,1778.0,2026-02-10,-6.36,False,2026-06-24,2026-03-31,3ヶ月,0.71,0.0,0.43,5.26,11.36,11.36,11.84,4.96,21.06
2999.T,ホームポジション,2026-07-28,626.0,626.0,633.0,False,-1.11,0.69,2.61,,,,,2026-07-21,5.0,8.3,True,24.56,True,True,8.33,-14.78,False,crossed,75.0,,,12.92,True,7.08,widening,True,0.0,22.5,511.0,511.0,2026-04-03,0.0,False,2026-04-07,2026-03-23,3ヶ月・6ヶ月,0.74,0.81,0.16,3.5,8.52,34.04,9.44,27.24,9.63
8337.T,千葉興業銀行,2026-07-28,2668.0,2763.0,2794.0,False,-1.11,1.13,0.59,,,,,2026-07-27,1.0,78.1,True,30.87,True,True,11.32,-22.45,False,crossed,40.0,,,5.39,True,12.64,widening,True,6.0,8.72,2226.0,2454.0,2026-02-27,-9.29,True,2026-06-01,2026-05-19,3ヶ月,0.87,0.52,0.88,10.47,22.45,22.45,34.07,40.05,74.15
8377.T,ほくほくフィナンシャルグループ,2026-07-28,7783.0,7999.0,8090.0,False,-1.12,1.12,1.11,,,,,2026-07-27,1.0,161.7,True,39.67,True,True,8.6,-6.62,False,,,,,,,,,,,,,,,,,,,3ヶ月,0.76,0.72,0.95,10.05,14.67,14.67,38.93,48.11,159.91
8306.T,三菱ＵＦＪフィナンシャル・グループ,2026-07-28,3659.0,3770.0,3813.0,False,-1.13,1.27,0.97,,,,,2026-07-27,1.0,83.64,True,30.58,True,True,6.94,-12.41,False,crossed,56.0,,,4.36,True,19.04,widening,True,7.0,18.61,2806.5,3085.0,2026-02-12,-9.03,False,2026-05-08,2026-03-31,3ヶ月,0.93,0.64,0.9,6.06,16.87,16.87,32.79,29.87,83.09
3454.T,ファーストブラザーズ,2026-07-28,1268.0,1274.0,1289.0,False,-1.16,0.06,0.36,,,,,2026-07-13,10.0,20.99,True,5.78,True,True,3.87,-7.77,True,crossed,28.0,,,0.68,False,2.76,narrowing,True,18.0,1.6,1181.0,1248.0,2026-02-27,-5.37,False,2026-06-17,2026-03-27,3ヶ月,0.7,0.09,0.48,3.73,7.77,8.21,9.22,9.22,20.42
6178.T,日本郵政,2026-07-28,2468.0,2510.0,2539.5,False,-1.16,0.58,0.89,,,,,2026-07-27,1.0,83.22,True,33.45,True,True,7.69,-12.13,False,crossed,46.0,,,-2.27,True,7.74,narrowing,True,9.0,15.65,2116.0,2134.0,2026-05-21,-0.84,False,2026-05-22,2026-04-07,3ヶ月,0.88,0.59,0.87,7.12,15.97,15.97,38.69,36.54,83.77
6237.T,イワキポンプ,2026-07-28,4840.0,5130.0,5190.0,False,-1.16,1.47,3.12,,,,,2026-07-27,1.0,89.43,True,65.7,True,True,12.3,-15.5,False,crossed,55.0,,,9.79,True,63.71,widening,True,5.0,63.79,2769.0,2955.0,2026-02-27,-6.29,False,2026-05-11,2026-03-31,,0.89,0.68,0.51,12.89,17.5,17.5,82.5,79.33,89.95
2613.T,Ｊ－オイルミルズ,2026-07-28,2093.0,2111.0,2136.0,False,-1.17,0.54,0.73,,,,,2026-07-08,13.0,3.36,True,3.48,True,True,2.4,-3.72,True,crossed,19.0,,,2.64,False,-0.38,widening,True,6.0,-0.48,2044.0,2103.0,2026-04-08,-2.81,False,2026-06-30,2026-04-23,3ヶ月,0.79,0.02,0.02,3.47,8.27,9.14,6.79,1.41,3.56
4208.T,ＵＢＥ,2026-07-28,3205.0,3310.0,3350.0,False,-1.19,1.13,0.81,,,,,2026-06-18,27.0,39.47,True,20.69,True,True,9.62,-15.84,False,crossed,39.0,,,0.65,False,2.01,narrowing,True,8.0,5.22,2941.0,3046.0,2026-05-21,-3.45,False,2026-06-02,2026-03-27,3ヶ月,0.74,0.34,0.61,5.78,19.85,19.85,36.32,18.59,39.8
9069.T,センコーグループホールディングス,2026-07-28,2202.0,2225.5,2252.5,False,-1.2,0.54,0.96,,,,,2026-07-21,5.0,8.05,True,13.02,True,True,4.97,-8.81,False,crossed,49.0,,,-5.4,False,-0.95,widening,True,43.0,3.04,2027.0,2137.0,2026-01-16,-5.15,False,2026-05-19,2026-03-03,,0.53,0.17,0.09,7.31,16.12,18.65,18.74,6.48,8.37
8200.T,リンガーハット,2026-07-28,2375.0,2380.0,2409.0,False,-1.2,0.4,1.62,,,,,2026-07-14,9.0,8.3,True,6.22,False,True,3.95,-5.37,False,crossed,6.0,,,2.35,False,2.29,widening,False,,-0.54,2302.0,2388.0,2026-07-14,-3.6,False,2026-07-17,2026-05-08,,0.22,0.13,0.27,8.6,13.21,14.99,7.86,5.65,8.6
8392.T,大分銀行,2026-07-28,2759.0,2855.0,2890.0,False,-1.21,1.04,0.91,,,,,2026-07-27,1.0,221.19,True,55.58,True,True,9.51,-7.23,False,,,,,,,,,,,,,,,,,,,3ヶ月・6ヶ月・1年,0.82,0.88,0.95,9.13,11.87,11.87,39.34,76.86,218.22
6676.T,ＢＵＦＦＡＬＯ,2026-07-28,2713.0,2761.0,2795.0,False,-1.22,0.76,0.58,,,,,2026-07-22,4.0,135.71,True,14.29,True,True,20.64,-9.96,False,crossed,20.0,,,4.13,True,7.05,narrowing,True,19.0,-1.95,2467.0,2767.0,2026-06-19,-10.84,False,2026-06-29,2026-05-28,,0.32,0.26,0.67,15.16,15.94,15.94,10.02,16.19,137.77
7466.T,ＳＰＫ,2026-07-28,1365.0,1381.0,1398.0,False,-1.22,0.68,0.9,,,,,2026-07-13,10.0,21.82,True,10.49,True,True,6.47,-7.69,True,crossed,13.0,,,-0.44,True,-2.25,narrowing,True,0.0,-0.36,1370.0,1370.0,2026-07-08,0.0,False,2026-07-08,2026-05-19,,0.59,0.08,0.54,8.7,13.18,13.18,7.48,13.56,20.58
8358.T,スルガ銀行,2026-07-28,2664.0,2731.0,2765.0,False,-1.23,0.8,1.03,,,,,2026-07-27,1.0,90.15,True,32.1,True,True,6.31,-6.22,True,,,,,,,,,,,,,,,,,,,3ヶ月,0.76,0.81,0.95,7.82,14.39,14.39,18.24,35.71,90.56
7119.T,ハルメクホールディングス,2026-07-28,1671.0,1689.0,1710.0,False,-1.23,0.81,0.69,,,,,2026-07-01,18.0,54.29,True,14.77,True,True,6.46,-4.09,True,crossed,118.0,,,0.0,True,1.06,narrowing,True,0.0,24.15,1346.0,1346.0,2026-01-28,0.0,False,2026-02-02,2025-12-05,3ヶ月・6ヶ月,0.9,0.73,0.8,3.1,9.41,15.65,9.79,25.17,54.72
8242.T,エイチ・ツー・オー　リテイリング,2026-07-28,2888.0,2898.5,2935.0,False,-1.24,0.66,0.94,,,,,2026-06-29,20.0,47.2,True,22.87,True,True,6.88,-5.5,True,crossed,126.0,,,-4.17,False,7.74,widening,,,,2183.5,,,,False,2026-01-21,2025-10-31,3ヶ月,0.84,0.71,0.75,4.62,12.48,12.48,24.56,31.84,46.93
3877.T,中越パルプ工業,2026-07-28,2116.0,2158.0,2185.0,False,-1.24,1.12,1.02,,,,,2026-07-23,3.0,27.24,True,9.17,True,True,7.76,-9.68,False,crossed,48.0,,,1.73,False,-1.39,narrowing,True,6.0,3.83,1960.0,2038.0,2026-01-14,-3.83,False,2026-05-20,2026-03-13,,0.68,0.18,0.64,4.57,9.68,11.03,9.75,4.19,28.48
5966.T,京都機械工具,2026-07-27,2617.0,2617.0,2650.0,False,-1.25,0.75,2.07,,,,,2023-09-26,690.0,2.63,True,5.64,True,True,2.7,-6.02,True,crossed,21.0,,,-2.51,False,-0.51,narrowing,True,16.0,1.24,2550.0,2585.0,2026-02-13,-1.35,False,2026-06-25,2026-04-02,,0.69,0.0,0.01,3.92,7.12,9.33,8.19,5.61,0.62
2816.T,ダイショー,2026-07-28,1410.0,1412.0,1430.0,False,-1.26,0.51,1.2,,,,,2024-03-26,571.0,0.64,True,0.21,False,True,0.52,-0.84,False,crossed,7.0,,,0.21,False,-0.88,widening,False,,-1.33,1408.0,1429.0,2026-03-25,-1.47,False,2026-07-16,2026-04-22,,0.38,0.32,0.0,0.5,2.17,2.24,0.36,0.14,0.5
2681.T,ゲオホールディングス,2026-07-28,2098.0,2130.0,2158.0,False,-1.3,0.65,1.03,,,,,2026-07-21,5.0,29.19,True,14.22,True,False,6.52,-5.84,False,crossed,64.0,,,1.53,True,1.41,narrowing,True,9.0,7.31,1831.0,1955.0,2026-04-15,-6.34,False,2026-04-22,2026-02-26,,0.3,0.68,0.72,8.5,13.18,14.54,12.8,11.83,32.03
8600.T,トモニホールディングス,2026-07-28,1035.0,1044.0,1058.0,False,-1.32,1.1,1.17,,,,,2026-07-27,1.0,71.07,True,23.75,True,True,8.85,-17.19,False,crossed,10.0,,,2.34,True,8.79,widening,True,6.0,5.18,939.0,984.0,2026-02-12,-4.57,False,2026-07-13,2026-05-20,,0.34,0.01,0.83,7.52,17.28,17.28,19.52,19.93,70.23
8361.T,大垣共立銀行,2026-07-28,7900.0,8160.0,8270.0,False,-1.33,0.85,1.14,,,,,2026-07-27,1.0,187.38,True,33.99,True,True,8.95,-11.11,False,,,,,,,,,,,,,,,,,,,,0.43,0.82,0.95,11.93,15.64,15.64,16.52,37.15,187.38
8218.T,コメリ,2026-07-28,3630.0,3660.0,3710.0,False,-1.35,1.07,0.76,,,,,2026-04-07,75.0,21.57,True,5.71,True,True,5.35,-4.71,True,crossed,1.0,,,,True,,,False,,-1.63,3590.0,3690.0,2026-04-10,-2.71,False,2026-07-27,2026-07-14,,0.27,0.01,0.55,4.87,10.11,10.11,5.37,0.55,20.8
94345.T,ソフトバンク第１回社債型種類株式,2026-07-28,3796.0,3796.0,3848.0,False,-1.35,1.04,0.54,,,,,,,0.42,False,-0.09,True,True,0.47,-1.2,False,crossed,9.0,,,0.0,False,-1.27,widening,False,,-1.2,3795.0,3842.0,2026-03-25,-1.22,False,2026-07-14,2026-04-14,,0.27,0.47,0.08,0.73,1.61,1.61,0.18,-0.39,0.64
9279.T,ギフトホールディングス,2026-07-28,4955.0,5030.0,5100.0,False,-1.37,0.9,0.81,,,,,2026-07-17,6.0,47.47,True,26.34,True,True,8.73,-12.96,False,crossed,4.0,,,,True,,,False,,-0.3,4805.0,4970.0,2026-07-16,-3.32,False,2026-07-22,2026-06-01,,0.17,0.19,0.7,15.6,21.66,21.66,9.62,29.71,48.8
8544.T,京葉銀行,2026-07-28,2834.0,2931.0,2972.0,False,-1.38,1.1,1.08,,,,,2026-07-27,1.0,162.16,True,42.61,True,True,9.54,-10.79,False,,,,,,,,,,,,,,,,,,,3ヶ月,0.76,0.82,0.96,8.69,16.03,16.03,34.63,52.61,161.44
8601.T,大和証券グループ本社,2026-07-28,1828.5,1860.5,1886.5,False,-1.38,0.64,0.99,,,,,2026-07-16,7.0,79.0,True,24.31,True,True,6.73,-11.3,False,crossed,29.0,,,-0.5,False,9.3,narrowing,True,13.0,9.23,1602.5,1674.0,2026-02-12,-4.27,False,2026-06-16,2026-04-06,3ヶ月,0.86,0.28,0.86,5.3,14.19,14.19,21.5,21.13,79.26
7856.T,萩原工業,2026-07-28,1801.0,1829.0,1855.0,False,-1.4,0.99,0.69,,,,,2026-02-27,101.0,15.97,True,6.02,True,True,5.01,-6.68,True,crossed,14.0,,,1.19,False,-0.06,narrowing,False,,-2.91,1766.0,1855.0,2026-02-27,-4.8,False,2026-07-07,2026-04-15,3ヶ月,0.73,0.01,0.37,5.47,12.51,12.51,6.76,4.65,16.42
8771.T,イー・ギャランティ,2026-07-28,1856.0,1880.0,1907.0,False,-1.42,0.86,0.91,,,,,2026-07-15,8.0,27.12,True,7.47,True,True,6.16,-6.76,True,crossed,12.0,,,2.13,False,-0.15,narrowing,True,4.0,-1.07,1827.0,1876.0,2026-01-06,-2.61,False,2026-07-09,2026-02-26,,0.32,0.02,0.48,9.97,11.18,14.07,5.69,2.6,27.39
5237.T,ノザワ,2026-07-28,1278.0,1278.0,1297.0,False,-1.46,0.32,0.96,,,,,2026-06-30,19.0,39.22,True,14.17,True,True,4.59,-7.25,True,crossed,9.0,,,0.24,True,-0.11,narrowing,False,,-1.01,1263.0,1291.0,2026-03-27,-2.17,False,2026-07-14,2026-05-22,,0.54,0.16,0.76,7.54,14.56,14.56,7.49,15.14,37.27
4613.T,関西ペイント,2026-07-28,2757.5,2807.0,2849.0,False,-1.47,1.21,0.95,,,,,2026-07-07,14.0,35.17,True,10.34,True,True,7.95,-15.21,False,crossed,25.0,,,2.38,False,1.68,widening,True,10.0,-0.92,2608.5,2783.0,2026-02-12,-6.27,False,2026-06-22,2026-04-01,3ヶ月,0.84,0.0,0.19,6.54,19.94,19.94,16.08,7.32,34.97
9355.T,リンコーコーポレーション,2026-07-27,2278.0,2313.0,2348.0,False,-1.49,0.44,0.62,,,,,2026-07-15,7.0,26.2,True,9.01,True,True,3.31,-2.5,True,crossed,32.0,,,-1.0,True,-1.69,narrowing,True,25.0,0.49,2197.0,2267.0,2026-03-25,-3.09,False,2026-06-10,2026-06-09,1年,0.29,0.15,0.84,5.32,7.28,7.28,5.12,4.26,25.58
9076.T,セイノーホールディングス,2026-07-28,2713.0,2732.5,2774.0,False,-1.5,0.52,0.92,,,,,2026-06-10,33.0,23.88,True,10.6,True,True,6.31,-8.97,False,crossed,38.0,,,3.99,True,-4.59,widening,True,4.0,-0.4,2656.5,2724.0,2026-05-29,-2.48,False,2026-06-03,2026-04-21,1年,0.55,0.41,0.73,6.37,10.28,10.66,10.67,11.03,23.97
8524.T,北洋銀行,2026-07-28,1211.0,1249.0,1268.0,False,-1.5,0.9,0.7,,,,,2026-07-27,1.0,100.17,True,29.15,True,True,9.18,-14.85,False,crossed,31.0,,,-0.29,True,13.54,narrowing,True,10.0,10.29,1020.0,1098.0,2026-02-27,-7.1,False,2026-06-12,2026-05-27,3ヶ月,0.81,0.49,0.91,9.65,17.85,17.85,30.22,30.64,100.17
7180.T,九州フィナンシャルグループ,2026-07-28,1557.0,1595.5,1620.0,False,-1.51,0.77,0.88,,,,,2026-07-27,1.0,100.31,True,30.25,True,True,8.68,-15.77,False,,,,,,,,,,,,,,,,,,,3ヶ月,0.83,0.72,0.94,7.16,19.81,19.81,25.26,35.57,103.64
3766.T,システムズ・デザイン,2026-07-28,1423.0,1428.0,1450.0,False,-1.52,0.22,0.78,,,,,2026-01-23,124.0,25.49,True,10.44,True,True,5.2,-7.79,True,crossed,41.0,,,-0.31,False,2.2,narrowing,True,30.0,0.57,1297.0,1415.0,2026-02-12,-8.34,False,2026-05-29,2026-03-19,,0.57,0.02,0.04,10.07,16.89,16.89,17.02,6.51,24.5
50765.T,インフロニア・ホールディングス第１回社債型種類株式,2026-07-28,4631.0,4635.0,4707.0,False,-1.53,0.71,1.1,,,,,2026-03-27,82.0,-0.41,False,-0.2,False,True,0.45,-0.81,False,crossed,10.0,,,-0.09,False,-1.54,widening,False,,-1.61,4636.0,4707.0,2026-03-27,-1.51,False,2026-07-13,2026-04-15,,0.4,0.36,0.0,0.22,1.91,1.91,0.11,-0.41,-0.22
3173.T,Ｃｏｍｉｎｉｘ,2026-07-28,1086.0,1087.0,1104.0,False,-1.54,2.66,0.89,,,,,2026-02-18,107.0,28.52,True,15.87,True,True,4.8,-8.18,False,crossed,31.0,,,1.14,True,7.83,widening,True,12.0,6.68,961.0,1018.0,2026-02-17,-5.6,False,2026-06-12,2026-04-22,3ヶ月,0.89,0.35,0.67,4.77,10.31,10.31,18.56,19.87,28.37
6942.T,ソフィアホールディングス,2026-07-28,1372.0,1372.0,1394.0,False,-1.58,1.03,1.02,,,,,2026-03-12,92.0,22.61,True,8.12,True,True,2.41,-2.89,True,crossed,20.0,,,1.89,True,0.78,widening,False,,-1.15,1323.0,1388.0,2026-03-11,-4.68,False,2026-06-29,2026-04-28,3ヶ月,0.83,0.2,0.64,2.47,9.65,10.85,7.19,12.18,23.49
7186.T,横浜フィナンシャルグループ,2026-07-28,1925.5,1964.0,1995.5,False,-1.58,1.06,0.93,,,,,2026-07-27,1.0,103.84,True,31.47,True,True,9.5,-18.7,False,crossed,53.0,,,2.16,True,8.43,narrowing,True,19.0,13.07,1618.0,1703.0,2026-02-12,-4.99,True,2026-05-13,2026-04-08,3ヶ月,0.89,0.55,0.91,7.17,21.73,21.73,35.22,37.78,102.96
7459.T,メディパルホールディングス,2026-07-28,2987.0,3021.0,3070.0,False,-1.6,0.99,1.07,,,,,2026-02-27,101.0,24.46,True,8.15,True,True,6.18,-4.55,True,imminent,,-0.37,,,False,,,,,,,,,,,,2026-04-24,,0.0,0.39,0.28,12.47,17.28,17.28,7.5,3.39,24.38
9039.T,サカイ引越センター,2026-07-28,3030.0,3050.0,3100.0,False,-1.61,0.67,1.0,,,,,2025-09-26,202.0,14.43,True,5.78,False,True,4.44,-6.56,False,crossed,27.0,,,2.85,True,3.45,widening,True,20.0,1.47,2809.0,2986.0,2026-01-23,-5.93,False,2026-06-18,2026-06-04,,0.44,0.02,0.02,5.49,9.95,12.84,4.74,1.64,14.6
8596.T,九州リースサービス,2026-07-28,1500.0,1510.0,1535.0,False,-1.63,0.63,0.53,,,,,2026-02-16,109.0,25.31,True,6.42,True,True,5.66,-10.34,False,crossed,18.0,,,0.34,True,0.25,narrowing,False,,-2.09,1458.0,1532.0,2026-02-19,-4.83,False,2026-07-01,2026-06-24,,0.37,0.0,0.38,7.27,11.16,14.45,7.3,4.17,24.79
2801.T,キッコーマン,2026-07-28,1660.0,1675.5,1703.5,False,-1.64,0.7,0.68,,,,,2026-07-08,13.0,28.73,True,15.18,True,True,8.12,-4.33,False,crossed,31.0,,,-5.46,True,-3.28,narrowing,True,0.0,1.9,1629.0,1629.0,2026-06-12,0.0,False,2026-06-12,2026-05-21,3ヶ月,0.76,0.39,0.67,8.25,14.32,14.32,15.76,16.45,29.49
8316.T,三井住友フィナンシャルグループ,2026-07-28,6962.0,7141.0,7260.0,False,-1.64,1.02,0.81,,,,,2026-07-27,1.0,91.37,True,28.27,True,True,7.74,-16.52,False,crossed,55.0,,,1.25,True,11.9,narrowing,True,19.0,12.22,5661.0,6204.0,2026-02-12,-8.75,False,2026-05-11,2026-03-30,3ヶ月,0.94,0.58,0.9,5.77,19.31,19.31,30.2,28.74,91.05
9450.T,ファイバーゲート,2026-07-28,766.0,774.0,787.0,False,-1.65,0.59,0.39,,,,,2023-06-13,763.0,12.98,True,8.62,True,True,2.92,-2.52,True,crossed,33.0,,,0.0,True,-2.47,widening,True,2.0,2.82,743.0,745.0,2026-06-09,-0.27,False,2026-06-10,2026-06-02,3ヶ月,0.75,0.67,0.11,4.88,7.59,14.88,7.43,11.5,12.48
4722.T,フューチャー,2026-07-28,2338.0,2407.0,2448.0,False,-1.67,0.5,3.83,,,,,2025-08-12,233.0,3.77,True,27.55,False,True,16.78,-12.59,False,crossed,8.0,,,7.48,False,13.96,widening,True,1.0,13.88,2031.0,2053.0,2026-07-14,-1.07,False,2026-07-15,2025-09-25,,0.41,0.01,0.67,12.99,26.91,41.21,41.87,20.08,4.61
94346.T,ソフトバンク第２回社債型種類株式,2026-07-28,7558.0,7590.0,7720.0,False,-1.68,3.28,0.65,,,,,,,-0.94,False,-0.87,False,False,0.36,-0.91,False,,,,,,,,,,,,,,,,,,,,0.15,0.64,0.34,0.66,2.14,2.14,-0.4,-1.31,-1.03
2813.T,和弘食品,2026-07-28,4000.0,4070.0,4140.0,False,-1.69,1.43,0.87,,,,,2024-06-26,508.0,6.24,True,12.59,True,True,8.04,-14.64,False,crossed,20.0,,,0.0,True,-2.92,widening,False,,-3.38,4000.0,4140.0,2026-03-06,-3.38,False,2026-06-29,2026-06-16,,0.17,0.5,0.44,6.1,9.3,24.21,3.63,23.84,6.95
3097.T,物語コーポレーション,2026-07-28,5170.0,5200.0,5290.0,False,-1.7,0.45,0.52,,,,,2026-03-05,97.0,35.34,True,14.02,True,True,11.07,-9.84,False,crossed,32.0,,,-3.49,True,3.93,widening,False,,-1.34,4730.0,5240.0,2026-03-06,-9.73,False,2026-06-11,2026-04-24,,0.46,0.1,0.55,11.13,19.94,19.94,22.66,18.71,35.87
7085.T,カーブスホールディングス,2026-07-28,978.0,985.0,1002.0,False,-1.7,1.26,1.95,,,,,2026-07-14,9.0,38.14,True,20.38,True,True,8.18,-13.04,False,crossed,68.0,,,-7.64,True,-4.1,narrowing,True,0.0,9.89,890.0,890.0,2026-04-16,0.0,False,2026-04-16,2026-04-10,3ヶ月・6ヶ月,0.92,0.82,0.39,4.97,10.62,15.12,20.0,28.01,46.41
7716.T,ナカニシ,2026-07-28,3090.0,3155.0,3210.0,False,-1.71,0.85,0.88,,,,,2026-07-27,1.0,56.61,True,22.99,True,True,8.2,-2.85,False,crossed,122.0,,,1.1,False,17.33,widening,,,,2189.0,,,,False,2026-01-27,2025-11-25,6ヶ月・1年,0.43,0.74,0.82,7.56,7.56,11.75,11.07,38.88,57.49
4762.T,エックスネット,2026-07-28,1925.0,1995.0,2030.0,False,-1.72,0.62,3.91,,,,,2026-07-21,5.0,43.87,True,26.53,True,True,5.0,-3.74,True,crossed,48.0,,,0.33,True,16.79,widening,True,16.0,21.45,1526.0,1585.0,2026-05-07,-3.72,False,2026-05-20,2026-04-17,3ヶ月・1年,0.71,0.47,0.75,7.82,7.82,7.82,30.07,25.16,44.74
8159.T,立花エレテック,2026-07-28,3315.0,3430.0,3490.0,False,-1.72,0.71,0.8,,,,,2026-02-18,107.0,20.85,True,8.86,True,True,7.2,-16.06,False,crossed,37.0,,,-4.55,False,-2.54,widening,False,,-4.19,3190.0,3460.0,2026-02-18,-7.8,False,2026-06-04,2026-03-27,3ヶ月,0.71,0.07,0.38,8.23,19.57,19.57,17.1,6.25,19.24
4634.T,ａｒｔｉｅｎｃｅ,2026-07-28,4470.0,4555.0,4635.0,False,-1.73,0.61,0.91,,,,,2026-07-23,3.0,43.73,True,17.83,True,True,8.09,-14.9,False,,,,,,,,,,,,,,,,,,,3ヶ月,0.85,0.53,0.89,4.76,16.95,16.95,13.16,21.63,44.43
3941.T,レンゴー,2026-07-28,1523.0,1538.0,1565.0,False,-1.73,1.46,1.07,,,,,2026-02-27,101.0,72.07,True,20.81,True,True,10.97,-19.42,False,crossed,36.0,,,-0.4,True,3.44,narrowing,False,,-2.4,1389.0,1560.5,2026-02-27,-10.99,True,2026-06-05,2026-04-07,,0.59,0.04,0.82,5.9,21.92,21.92,19.54,19.12,74.48
7337.T,ひろぎんホールディングス,2026-07-28,2275.5,2322.0,2363.0,False,-1.74,1.16,1.02,,,,,2026-07-27,1.0,85.45,True,26.79,True,True,6.16,-11.23,False,,,,,,,,,,,,,,,,,,,3ヶ月,0.8,0.74,0.95,6.35,13.16,13.16,27.02,33.03,85.15
2917.T,大森屋,2026-07-28,946.0,946.0,963.0,False,-1.77,0.84,1.19,,,,,2024-07-10,498.0,0.0,True,4.29,False,True,2.1,-4.86,False,crossed,122.0,,,0.45,False,-18.14,widening,,,,895.0,,,,False,2026-01-27,2025-08-07,,0.35,0.59,0.04,2.26,2.68,7.72,3.05,5.7,-0.84
8628.T,松井証券,2026-07-28,1110.0,1113.0,1133.0,False,-1.77,1.61,1.56,,,,,2026-07-23,3.0,55.24,True,22.49,True,True,5.11,-2.55,True,crossed,14.0,,,7.84,True,9.52,narrowing,True,3.0,10.34,995.0,1006.0,2026-03-25,-1.09,False,2026-07-07,2026-07-01,1年,0.66,0.41,0.88,5.0,9.74,9.74,18.59,24.44,55.9
3774.T,インターネットイニシアティブ,2026-07-28,3520.0,3552.0,3616.0,False,-1.77,0.75,0.93,,,,,2026-07-14,9.0,30.9,True,26.93,True,True,7.93,-9.85,False,crossed,69.0,,,5.71,False,20.6,narrowing,True,6.0,27.08,2611.5,2770.0,2026-01-08,-5.72,False,2026-04-15,2026-01-21,3ヶ月,0.74,0.85,0.09,9.54,18.63,28.18,26.71,33.41,31.15
8101.T,ＧＳＩクレオス,2026-07-28,2717.0,2750.0,2800.0,False,-1.79,0.64,1.51,,,,,2026-02-27,101.0,30.94,True,11.18,True,True,7.98,-13.79,False,crossed,6.0,,,7.61,False,6.21,narrowing,False,,-2.96,2537.0,2800.0,2026-02-27,-9.39,False,2026-07-17,2026-04-07,,0.36,0.25,0.24,7.76,19.36,19.36,12.51,5.72,30.06
8133.T,伊藤忠エネクス,2026-07-28,2069.0,2088.0,2126.0,False,-1.79,0.57,1.12,,,,,2026-03-02,100.0,12.08,True,5.83,True,True,4.72,-7.94,True,crossed,15.0,,,-1.57,True,-0.87,widening,False,,-1.76,2042.0,2106.0,2026-03-02,-3.04,False,2026-07-06,2026-05-14,,0.32,0.08,0.16,6.89,10.97,14.99,9.64,0.93,12.32
7893.T,プロネクサス,2026-07-28,1180.0,1190.0,1212.0,False,-1.82,0.57,0.87,,,,,2024-01-17,617.0,6.31,True,4.87,True,True,4.55,-5.47,True,crossed,8.0,,,1.13,False,1.81,widening,False,,-1.5,1146.0,1198.0,2026-02-12,-4.34,False,2026-07-15,2026-03-23,,0.45,0.26,0.05,7.56,14.27,15.26,11.22,0.85,6.98
2179.T,成学社,2026-07-28,811.0,811.0,826.0,False,-1.82,0.85,0.92,,,,,2025-03-26,327.0,7.99,True,2.63,True,True,3.56,-6.8,True,crossed,9.0,,,1.63,False,0.34,narrowing,False,,-1.7,798.0,825.0,2026-01-23,-3.27,False,2026-07-14,2026-04-06,,0.2,0.21,0.01,7.13,10.67,10.67,6.29,0.37,7.99
8364.T,清水銀行,2026-07-28,2779.0,2891.0,2945.0,False,-1.83,0.63,1.25,,,,,2026-02-27,101.0,96.67,True,14.23,True,True,9.89,-16.07,False,crossed,3.0,,,,False,,,False,,-4.99,2720.0,2925.0,2026-02-27,-7.01,False,2026-07-23,2026-04-10,,0.05,0.1,0.71,14.57,19.83,19.83,10.54,12.42,96.67
6238.T,フリュー,2026-07-28,1386.0,1395.0,1421.0,False,-1.83,0.73,0.69,,,,,2026-06-10,33.0,38.88,True,16.01,True,True,6.94,-5.26,True,crossed,106.0,,,4.4,False,-5.65,widening,True,0.0,15.02,1205.0,1205.0,2026-02-19,0.0,False,2026-02-19,2025-11-07,,0.58,0.67,0.7,12.29,14.33,14.33,8.2,30.39,38.32
2669.T,カネ美食品,2026-07-28,4010.0,4010.0,4085.0,False,-1.84,0.71,1.08,,,,,2026-05-29,41.0,22.07,True,11.69,True,True,2.73,-2.41,True,crossed,73.0,,,-1.54,True,-11.79,widening,True,0.0,3.22,3885.0,3885.0,2026-04-09,0.0,False,2026-04-09,2026-03-19,6ヶ月・1年,0.55,0.72,0.84,7.85,7.85,7.85,7.94,13.6,22.07
9006.T,京浜急行電鉄,2026-07-28,1621.5,1624.0,1654.5,False,-1.84,1.18,0.86,,,,,2026-04-09,73.0,4.28,True,6.69,False,True,4.19,-4.26,False,crossed,0.0,,,,False,,,False,,-0.46,1621.5,1629.0,2026-04-07,-0.46,False,2026-07-28,2026-05-28,,0.0,0.04,0.01,10.28,11.91,13.09,4.34,4.24,4.75
9679.T,ホウライ,2026-07-28,2389.0,2389.0,2434.0,False,-1.85,0.34,1.69,,,,,2026-04-28,60.0,38.09,True,14.47,True,False,5.27,-4.13,False,,,,,,,,,,,,,,,,,,,6ヶ月,0.19,0.76,0.77,7.95,7.95,16.33,12.05,18.56,38.01
3159.T,丸善ＣＨＩホールディングス,2026-07-28,364.0,369.0,376.0,False,-1.86,2.48,2.49,,,,,2026-03-03,99.0,10.98,True,5.68,True,True,2.25,-1.46,True,crossed,58.0,,,0.29,True,-6.94,widening,False,,-1.62,347.0,370.0,2026-03-03,-6.22,False,2026-05-01,2026-04-30,,0.7,0.42,0.56,3.08,9.19,9.44,4.9,6.43,10.64
2475.T,ＷＤＢホールディングス,2026-07-28,1828.0,1845.0,1880.0,False,-1.86,0.57,0.7,,,,,2024-03-21,574.0,9.4,True,11.7,True,True,7.08,-7.02,False,crossed,46.0,,,1.18,False,-6.2,widening,True,45.0,-0.44,1780.0,1836.0,2026-05-20,-3.05,False,2026-05-22,2026-03-02,,0.45,0.46,0.0,6.43,10.65,18.54,21.7,9.99,9.59
8362.T,福井銀行,2026-07-28,5990.0,6230.0,6350.0,False,-1.89,0.72,0.72,,,,,2026-07-07,14.0,230.76,True,69.42,True,True,9.15,-9.49,False,,,,,,,,,,,,,,,,,,,,0.85,0.91,0.95,14.04,14.04,14.04,73.12,108.64,231.31
5831.T,しずおかフィナンシャルグループ,2026-07-28,3327.0,3404.0,3470.0,False,-1.9,1.02,0.97,,,,,2026-07-27,1.0,95.71,True,25.23,True,True,9.69,-18.5,False,crossed,70.0,,,-3.35,True,3.5,narrowing,True,54.0,5.82,2822.0,3144.0,2026-02-27,-10.24,False,2026-04-14,2026-04-10,3ヶ月,0.82,0.51,0.92,6.97,20.17,20.17,24.4,32.81,94.56
8157.T,都築電気,2026-07-28,4020.0,4135.0,4215.0,False,-1.9,1.36,1.02,,,,,2026-05-21,47.0,36.87,True,11.54,True,False,9.14,-17.01,False,crossed,43.0,,,0.87,True,-7.97,widening,False,,-3.71,4015.0,4175.0,2026-02-27,-3.83,False,2026-05-27,2026-04-10,,0.29,0.23,0.75,7.0,17.13,17.13,15.19,14.69,36.5
7433.T,伯東,2026-07-28,4570.0,4635.0,4725.0,False,-1.9,1.23,0.85,,,,,2026-07-07,14.0,20.58,True,9.43,True,True,4.18,-5.98,True,,,,,,,,,,,,,,,,,,,1年,0.42,0.56,0.78,5.48,8.33,9.14,10.25,12.01,20.9
4671.T,ファルコホールディングス,2026-07-28,2687.0,2722.0,2775.0,False,-1.91,0.69,0.78,,,,,2026-01-15,130.0,16.37,True,3.1,True,True,3.01,-4.4,True,crossed,11.0,,,0.67,False,-1.4,widening,False,,-2.75,2682.0,2763.0,2026-01-15,-2.93,False,2026-07-10,2026-03-30,,0.63,0.16,0.28,5.91,8.49,9.52,5.29,-1.18,17.34
2922.T,なとり,2026-07-28,1994.0,2001.0,2040.0,False,-1.91,0.78,1.07,,,,,2024-12-30,381.0,-0.85,True,3.54,False,True,2.7,-3.19,False,crossed,17.0,,,1.34,False,0.04,narrowing,True,4.0,0.61,1945.0,1982.0,2026-03-27,-1.87,False,2026-07-02,2026-04-20,3ヶ月,0.84,0.04,0.38,2.16,6.56,9.22,6.92,4.67,-0.7
8336.T,武蔵野銀行,2026-07-28,2714.0,2774.0,2828.0,False,-1.91,0.87,0.8,,,,,2026-07-27,1.0,132.3,True,35.12,True,True,6.56,-4.16,True,,,,,,,,,,,,,,,,,,,6ヶ月・1年,0.67,0.89,0.97,6.49,10.89,10.89,16.33,47.23,131.31
5997.T,協立エアテック,2026-07-28,916.0,917.0,935.0,False,-1.93,0.37,1.47,,,,,2026-07-02,17.0,38.79,True,17.85,True,True,4.3,-0.42,True,,,,,,,,,,,,,,,,,,,6ヶ月・1年,0.69,0.74,0.9,3.76,7.28,7.28,12.39,23.95,46.09
4578.T,大塚ホールディングス,2026-07-28,11380.0,11680.0,11910.0,False,-1.93,0.85,1.03,,,,,2026-05-21,47.0,71.9,True,14.21,True,True,5.4,-7.77,True,crossed,4.0,,,,True,,,False,,-2.86,10970.0,11715.0,2026-05-29,-6.36,False,2026-07-22,2026-06-24,,0.01,0.39,0.89,12.93,12.93,12.93,5.27,24.69,72.76
7604.T,梅の花グループ,2026-07-28,898.0,906.0,924.0,False,-1.95,0.63,1.32,,,,,2023-09-11,701.0,9.11,True,5.26,True,True,3.38,-5.22,True,crossed,5.0,,,-0.11,True,-0.86,,False,,-2.81,899.0,924.0,2026-04-01,-2.71,False,2026-07-21,2026-05-25,,0.28,0.03,0.49,9.3,10.28,10.28,-1.75,5.9,9.38
7219.T,エッチ・ケー・エス,2026-07-28,2549.0,2549.0,2600.0,False,-1.96,0.09,2.95,,,,,2026-07-13,10.0,15.86,True,12.35,True,True,3.09,-3.05,True,crossed,38.0,,,-2.88,True,2.83,narrowing,True,28.0,6.65,2327.0,2390.0,2026-03-02,-2.64,False,2026-06-03,2026-05-20,,0.53,0.39,0.53,3.83,7.78,7.88,14.98,14.25,15.86
6194.T,アトラエ,2026-07-28,831.0,842.0,859.0,False,-1.98,0.4,2.16,,,,,2024-11-27,404.0,10.07,True,18.93,False,True,8.01,-11.25,False,crossed,37.0,,,4.18,False,17.57,widening,True,26.0,11.39,670.0,746.0,2026-05-14,-10.19,False,2026-06-04,2026-04-02,,0.62,0.19,0.12,10.99,14.78,25.99,27.26,18.21,11.1
8708.T,アイザワ証券グループ,2026-07-28,1592.0,1646.0,1680.0,False,-2.02,1.25,1.79,,,,,2026-07-27,1.0,16.29,True,10.67,True,True,5.2,-6.46,True,crossed,11.0,,,0.51,True,-1.08,narrowing,True,7.0,-2.39,1584.0,1631.0,2026-04-17,-2.88,False,2026-07-10,2026-05-25,,0.65,0.17,0.57,5.82,13.67,13.67,12.99,10.48,17.75
6724.T,セイコーエプソン,2026-07-28,2958.5,3065.0,3129.0,False,-2.05,0.7,0.89,,,,,2026-06-03,38.0,57.83,True,33.09,True,False,12.62,-9.42,False,crossed,63.0,,,0.67,True,29.2,narrowing,True,6.0,36.84,2081.0,2162.0,2026-02-10,-3.75,False,2026-04-23,2026-03-30,,0.48,0.77,0.66,14.91,14.91,14.91,46.03,45.85,58.29
7613.T,シークス,2026-07-28,1400.0,1433.0,1463.0,False,-2.05,0.81,0.97,,,,,2026-06-04,37.0,13.27,True,5.72,False,False,8.69,-17.54,False,,,,,,,,,,,,,,,,,,,,0.04,0.15,0.1,11.58,19.16,19.16,8.44,5.03,11.82
7490.T,日新商事,2026-07-28,2191.0,2191.0,2237.0,False,-2.06,0.71,0.12,,,,,2026-05-14,52.0,102.87,True,44.0,True,False,21.87,-5.68,False,crossed,53.0,,,6.22,True,-4.98,widening,True,0.0,5.59,2075.0,2075.0,2026-05-13,0.0,False,2026-05-13,2026-04-20,6ヶ月,0.35,0.72,0.58,2.27,6.97,17.19,75.28,66.87,105.53
4443.T,Ｓａｎｓａｎ,2026-07-28,1979.0,1990.0,2032.0,False,-2.07,0.91,1.24,,,,,2025-02-17,352.0,0.46,True,29.79,False,True,15.75,-21.47,False,crossed,54.0,,,12.22,False,47.24,widening,True,54.0,0.15,1252.0,1976.0,2026-01-15,-36.64,False,2026-05-12,2026-01-29,,0.71,0.49,0.32,21.64,38.85,48.85,56.2,18.29,4.21
6995.T,東海理化電機製作所,2026-07-28,3265.0,3305.0,3375.0,False,-2.07,1.06,0.81,,,,,2026-02-19,106.0,40.98,True,8.87,True,True,6.11,-12.6,False,crossed,14.0,,,-1.61,False,3.11,widening,False,,-3.26,3105.0,3375.0,2026-02-19,-8.0,False,2026-07-07,2026-03-25,,0.56,0.2,0.41,10.77,18.96,18.96,14.84,-1.21,39.71
1375.T,ユキグニファクトリー,2026-07-28,1161.0,1164.0,1189.0,False,-2.1,0.74,0.88,,,,,2026-07-08,13.0,3.94,True,8.5,True,True,3.39,-4.79,True,crossed,27.0,,,-0.36,False,0.37,widening,True,1.0,4.59,1108.0,1110.0,2026-02-12,-0.18,False,2026-06-18,2026-04-10,3ヶ月,0.81,0.29,0.04,4.94,6.31,11.87,10.99,8.2,4.41
7807.T,幸和製作所,2026-07-27,875.0,876.0,895.0,False,-2.12,0.16,1.8,,,,,2026-07-17,5.0,16.05,True,4.93,True,True,4.04,-4.57,True,crossed,1.0,,,,False,,,False,,-2.23,876.0,895.0,2026-07-17,-2.12,False,2026-07-24,2026-04-06,,0.1,0.17,0.17,6.63,8.02,8.02,6.58,2.58,16.05
3190.T,ホットマン,2026-07-28,596.0,596.0,609.0,False,-2.13,2.66,1.24,,,,,2024-08-06,480.0,-0.33,True,3.95,False,True,1.72,-3.34,False,crossed,15.0,,,-0.52,False,1.64,widening,True,13.0,2.94,574.0,579.0,2026-01-26,-0.86,False,2026-07-06,2026-04-06,,0.45,0.02,0.5,1.74,2.76,7.72,4.56,3.29,0.17
2340.T,極楽湯ホールディングス,2026-07-28,500.0,502.0,513.0,False,-2.14,0.59,0.68,,,,,2025-01-30,363.0,3.09,True,3.51,False,True,1.46,-1.44,False,crossed,11.0,,,-0.2,False,-0.57,widening,True,0.0,1.01,495.0,495.0,2026-07-10,0.0,False,2026-07-10,2026-04-17,,0.51,0.0,0.03,2.48,4.66,7.48,3.73,2.67,2.88
3401.T,帝人,2026-07-28,1686.5,1735.0,1773.0,False,-2.14,0.63,0.91,,,,,2026-05-14,52.0,36.39,True,11.38,True,True,6.39,-5.86,True,crossed,22.0,,,0.52,True,0.04,narrowing,True,7.0,-2.91,1631.0,1737.0,2026-05-13,-6.1,False,2026-06-25,2026-06-23,,0.41,0.18,0.81,9.47,12.83,13.16,9.34,15.75,37.67
5355.T,日本坩堝,2026-07-28,680.0,680.0,695.0,False,-2.16,0.33,0.53,,,,,2026-03-06,96.0,13.33,True,6.03,True,True,1.96,-1.8,True,crossed,25.0,,,1.95,True,-2.08,widening,True,11.0,-0.58,667.0,684.0,2026-03-13,-2.49,False,2026-06-22,2026-05-11,3ヶ月・1年,0.84,0.37,0.85,2.44,6.29,6.29,4.13,7.26,13.14
2818.T,ピエトロ,2026-07-28,1748.0,1761.0,1800.0,False,-2.17,0.35,1.29,,,,,2026-03-17,89.0,0.46,True,0.02,False,True,1.47,-2.53,False,crossed,10.0,,,0.68,False,-2.0,widening,False,,-2.83,1758.0,1799.0,2026-03-16,-2.28,False,2026-07-13,2026-04-15,,0.51,0.35,0.01,1.24,4.34,4.34,1.04,-0.85,0.69
7513.T,コジマ,2026-07-28,1419.0,1441.0,1473.0,False,-2.17,0.71,1.85,,,,,2026-06-10,33.0,8.74,True,13.85,True,False,6.99,-6.8,False,crossed,33.0,,,-4.8,True,-6.89,narrowing,True,0.0,-1.32,1438.0,1438.0,2026-06-10,0.0,False,2026-06-10,2026-04-28,,0.21,0.05,0.39,11.96,14.7,19.2,17.86,9.74,9.15
9702.T,アイ・エス・ビー,2026-07-28,2332.0,2349.0,2401.0,False,-2.17,1.2,1.0,,,,,2026-06-01,40.0,67.41,True,18.02,True,False,5.63,-5.51,False,crossed,126.0,,,-2.5,True,5.11,widening,,,,1799.0,,,,False,2026-01-21,2025-12-02,6ヶ月・1年,0.04,0.81,0.86,7.9,7.93,10.95,11.74,28.77,66.33
9636.T,きんえい,2026-07-28,4280.0,4285.0,4380.0,False,-2.17,2.67,1.18,,,,,2026-03-16,90.0,4.65,True,3.27,True,True,0.77,-0.85,True,crossed,69.0,,,0.0,True,-11.31,narrowing,True,50.0,0.94,4160.0,4240.0,2026-01-28,-1.89,False,2026-04-15,2026-02-25,1年,0.45,0.62,0.71,2.1,4.48,4.48,2.03,2.03,4.52
4188.T,三菱ケミカルグループ,2026-07-28,1166.0,1205.5,1232.5,False,-2.19,0.69,0.93,,,,,2026-07-27,1.0,49.51,True,18.45,True,True,11.66,-22.53,False,crossed,38.0,,,-7.23,False,-0.62,narrowing,True,22.0,0.47,1099.0,1160.5,2026-02-27,-5.3,False,2026-06-03,2026-04-01,3ヶ月,0.79,0.19,0.73,11.12,25.37,25.37,27.94,14.43,50.68
2579.T,コカ・コーラ　ボトラーズジャパンホールディングス,2026-07-28,4401.0,4449.0,4551.0,False,-2.24,0.43,0.97,,,,,2026-07-08,13.0,95.21,True,28.29,True,True,10.75,-12.71,False,crossed,25.0,,,10.03,False,5.8,widening,True,3.0,4.76,4007.0,4201.0,2026-03-03,-4.62,False,2026-06-22,2026-04-20,3ヶ月,0.87,0.16,0.82,8.45,21.95,21.95,29.21,29.21,94.91
8344.T,山形銀行,2026-07-28,4035.0,4150.0,4245.0,False,-2.24,0.97,1.26,,,,,2026-07-07,14.0,159.82,True,62.19,True,True,10.15,-13.44,False,,,,,,,,,,,,,,,,,,,3ヶ月,0.92,0.81,0.94,9.96,16.94,16.94,67.08,87.33,161.17
7384.T,プロクレアホールディングス,2026-07-28,4230.0,4350.0,4450.0,False,-2.25,0.84,0.69,,,,,2026-07-27,1.0,191.32,True,48.96,True,True,9.14,-4.98,False,,,,,,,,,,,,,,,,,,,,0.49,0.88,0.93,13.01,13.01,13.01,23.14,57.95,189.53
3276.T,ＪＰＭＣ,2026-07-28,1770.0,1819.0,1861.0,False,-2.26,0.51,3.2,,,,,2026-07-21,5.0,49.37,True,33.26,True,True,11.7,-4.93,False,crossed,12.0,,,21.63,False,23.0,narrowing,True,0.0,24.74,1419.0,1419.0,2026-07-09,0.0,False,2026-07-09,2026-04-30,,0.5,0.25,0.36,5.32,6.97,8.13,37.0,36.36,50.9
6570.T,共和コーポレーション,2026-07-28,2128.0,2146.0,2196.0,False,-2.28,1.13,0.66,,,,,2026-07-27,1.0,116.48,True,54.83,True,True,13.56,-9.99,False,crossed,52.0,,,6.3,True,22.43,widening,True,0.0,32.75,1603.0,1603.0,2026-05-14,0.0,False,2026-05-14,2026-04-16,3ヶ月,0.8,0.78,0.57,10.87,13.26,21.1,73.29,71.34,116.7
4526.T,理研ビタミン,2026-07-28,3195.0,3210.0,3285.0,False,-2.28,0.85,0.64,,,,,2026-02-12,111.0,17.42,True,8.49,True,True,4.57,-7.35,True,crossed,26.0,,,3.08,False,2.71,widening,False,,-2.44,2988.0,3275.0,2026-02-12,-8.76,False,2026-06-19,2026-03-19,3ヶ月,0.93,0.0,0.09,3.79,18.63,18.63,16.61,2.9,17.29
4809.T,パラカ,2026-07-28,2080.0,2084.0,2133.0,False,-2.3,1.08,1.39,,,,,2026-07-16,7.0,11.77,True,3.02,True,True,3.13,-3.21,True,crossed,10.0,,,-1.72,True,-2.29,narrowing,False,,-1.47,2098.0,2111.0,2026-04-15,-0.62,False,2026-07-13,2026-05-19,,0.36,0.0,0.22,5.86,8.67,8.67,1.56,1.81,12.43
2060.T,フィード・ワン,2026-07-28,1287.0,1302.0,1333.0,False,-2.33,0.5,0.73,,,,,2026-03-02,100.0,20.85,True,12.52,True,True,8.37,-11.48,False,crossed,32.0,,,0.5,True,1.88,narrowing,False,,-3.45,1200.0,1333.0,2026-02-27,-9.98,False,2026-06-11,2026-04-22,,0.59,0.1,0.41,9.78,19.58,19.58,18.62,17.53,21.42
6578.T,コレックホールディングス,2026-07-28,496.0,503.0,515.0,False,-2.33,0.88,1.13,,,,,2026-02-25,103.0,51.22,True,21.22,True,True,11.86,-13.78,False,crossed,42.0,,,-0.92,True,5.96,narrowing,False,,-3.69,436.0,515.0,2026-02-24,-15.34,True,2026-05-28,2026-03-27,3ヶ月,0.75,0.03,0.7,4.95,22.33,22.33,11.96,5.53,53.56
6549.T,ディーエムソリューションズ,2026-07-28,1141.0,1171.0,1199.0,False,-2.34,0.83,0.69,,,,,2026-07-08,13.0,47.61,True,29.69,True,True,6.9,-3.55,True,,,,,,,,,,,,,,,,,,,3ヶ月・6ヶ月・1年,0.88,0.91,0.76,5.13,8.87,9.27,31.22,42.71,47.23
7278.T,エクセディ,2026-07-28,6110.0,6140.0,6290.0,False,-2.38,1.11,1.03,,,,,2026-05-29,41.0,43.43,True,7.06,True,False,6.76,-10.81,False,crossed,49.0,,,0.85,True,-5.49,narrowing,True,8.0,-1.45,5870.0,6200.0,2026-02-27,-5.32,False,2026-05-19,2026-04-06,,0.01,0.09,0.67,8.01,11.45,11.45,8.72,3.04,43.76
8043.T,スターゼン,2026-07-28,1348.0,1352.0,1385.0,False,-2.38,1.12,1.5,,,,,2026-02-25,103.0,20.36,True,9.35,True,True,6.29,-10.34,False,crossed,13.0,,,-1.15,False,1.57,narrowing,False,,-1.96,1303.0,1375.0,2026-02-27,-5.24,False,2026-07-08,2026-04-02,3ヶ月,0.85,0.24,0.04,5.01,19.56,19.56,18.77,2.35,21.01
8616.T,東海東京フィナンシャル・ホールディングス,2026-07-28,795.0,812.0,832.0,False,-2.4,0.84,0.7,,,,,2026-02-27,101.0,52.3,True,12.71,True,True,7.64,-14.22,False,crossed,18.0,,,0.92,False,1.57,narrowing,False,,-4.22,763.0,830.0,2026-02-27,-8.07,False,2026-07-01,2026-04-16,3ヶ月,0.81,0.0,0.77,6.15,17.23,17.23,11.03,8.02,53.18
8613.T,丸三証券,2026-07-28,1131.0,1141.0,1169.0,False,-2.4,0.59,1.49,,,,,2026-07-16,7.0,24.01,True,9.61,True,True,4.8,-10.64,False,crossed,25.0,,,2.29,False,3.68,narrowing,True,14.0,1.16,1050.0,1118.0,2026-02-27,-6.08,False,2026-06-22,2026-04-03,1年,0.7,0.09,0.74,2.84,10.82,10.82,10.45,4.92,25.11
8368.T,百五銀行,2026-07-28,2050.0,2104.0,2156.0,False,-2.41,1.23,0.86,,,,,2026-07-07,14.0,176.28,True,36.66,True,True,9.13,-11.53,False,,,,,,,,,,,,,,,,,,,,0.61,0.87,0.97,8.82,15.82,15.82,21.16,40.31,175.91
9742.T,アイネス,2026-07-28,2173.0,2211.0,2266.0,False,-2.43,0.69,0.76,,,,,2026-03-19,87.0,25.83,True,8.75,True,True,8.56,-15.38,False,crossed,31.0,,,2.73,True,0.92,narrowing,False,,-2.38,2048.0,2226.0,2026-03-19,-8.0,False,2026-06-12,2026-06-08,,0.57,0.42,0.6,7.12,14.42,18.45,4.17,17.14,26.63
8604.T,野村ホールディングス,2026-07-28,1567.0,1596.0,1636.0,False,-2.44,0.65,0.94,,,,,2026-07-16,7.0,66.22,True,20.71,True,True,7.48,-17.11,False,crossed,33.0,,,4.61,False,7.41,narrowing,True,19.0,5.06,1387.0,1491.5,2026-01-15,-7.01,False,2026-06-10,2026-03-18,3ヶ月,0.92,0.19,0.72,7.01,19.09,20.85,19.44,10.86,66.83
9324.T,安田倉庫,2026-07-28,2602.0,2602.0,2667.0,False,-2.44,0.66,1.5,,,,,2026-02-13,110.0,40.95,True,12.73,True,True,6.2,-7.53,True,crossed,13.0,,,6.53,False,5.72,widening,False,,-1.63,2418.0,2645.0,2026-02-12,-8.58,False,2026-07-08,2026-04-28,,0.68,0.0,0.59,7.21,16.86,16.86,16.94,15.18,42.34
7514.T,ヒマラヤ,2026-07-28,878.0,878.0,900.0,False,-2.44,0.66,0.77,,,,,2021-09-27,1182.0,1.5,True,2.56,True,True,1.67,-2.39,True,crossed,26.0,,,0.23,False,-1.17,narrowing,False,,-2.23,852.0,898.0,2026-02-25,-5.12,False,2026-06-19,2026-03-23,3ヶ月,0.71,0.07,0.03,0.94,6.35,6.67,3.17,-0.45,1.62
4997.T,日本農薬,2026-07-28,1061.0,1076.0,1103.0,False,-2.45,1.09,1.21,,,,,2026-05-28,42.0,25.71,True,7.18,True,True,8.04,-13.94,False,crossed,15.0,,,-3.18,True,0.12,narrowing,False,,-2.84,1037.0,1092.0,2026-02-27,-5.04,False,2026-07-06,2026-07-03,,0.43,0.02,0.23,8.14,12.73,17.12,5.78,2.31,23.8
2877.T,日東ベスト,2026-07-28,740.0,752.0,771.0,False,-2.46,0.32,2.48,,,,,2023-09-25,692.0,-1.73,False,-0.25,True,True,1.36,-2.5,False,crossed,11.0,,,0.27,False,-1.85,widening,False,,-3.65,742.0,768.0,2026-03-26,-3.39,False,2026-07-10,2026-04-22,,0.42,0.08,0.07,3.01,5.21,5.45,-0.4,-0.54,-3.9
8424.T,芙蓉総合リース,2026-07-28,4490.0,4549.0,4664.0,False,-2.47,0.84,0.97,,,,,2026-02-19,106.0,13.27,True,4.43,False,True,5.35,-8.81,False,crossed,1.0,,,,False,,,False,,-3.36,4520.0,4646.0,2026-02-27,-2.71,False,2026-07-27,2026-04-06,,0.03,0.32,0.03,7.56,12.4,12.4,4.93,0.94,12.42
8622.T,水戸証券,2026-07-28,773.0,791.0,811.0,False,-2.47,1.05,1.35,,,,,2026-07-23,3.0,35.61,True,24.09,True,True,7.21,-6.9,False,crossed,7.0,,,7.73,True,5.75,narrowing,True,3.0,1.18,724.0,764.0,2026-03-11,-5.24,False,2026-07-16,2026-05-21,,0.47,0.14,0.71,7.35,17.54,17.54,15.89,28.83,38.28
5982.T,マルゼン,2026-07-28,4045.0,4150.0,4255.0,False,-2.47,0.72,0.6,,,,,2026-02-24,104.0,15.41,True,7.33,True,True,5.77,-8.43,False,crossed,13.0,,,-1.12,False,-0.89,narrowing,False,,-4.94,4005.0,4255.0,2026-02-24,-5.88,False,2026-07-08,2026-05-07,,0.51,0.04,0.4,10.5,19.86,19.86,6.17,6.73,15.57
9147.T,ＮＩＰＰＯＮ　ＥＸＰＲＥＳＳホールディングス,2026-07-28,5387.0,5467.0,5606.0,False,-2.48,0.79,0.78,,,,,2026-07-15,8.0,67.3,True,35.47,True,True,9.87,-7.95,False,,,,,,,,,,,,,,,,,,,3ヶ月・6ヶ月,0.72,0.87,0.75,6.02,9.32,12.34,41.95,55.33,67.66
9249.T,日本エコシステム,2026-07-28,1633.0,1643.0,1685.0,False,-2.49,1.69,1.04,,,,,2025-09-08,214.0,8.07,True,4.01,False,True,3.51,-6.34,False,crossed,28.0,,,-0.93,False,-3.49,narrowing,False,,-1.03,1615.0,1650.0,2026-02-26,-2.12,False,2026-06-17,2026-04-14,3ヶ月,0.84,0.01,0.11,2.74,7.88,10.74,5.83,3.09,7.43
7682.T,浜木綿,2026-07-28,4095.0,4095.0,4200.0,False,-2.5,2.25,1.42,,,,,2024-04-01,567.0,-1.92,True,2.04,True,True,1.27,-2.4,False,crossed,0.0,,,,False,,,False,,-0.36,4095.0,4110.0,2026-01-20,-0.36,False,2026-07-28,2026-05-20,,0.12,0.0,0.34,2.56,2.8,7.67,1.87,0.74,-1.68
4012.T,アクシス,2026-07-28,1712.0,1745.0,1790.0,False,-2.51,0.74,0.74,,,,,2026-07-23,3.0,3.76,True,8.67,True,True,7.86,-8.83,False,crossed,109.0,,,-0.24,False,-16.5,widening,True,53.0,2.51,1634.0,1670.0,2026-02-09,-2.16,False,2026-02-16,2025-11-05,,0.44,0.41,0.02,6.75,10.42,18.81,11.02,15.68,4.45
9535.T,広島ガス,2026-07-28,417.0,423.0,434.0,False,-2.53,0.38,1.37,,,,,2026-03-25,84.0,17.13,True,8.42,True,True,3.61,-4.96,True,crossed,8.0,,,-0.48,True,-2.11,widening,True,2.0,-1.18,421.0,422.0,2026-07-10,-0.24,False,2026-07-15,2026-06-22,,0.12,0.57,0.46,9.79,9.79,9.79,4.25,11.8,17.13
3172.T,ティーライフ,2026-07-28,1154.0,1155.0,1185.0,False,-2.53,2.19,1.93,,,,,2023-07-06,746.0,-1.7,True,0.14,True,True,1.7,-3.08,False,crossed,13.0,,,0.52,True,-2.32,widening,False,,-2.53,1159.0,1184.0,2026-01-23,-2.11,False,2026-07-08,2026-07-01,,0.07,0.0,0.11,1.47,4.56,5.68,-0.17,-2.45,-1.62
2882.T,イートアンドホールディングス,2026-07-28,2062.0,2075.0,2129.0,False,-2.54,1.1,0.96,,,,,2025-01-10,376.0,0.0,True,2.86,False,True,2.17,-4.2,False,crossed,32.0,,,-0.2,False,-2.63,narrowing,False,,-1.72,2007.0,2098.0,2026-02-13,-4.34,False,2026-06-11,2026-03-17,3ヶ月,0.72,0.01,0.16,2.79,8.06,9.39,5.42,0.39,1.28
6432.T,竹内製作所,2026-07-28,7370.0,7680.0,7880.0,False,-2.54,0.58,1.07,,,,,2026-06-05,36.0,53.22,True,8.51,True,True,11.52,-17.6,False,crossed,56.0,,,-2.47,True,-10.38,narrowing,True,20.0,-3.53,7300.0,7640.0,2026-02-25,-4.45,False,2026-05-08,2026-03-25,,0.22,0.25,0.68,9.24,20.42,20.42,2.36,12.52,54.83
3467.T,アグレ都市デザイン,2026-07-28,2789.0,2826.0,2900.0,False,-2.55,0.77,1.06,,,,,2026-03-18,88.0,45.11,True,11.7,True,True,8.52,-14.24,False,crossed,13.0,,,6.54,False,5.38,narrowing,False,,-3.36,2600.0,2886.0,2026-03-18,-9.91,False,2026-07-08,2026-04-17,,0.6,0.05,0.56,9.74,22.25,22.25,20.79,8.9,45.94
8331.T,千葉銀行,2026-07-28,2715.5,2750.5,2822.5,False,-2.55,0.72,1.0,,,,,2026-07-27,1.0,99.3,True,31.82,True,True,8.28,-14.22,False,crossed,61.0,,,5.92,True,20.95,narrowing,True,27.0,12.49,2034.0,2414.0,2026-02-09,-15.74,True,2026-04-27,2026-04-24,3ヶ月,0.89,0.57,0.91,9.01,19.3,19.3,33.83,36.12,98.72
9908.T,日本電計,2026-07-28,2613.0,2660.0,2730.0,False,-2.56,1.25,1.16,,,,,2026-07-17,6.0,24.19,True,9.72,True,True,6.14,-9.96,False,crossed,22.0,,,2.2,True,-2.51,widening,True,6.0,-2.54,2591.0,2681.0,2026-02-27,-3.36,False,2026-06-25,2026-06-15,1年,0.53,0.1,0.77,8.53,11.86,11.86,10.58,8.42,24.73
1438.T,岐阜造園,2026-07-28,1940.0,1978.0,2030.0,False,-2.56,0.43,1.23,,,,,2024-09-18,451.0,3.36,True,4.24,False,True,3.27,-4.67,False,crossed,14.0,,,-1.83,True,-0.73,widening,False,,-0.51,1915.0,1950.0,2026-05-15,-1.79,False,2026-07-07,2026-06-23,,0.05,0.39,0.17,7.38,7.38,13.1,1.57,7.3,2.37
7562.T,安楽亭,2026-07-28,3780.0,3785.0,3885.0,False,-2.57,0.66,1.03,,,,,2026-03-19,87.0,4.28,True,1.72,True,True,2.79,-6.07,True,crossed,15.0,,,0.4,False,-2.06,widening,False,,-2.33,3775.0,3870.0,2026-02-27,-2.45,False,2026-07-06,2026-04-20,3ヶ月,0.8,0.06,0.1,1.07,6.07,6.07,2.44,1.07,4.13
4956.T,コニシ,2026-07-28,1418.0,1478.0,1517.0,False,-2.57,3.4,0.84,,,,,2026-06-25,22.0,18.56,True,3.84,True,True,4.53,-4.33,True,,,,,,,,,,,,,,,,,,,1年,0.15,0.59,0.81,7.08,7.57,7.57,5.35,3.58,18.96
7867.T,タカラトミー,2026-07-28,3618.0,3636.0,3732.0,False,-2.57,0.99,1.12,,,,,2026-07-21,5.0,13.56,True,23.81,True,True,9.68,-9.46,False,crossed,42.0,,,-3.51,True,10.2,widening,True,1.0,16.9,3066.0,3095.0,2026-05-27,-0.94,False,2026-05-28,2026-03-30,3ヶ月,0.86,0.57,0.11,9.01,12.4,30.13,38.62,27.15,13.74
9914.T,植松商会,2026-07-28,753.0,755.0,775.0,False,-2.58,,,,,,,,,,,,,,,,False,,,,,,,,,,,,,,,,,,,,,,,,,,,,
8704.T,トレイダーズホールディングス,2026-07-28,1235.0,1280.0,1314.0,False,-2.59,0.82,0.84,,,,,2026-07-15,8.0,6.19,True,17.78,True,True,9.74,-15.17,False,,,,,,,,,,,,,,,,,,,,0.51,0.68,0.42,11.08,12.88,27.83,20.02,23.87,5.47
7167.T,めぶきフィナンシャルグループ,2026-07-28,1521.0,1544.5,1585.5,False,-2.59,0.74,1.12,,,,,2026-07-10,11.0,95.55,True,25.83,True,True,6.81,-11.17,False,,,,,,,,,,,,,,,,,,,3ヶ月,0.76,0.73,0.95,8.85,14.0,14.0,24.47,34.96,95.35
4998.T,フマキラー,2026-07-28,1217.0,1228.0,1261.0,False,-2.62,0.8,1.67,,,,,2025-09-25,203.0,10.44,True,5.39,False,True,4.08,-7.52,False,crossed,28.0,,,-1.37,False,-0.59,narrowing,True,17.0,2.44,1170.0,1188.0,2026-01-19,-1.52,False,2026-06-17,2026-04-01,3ヶ月,0.82,0.02,0.01,3.03,7.75,12.89,9.15,3.93,10.04
3063.T,ジェイグループホールディングス,2026-07-28,1250.0,1257.0,1291.0,False,-2.63,0.53,0.61,,,,,2026-07-15,8.0,67.11,True,42.97,True,True,8.37,-4.28,False,crossed,53.0,,,-0.25,True,43.75,widening,True,12.0,42.69,810.0,876.0,2026-02-25,-7.53,False,2026-05-13,2026-03-23,,0.86,0.64,0.52,12.18,12.9,12.9,54.51,48.99,64.69
9251.T,ＡＢ＆Ｃｏｍｐａｎｙ,2026-07-28,1358.0,1362.0,1399.0,False,-2.64,0.75,1.03,,,,,2025-09-29,201.0,40.87,True,11.14,True,True,12.39,-18.32,False,crossed,20.0,,,1.22,False,0.74,widening,True,0.0,3.66,1310.0,1310.0,2026-06-29,0.0,False,2026-06-29,2026-04-27,3ヶ月,0.86,0.22,0.46,1.48,8.0,22.64,13.07,12.79,41.61
8207.T,テンアライド,2026-07-28,293.0,294.0,302.0,False,-2.65,0.71,0.92,,,,,2026-03-27,82.0,3.9,True,2.49,True,True,2.19,-3.81,True,crossed,11.0,,,0.0,False,-1.58,widening,False,,-2.33,293.0,300.0,2026-03-16,-2.33,False,2026-07-10,2026-04-17,,0.62,0.18,0.08,2.1,6.67,6.67,2.45,0.34,3.9
3407.T,旭化成,2026-07-28,1823.5,1855.5,1906.0,False,-2.65,0.77,0.84,,,,,2026-07-06,15.0,79.74,True,17.64,True,True,10.68,-18.19,False,crossed,39.0,,,-1.52,True,-2.32,widening,True,24.0,-3.24,1742.5,1884.5,2026-03-02,-7.54,False,2026-06-02,2026-04-14,3ヶ月,0.74,0.35,0.89,4.5,21.76,21.76,19.42,20.92,80.37
3177.T,ありがとうサービス,2026-07-28,4030.0,4030.0,4140.0,False,-2.66,0.2,1.76,,,,,2026-07-15,8.0,22.68,True,13.55,True,True,6.4,-6.51,True,crossed,9.0,,,-1.1,False,-2.76,widening,True,0.0,-1.47,4090.0,4090.0,2026-07-14,0.0,False,2026-07-14,2026-03-25,,0.24,0.03,0.24,12.38,18.89,18.89,9.66,7.47,22.68
1976.T,明星工業,2026-07-28,1974.0,1994.0,2049.0,False,-2.68,1.25,1.0,,,,,2026-02-27,101.0,30.13,True,11.94,True,True,7.88,-15.46,False,crossed,10.0,,,4.67,True,8.24,widening,False,,-2.81,1800.0,2031.0,2026-02-27,-11.37,False,2026-07-13,2026-05-18,,0.24,0.0,0.62,10.38,17.92,17.92,9.42,10.9,31.16
7182.T,ゆうちょ銀行,2026-07-28,3276.0,3371.0,3465.0,False,-2.71,0.87,0.85,,,,,2026-07-24,2.0,102.53,True,27.78,True,True,11.18,-17.76,False,crossed,45.0,,,-2.72,True,-2.75,widening,True,8.0,2.6,3093.0,3193.0,2026-05-21,-3.13,True,2026-05-25,2026-04-14,3ヶ月,0.73,0.46,0.87,7.46,20.84,20.84,30.52,30.83,102.04
7683.T,ダブルエー,2026-07-28,1418.0,1423.0,1463.0,False,-2.73,1.19,1.49,,,,,2026-07-01,18.0,4.73,True,3.41,True,True,2.64,-3.41,True,crossed,62.0,,,1.33,False,-7.88,widening,True,36.0,-0.49,1352.0,1425.0,2026-01-16,-5.12,False,2026-04-24,2026-02-18,3ヶ月,0.74,0.64,0.55,2.88,8.93,9.12,4.88,0.64,5.51
2735.T,ワッツ,2026-07-28,674.0,676.0,695.0,False,-2.73,0.43,2.01,,,,,2024-09-17,452.0,-2.46,True,6.09,True,True,4.66,-9.7,False,crossed,16.0,,,6.65,False,4.31,narrowing,False,,-0.44,632.0,677.0,2026-02-12,-6.65,False,2026-07-03,2026-03-23,3ヶ月,0.71,0.08,0.35,2.27,12.26,14.16,13.28,1.51,-2.32
8550.T,栃木銀行,2026-07-28,1015.0,1052.0,1082.0,False,-2.77,0.82,1.07,,,,,2026-02-12,111.0,134.95,True,21.45,True,True,10.9,-15.44,False,crossed,15.0,,,0.51,True,2.34,widening,False,,-5.32,971.0,1072.0,2026-02-12,-9.42,False,2026-07-06,2026-07-01,,0.19,0.11,0.86,9.82,20.71,20.71,11.66,17.07,136.05
9539.T,京葉瓦斯,2026-07-28,1471.0,1499.0,1542.0,False,-2.79,1.19,1.03,,,,,2026-07-01,18.0,32.88,True,14.39,True,True,7.24,-8.49,False,,,,,,,,,,,,,,,,,,,1年,0.45,0.63,0.77,6.68,9.29,9.29,7.06,23.61,33.73
9008.T,京王電鉄,2026-07-28,820.9,823.3,847.0,False,-2.8,1.03,0.88,,,,,2026-02-19,106.0,18.29,True,5.63,False,True,6.34,-8.11,False,crossed,1.0,,,,False,,,False,,-2.71,807.2999877929688,843.8,2026-02-18,-4.33,False,2026-07-27,2026-03-27,,0.15,0.34,0.03,7.45,14.94,14.94,8.8,3.39,19.04
7551.T,ウェッズ,2026-07-28,728.0,752.0,774.0,False,-2.84,3.36,3.67,,,,,2026-04-01,79.0,18.95,True,8.45,True,True,3.48,-4.64,True,crossed,6.0,,,5.2,False,4.32,narrowing,False,,-5.21,692.0,768.0,2026-04-01,-9.9,False,2026-07-17,2026-05-19,,0.13,0.01,0.55,12.52,19.01,19.01,3.7,7.06,18.95
8308.T,りそなホールディングス,2026-07-28,2277.0,2351.0,2420.5,False,-2.87,1.09,0.9,,,,,2026-07-15,8.0,75.97,True,24.23,True,True,7.95,-9.84,False,,,,,,,,,,,,,,,,,,,3ヶ月,0.8,0.64,0.89,6.83,22.63,22.63,25.08,30.49,76.37
6654.T,不二電機工業,2026-07-28,1110.0,1111.0,1144.0,False,-2.88,1.36,1.97,,,,,2026-07-07,14.0,1.65,True,1.34,True,True,3.02,-5.0,True,crossed,23.0,,,2.75,False,-1.75,narrowing,True,7.0,-1.94,1090.0,1132.0,2026-01-09,-3.71,False,2026-06-24,2026-02-25,,0.44,0.04,0.1,4.5,7.09,7.42,2.12,-1.51,1.19
4768.T,大塚商会,2026-07-28,3233.0,3256.0,3353.0,False,-2.89,0.62,0.74,,,,,2024-11-25,406.0,13.56,True,6.59,False,True,6.06,-5.26,False,imminent,,-0.7,,,False,,,,,,,,,,,,2026-02-16,,0.0,0.29,0.12,11.87,16.63,18.69,8.82,-0.15,14.14
5983.T,イワブチ,2026-07-28,15390.0,15690.0,16160.0,False,-2.91,1.2,1.86,,,,,2026-05-15,51.0,136.77,True,27.39,True,True,10.81,-10.31,False,,,,,,,,,,,,,,,,,,,,0.32,0.6,0.82,13.45,13.45,19.84,19.58,25.43,137.5
7515.T,マルヨシセンター,2026-07-28,4650.0,4650.0,4790.0,False,-2.92,1.43,0.68,,,,,2026-02-25,103.0,14.39,True,3.59,True,True,3.38,-3.09,True,crossed,20.0,,,2.33,False,0.3,narrowing,False,,-2.11,4505.0,4750.0,2026-02-25,-5.16,False,2026-06-29,2026-03-24,,0.29,0.03,0.68,3.47,8.63,8.63,1.2,-0.43,14.39
9993.T,ヤマザワ,2026-07-28,1181.0,1184.0,1220.0,False,-2.95,0.84,0.84,,,,,2026-02-24,104.0,3.42,True,0.99,True,True,1.69,-2.95,True,crossed,24.0,,,0.0,False,-3.98,widening,False,,-2.96,1183.0,1217.0,2026-02-20,-2.79,False,2026-06-23,2026-03-24,3ヶ月,0.76,0.15,0.05,1.2,5.67,5.67,2.34,-1.83,2.7
9706.T,日本空港ビルデング,2026-07-28,5594.0,5655.0,5830.0,False,-3.0,0.79,1.03,,,,,2026-04-08,74.0,22.65,True,13.09,True,True,7.03,-7.03,False,crossed,6.0,,,4.59,False,3.6,narrowing,False,,-2.49,5354.0,5737.0,2026-02-10,-6.68,False,2026-07-17,2026-05-15,,0.21,0.01,0.16,11.43,19.8,20.59,10.64,14.33,22.09
7129.T,ミアヘルサホールディングス,2026-07-28,1159.0,1164.0,1200.0,False,-3.0,1.21,1.19,,,,,2025-04-14,314.0,3.11,True,1.59,False,True,2.05,-3.64,False,crossed,8.0,,,0.0,False,-0.38,narrowing,False,,-3.26,1150.0,1198.0,2026-03-17,-4.01,False,2026-07-15,2026-04-14,,0.36,0.35,0.07,1.75,6.93,7.07,2.57,-0.69,3.48
7976.T,三菱鉛筆,2026-07-28,2626.0,2665.0,2748.0,False,-3.02,0.64,1.22,,,,,2026-07-09,12.0,28.54,True,11.3,True,True,5.98,-5.83,True,,,,,,,,,,,,,,,,,,,6ヶ月・1年,0.55,0.82,0.89,6.59,9.16,10.14,10.9,12.75,28.6
2705.T,大戸屋ホールディングス,2026-07-28,8210.0,8290.0,8550.0,False,-3.04,1.07,0.72,,,,,2026-07-14,9.0,55.2,True,22.53,True,True,7.2,-9.66,False,,,,,,,,,,,,,,,,,,,,0.52,0.58,0.91,12.83,12.83,12.83,19.16,28.68,54.91
7805.T,プリントネット,2026-07-28,758.0,762.0,786.0,False,-3.05,1.33,1.91,,,,,2026-07-13,10.0,5.13,True,7.14,True,True,3.69,-6.69,True,,,,,,,,,,,,,,,,,,,,0.17,0.7,0.2,5.53,6.27,16.93,0.8,8.13,3.98
8066.T,三谷商事,2026-07-28,2798.0,2847.0,2937.0,False,-3.06,0.69,1.47,,,,,2026-07-16,7.0,22.99,True,14.14,True,True,9.96,-19.26,False,crossed,16.0,,,2.69,True,2.11,narrowing,True,8.0,-1.82,2679.0,2850.0,2026-02-27,-6.0,False,2026-07-03,2026-06-23,,0.14,0.14,0.56,11.43,21.23,21.23,16.73,26.66,26.61
2109.T,ＤＭ三井製糖,2026-07-28,3470.0,3480.0,3590.0,False,-3.06,1.12,0.81,,,,,2026-04-09,73.0,13.77,True,4.65,True,True,4.8,-5.16,True,crossed,0.0,,,,False,,,False,,-3.07,3470.0,3580.0,2026-04-09,-3.07,False,2026-07-28,2026-04-30,,0.06,0.42,0.2,5.93,11.31,11.31,4.05,0.29,13.58
7619.T,田中商事,2026-07-28,907.0,918.0,947.0,False,-3.06,0.53,0.69,,,,,2026-02-05,115.0,26.68,True,4.36,True,True,4.64,-8.52,False,crossed,35.0,,,-3.01,False,-4.72,widening,False,,-3.51,896.0,940.0,2026-02-04,-4.68,False,2026-06-08,2026-03-31,,0.53,0.04,0.52,4.62,13.19,13.19,8.49,-0.33,26.15
9031.T,西日本鉄道,2026-07-28,3175.0,3198.0,3299.0,False,-3.06,0.83,1.02,,,,,2026-04-09,73.0,53.01,True,12.33,True,True,8.41,-7.53,False,crossed,5.0,,,0.54,False,-0.21,,False,,-2.43,3158.0,3254.0,2026-02-27,-2.95,False,2026-07-21,2026-05-14,,0.43,0.06,0.7,7.71,16.27,16.27,7.55,8.21,56.44
428A.T,サイプレス・ホールディングス,2026-07-28,1368.0,1383.0,1427.0,False,-3.08,0.71,0.78,,,,,,,,,,,True,13.14,-6.55,False,,,,,,,,,,,,,,,,,,,3ヶ月,0.8,0.84,,10.47,15.76,,50.99,54.05,
6282.T,オイレス工業,2026-07-28,2814.0,2854.0,2945.0,False,-3.09,0.78,0.94,,,,,2026-07-07,14.0,36.54,True,13.15,True,True,6.08,-11.21,False,crossed,66.0,,,0.87,True,-2.57,widening,True,9.0,4.42,2535.0,2695.0,2026-04-10,-5.94,False,2026-04-20,2026-04-06,,0.68,0.62,0.8,8.15,11.8,13.23,11.8,11.09,35.16
7213.T,レシップホールディングス,2026-07-28,617.0,627.0,647.0,False,-3.09,0.46,1.13,,,,,2026-07-16,7.0,39.91,True,25.29,True,True,5.91,-3.96,True,crossed,122.0,,,0.0,False,13.58,widening,,,,449.0,,,,False,2026-01-27,2025-10-23,3ヶ月・6ヶ月,0.74,0.85,0.62,11.67,11.67,11.67,30.44,37.72,40.23
6345.T,アイチ　コーポレーション,2026-07-28,1416.0,1429.0,1475.0,False,-3.12,0.69,0.88,,,,,2025-02-17,352.0,4.66,True,3.89,True,True,5.48,-11.39,False,crossed,11.0,,,-0.93,True,-0.66,widening,False,,-3.41,1403.0,1466.0,2026-02-27,-4.3,False,2026-07-10,2026-05-26,,0.1,0.0,0.16,7.24,11.39,11.39,5.2,1.22,4.5
4619.T,日本特殊塗料,2026-07-28,2448.0,2465.0,2545.0,False,-3.14,0.7,0.96,,,,,2026-02-27,101.0,19.77,True,7.47,True,True,7.65,-14.58,False,crossed,33.0,,,2.32,False,1.47,narrowing,False,,-3.81,2287.0,2545.0,2026-02-27,-10.14,False,2026-06-10,2026-03-31,,0.55,0.0,0.37,6.58,20.2,20.2,16.79,1.16,20.0
3405.T,クラレ,2026-07-28,1852.5,1884.5,1946.0,False,-3.16,0.81,0.79,,,,,2025-01-27,366.0,0.73,True,10.85,True,True,6.79,-10.62,False,crossed,23.0,,,-1.31,False,6.88,widening,True,22.0,-1.12,1677.0,1873.5,2026-03-02,-10.49,False,2026-06-24,2026-04-07,,0.58,0.0,0.05,7.02,15.59,20.73,14.25,10.53,1.2
2916.T,仙波糖化工業,2026-07-28,746.0,760.0,785.0,False,-3.18,1.45,0.87,,,,,2024-07-29,486.0,0.0,True,2.96,False,True,1.87,-2.35,False,crossed,18.0,,,1.1,False,-0.44,narrowing,True,12.0,0.0,730.0,746.0,2026-03-04,-2.14,False,2026-07-01,2026-04-09,,0.69,0.0,0.35,3.02,5.36,10.45,5.22,1.08,0.0
2212.T,山崎製パン,2026-07-28,3535.0,3537.0,3653.0,False,-3.18,1.07,1.0,,,,,2026-04-06,76.0,14.77,True,8.16,False,True,6.15,-8.26,False,crossed,4.0,,,,False,,,False,,-2.59,3326.0,3629.0,2026-04-03,-8.35,False,2026-07-22,2026-03-24,,0.28,0.25,0.02,8.29,17.06,17.06,11.44,2.58,13.23
6287.T,サトー,2026-07-28,2474.0,2483.0,2565.0,False,-3.2,0.89,1.39,,,,,2025-12-16,148.0,19.06,True,7.51,True,True,6.11,-10.72,False,crossed,25.0,,,4.38,False,4.38,narrowing,False,,-1.04,2282.0,2500.0,2026-02-27,-8.72,False,2026-06-22,2026-03-30,3ヶ月,0.95,0.0,0.13,3.3,17.08,18.03,19.06,2.44,18.2
3138.T,富士山マガジンサービス,2026-07-28,1166.0,1170.0,1209.0,False,-3.23,2.17,0.56,,,,,2025-11-12,171.0,27.71,True,8.49,True,True,8.11,-18.52,False,crossed,106.0,,,5.07,True,-4.65,widening,True,26.0,10.1,1005.0,1059.0,2026-02-12,-5.1,False,2026-02-19,2025-12-22,6ヶ月,0.15,0.72,0.54,6.66,7.06,28.27,3.64,13.31,27.71
9934.T,因幡電機産業,2026-07-28,2758.5,2803.5,2897.5,False,-3.24,0.86,0.85,,,,,2026-05-15,51.0,36.56,True,6.83,True,True,5.73,-9.58,False,crossed,37.0,,,0.17,True,-3.3,widening,False,,-4.07,2674.0,2875.5,2026-02-27,-7.01,False,2026-06-04,2026-05-22,1年,0.25,0.07,0.82,6.66,11.56,11.56,5.81,3.03,36.86
3600.T,フジックス,2026-07-28,1701.0,1726.0,1784.0,False,-3.25,8.66,1.39,,,,,2026-03-02,100.0,6.98,True,2.55,True,True,2.25,-5.06,True,crossed,18.0,,,-0.87,False,-3.5,widening,False,,-4.65,1716.0,1784.0,2026-03-02,-3.81,False,2026-07-01,2026-04-30,,0.68,0.02,0.57,4.18,10.15,10.15,1.8,3.78,6.98
5900.T,ダイケン,2026-07-28,859.0,860.0,889.0,False,-3.26,0.32,1.19,,,,,2025-06-23,267.0,5.79,True,3.48,True,True,3.22,-3.58,True,crossed,29.0,,,-0.24,False,-2.78,narrowing,False,,-3.37,842.0,889.0,2026-02-19,-5.29,False,2026-06-16,2026-03-17,3ヶ月,0.76,0.01,0.0,3.7,12.15,12.15,5.92,1.66,6.18
9381.T,エーアイテイー,2026-07-28,2320.0,2365.0,2445.0,False,-3.27,0.72,1.33,,,,,2026-07-15,8.0,27.12,True,5.72,True,True,4.7,-6.31,True,crossed,15.0,,,0.68,False,-3.21,widening,True,0.0,-1.02,2344.0,2344.0,2026-07-06,0.0,False,2026-07-06,2026-04-02,,0.47,0.04,0.69,5.75,7.83,8.25,5.98,1.84,27.05
5363.T,東京窯業,2026-07-28,693.0,707.0,731.0,False,-3.28,0.99,0.78,,,,,2026-05-29,41.0,18.66,True,14.41,True,False,8.38,-12.93,False,crossed,48.0,,,11.98,True,1.35,narrowing,True,4.0,2.82,626.0,674.0,2026-05-19,-7.12,False,2026-05-20,2026-03-26,,0.48,0.48,0.6,7.12,16.44,16.44,14.93,6.45,20.31
8045.T,横浜丸魚,2026-07-28,2059.0,2059.0,2130.0,False,-3.33,0.1,2.03,,,,,2026-07-23,3.0,95.91,True,35.12,True,True,9.73,-15.06,False,crossed,28.0,,,9.12,True,15.8,narrowing,True,1.0,13.57,1710.0,1813.0,2026-02-27,-5.68,True,2026-06-17,2026-04-20,3ヶ月,0.87,0.36,0.87,4.7,15.06,15.06,28.69,27.81,94.25
7414.T,小野建,2026-07-28,1434.0,1446.0,1496.0,False,-3.34,0.54,0.74,,,,,2024-03-27,570.0,-0.07,True,2.67,False,True,3.83,-7.16,False,crossed,2.0,,,,False,,,False,,-4.08,1435.0,1495.0,2026-02-27,-4.01,False,2026-07-24,2026-04-01,,0.01,0.4,0.16,10.09,12.98,12.98,3.76,-1.38,0.99
3612.T,ワールド,2026-07-28,1633.0,1642.0,1699.0,False,-3.35,0.8,0.99,,,,,2026-07-06,15.0,21.05,True,7.61,True,True,6.54,-10.78,False,crossed,17.0,,,1.7,False,0.55,narrowing,False,,-3.09,1585.0,1685.0,2026-02-25,-5.93,False,2026-07-02,2026-03-31,,0.63,0.0,0.42,6.43,15.67,15.67,8.87,5.19,21.64
2152.T,幼児活動研究会,2026-07-28,1593.0,1628.0,1685.0,False,-3.38,2.32,1.86,,,,,2025-08-12,233.0,14.69,True,9.43,True,True,5.72,-7.55,True,imminent,,-0.16,,,False,,,,,,,,,,,,2026-05-19,,0.0,0.08,0.28,12.89,12.89,12.89,1.59,8.37,14.36
9835.T,ジュンテンドー,2026-07-28,507.0,510.0,528.0,False,-3.41,0.64,0.58,,,,,2020-09-28,1425.0,3.26,True,0.57,True,False,1.59,-2.31,False,diverging,,-0.18,-0.02,,True,,,,,,,,,,,,2026-07-14,,0.0,0.27,0.48,3.47,5.31,5.31,-0.59,-1.55,3.26
8158.T,ソーダニッカ,2026-07-28,1173.0,1190.0,1232.0,False,-3.41,0.63,0.82,,,,,2026-02-27,101.0,7.42,True,8.09,True,True,6.58,-14.6,False,crossed,31.0,,,1.08,False,0.78,narrowing,False,,-4.32,1107.0,1226.0,2026-02-27,-9.71,False,2026-06-12,2026-03-31,3ヶ月,0.91,0.01,0.06,3.34,17.86,17.86,16.48,-1.51,7.91
4496.T,コマースＯｎｅホールディングス,2026-07-28,841.0,849.0,879.0,False,-3.41,0.34,0.54,,,,,2025-03-04,342.0,8.24,True,7.95,False,True,6.22,-6.25,False,crossed,20.0,,,6.21,False,8.18,narrowing,True,9.0,2.69,757.0,819.0,2026-06-09,-7.57,False,2026-06-29,2026-01-27,,0.56,0.0,0.26,11.6,16.21,21.64,13.96,5.92,8.8
5957.T,日東精工,2026-07-28,773.0,788.0,816.0,False,-3.43,1.0,0.7,,,,,2026-02-27,101.0,28.62,True,4.61,True,True,4.75,-6.54,True,crossed,13.0,,,-2.0,True,-5.26,widening,False,,-4.69,800.0,811.0,2026-02-27,-1.36,False,2026-07-08,2026-07-02,1年,0.02,0.17,0.85,5.65,8.26,8.34,1.18,3.9,28.19
8059.T,第一実業,2026-07-28,3445.0,3510.0,3635.0,False,-3.44,0.44,1.55,,,,,2026-02-12,111.0,38.91,True,11.12,True,True,7.43,-9.64,False,crossed,5.0,,,1.62,False,0.87,,False,,-4.44,3390.0,3605.0,2026-02-12,-5.96,False,2026-07-21,2026-04-30,,0.28,0.16,0.56,11.84,19.67,19.67,4.87,5.51,38.58
6103.T,オークマ,2026-07-28,4815.0,5020.0,5200.0,False,-3.46,0.69,0.75,,,,,2026-05-12,54.0,28.23,True,18.84,True,True,14.83,-24.76,False,crossed,57.0,,,2.73,True,-10.64,widening,True,0.0,0.94,4770.0,4770.0,2026-05-07,0.0,False,2026-05-07,2026-04-03,,0.19,0.28,0.57,23.14,25.29,25.29,15.47,21.74,28.92
3769.T,ＧＭＯペイメントゲートウェイ,2026-07-28,9888.0,10020.0,10380.0,False,-3.47,0.63,0.8,,,,,2025-12-05,155.0,16.74,True,12.81,True,True,8.41,-9.46,False,crossed,60.0,,,-4.0,False,12.17,narrowing,True,46.0,-0.99,7941.0,9987.0,2026-01-13,-20.49,False,2026-04-28,2026-02-09,,0.64,0.2,0.0,13.54,26.29,31.84,24.08,4.66,15.49
8707.T,岩井コスモホールディングス,2026-07-28,4140.0,4280.0,4435.0,False,-3.49,1.49,1.47,,,,,2026-07-15,8.0,76.4,True,17.39,True,True,6.24,-12.04,False,,,,,,,,,,,,,,,,,,,3ヶ月,0.87,0.57,0.92,6.44,13.04,13.04,10.7,14.68,76.02
8935.T,ＦＪネクストホールディングス,2026-07-28,1858.0,1880.0,1948.0,False,-3.49,0.63,0.69,,,,,2026-02-27,101.0,51.92,True,14.31,True,True,14.74,-19.56,False,crossed,36.0,,,-1.9,True,-2.17,widening,False,,-4.62,1786.0,1948.0,2026-02-27,-8.32,False,2026-06-05,2026-04-15,,0.46,0.1,0.55,8.89,23.82,23.82,23.54,24.11,52.67
5192.T,三ツ星ベルト,2026-07-28,4100.0,4150.0,4300.0,False,-3.49,0.7,1.21,,,,,2026-02-24,104.0,19.53,True,3.88,True,True,3.97,-8.5,False,crossed,6.0,,,2.61,False,0.85,narrowing,False,,-4.54,4030.0,4295.0,2026-02-24,-6.17,False,2026-07-17,2026-04-07,,0.25,0.34,0.52,5.49,10.36,10.36,6.49,-0.97,19.01
4927.T,ポーラ・オルビスホールディングス,2026-07-28,1358.5,1363.5,1413.0,False,-3.5,1.03,0.96,,,,,2023-06-21,757.0,6.34,True,3.03,False,True,3.33,-5.12,False,crossed,5.0,,,1.87,False,1.12,,False,,-3.52,1333.5,1408.0,2026-02-12,-5.29,False,2026-07-21,2026-03-18,,0.21,0.36,0.03,5.53,12.11,12.11,4.86,-1.81,7.65
4623.T,アサヒペン,2026-07-28,1717.0,1717.0,1780.0,False,-3.54,0.16,1.01,,,,,2024-03-21,574.0,0.64,False,-0.27,False,True,1.02,-2.33,False,crossed,3.0,,,,False,,,False,,-2.94,1723.0,1769.0,2026-02-20,-2.6,False,2026-07-23,2026-04-07,,0.19,0.54,0.09,1.4,4.35,4.35,0.35,-1.04,0.7
9950.T,ハチバン,2026-07-28,3410.0,3410.0,3535.0,False,-3.54,1.14,1.51,,,,,2024-04-02,566.0,-0.29,False,-0.46,False,True,1.59,-3.71,False,crossed,22.0,,,0.44,False,-3.36,widening,False,,-2.57,3410.0,3500.0,2026-02-16,-2.57,False,2026-06-25,2026-03-30,,0.26,0.32,0.11,0.88,3.71,4.26,0.29,-2.15,-0.29
2904.T,一正蒲鉾,2026-07-28,760.0,761.0,789.0,False,-3.55,0.4,0.29,,,,,2026-06-19,26.0,1.6,True,0.58,True,False,0.5,-0.65,False,,,,,,,,,,,,,,,,,,,,0.04,0.44,0.68,4.44,4.44,4.44,-0.26,1.88,1.06
3248.T,アールエイジ,2026-07-28,881.0,892.0,925.0,False,-3.57,0.71,1.19,,,,,2024-06-12,518.0,5.89,True,1.78,False,True,3.77,-7.89,False,crossed,0.0,,,,False,,,False,,-2.65,881.0,905.0,2026-04-09,-2.65,False,2026-07-28,2026-05-15,,0.27,0.07,0.01,5.42,7.4,11.68,-0.56,2.2,6.66
2222.T,寿スピリッツ,2026-07-28,2559.5,2569.0,2664.5,False,-3.58,0.62,0.74,,,,,2026-07-13,10.0,22.67,True,27.55,True,True,8.18,-10.21,False,crossed,113.0,,,0.1,True,5.19,narrowing,True,1.0,26.3,2011.0,2026.5,2026-02-05,-0.76,False,2026-02-09,2025-12-11,3ヶ月・6ヶ月,0.87,0.76,0.45,8.33,11.83,17.55,27.43,40.59,25.13
8411.T,みずほフィナンシャルグループ,2026-07-28,8221.0,8499.0,8816.0,False,-3.6,1.12,0.88,,,,,2026-07-23,3.0,102.79,True,26.0,True,True,7.77,-14.88,False,crossed,54.0,,,-1.21,True,7.12,narrowing,True,26.0,4.5,6970.0,7867.0,2026-02-12,-11.4,True,2026-05-12,2026-03-31,3ヶ月,0.9,0.51,0.91,8.05,24.63,24.63,27.91,24.39,101.59
2594.T,キーコーヒー,2026-07-28,2003.0,2003.0,2078.0,False,-3.61,1.2,0.93,,,,,2025-04-23,307.0,0.91,True,1.36,False,True,1.58,-2.08,False,crossed,12.0,,,-0.1,False,-0.83,narrowing,False,,-1.28,1985.0,2029.0,2026-03-26,-2.17,False,2026-07-09,2026-04-03,,0.37,0.2,0.13,2.99,5.72,7.58,2.51,-0.15,1.06
8118.T,キング,2026-07-28,1224.0,1224.0,1270.0,False,-3.62,0.54,0.58,,,,,2026-07-06,15.0,50.74,True,17.83,True,True,6.27,-4.53,True,crossed,30.0,,,-0.74,True,-4.91,widening,True,0.0,0.08,1223.0,1223.0,2026-06-15,0.0,False,2026-06-15,2026-06-03,3ヶ月・1年,0.71,0.66,0.91,5.75,7.63,7.63,9.09,30.21,53.0
7208.T,カネミツ,2026-07-28,1325.0,1328.0,1378.0,False,-3.63,0.3,1.3,,,,,2026-03-02,100.0,54.79,True,19.3,True,True,5.9,-9.88,False,crossed,36.0,,,0.7,True,9.11,narrowing,True,28.0,1.84,1149.0,1301.0,2026-03-02,-11.68,False,2026-06-05,2026-04-20,3ヶ月,0.74,0.33,0.85,4.15,16.76,16.76,17.36,15.82,54.61
7236.T,ティラド,2026-07-28,1481.0,1538.0,1596.0,False,-3.63,1.22,0.76,,,,,2026-07-07,14.0,216.12,True,41.23,True,True,21.82,-28.17,False,crossed,54.0,,,-4.35,True,-8.55,widening,True,1.0,0.54,1448.0,1473.0,2026-05-11,-1.7,False,2026-05-12,2026-04-02,,0.25,0.56,0.81,9.65,33.59,33.59,81.72,68.87,215.11
3989.T,シェアリングテクノロジー,2026-07-28,1350.0,1426.0,1480.0,False,-3.65,1.02,2.44,,,,,2026-07-02,17.0,24.54,True,18.93,True,True,15.17,-15.06,False,crossed,12.0,,,4.78,False,-5.44,widening,True,4.0,-6.44,1402.0,1443.0,2026-07-02,-2.84,False,2026-07-09,2026-05-11,,0.39,0.01,0.13,21.31,25.18,28.61,10.66,12.03,25.23
3329.T,東和フードサービス,2026-07-28,2110.0,2119.0,2200.0,False,-3.68,1.09,0.71,,,,,2026-04-13,71.0,0.62,True,0.8,False,True,2.01,-3.52,False,crossed,3.0,,,,False,,,False,,-3.12,2113.0,2178.0,2026-04-20,-2.98,False,2026-07-23,2026-05-15,,0.22,0.23,0.07,7.3,8.45,8.45,-1.91,-0.28,0.76
6473.T,ジェイテクト,2026-07-28,2053.0,2114.5,2196.0,False,-3.71,0.71,0.78,,,,,2026-07-06,15.0,65.16,True,12.45,True,True,11.54,-23.89,False,crossed,47.0,,,10.23,True,-2.0,narrowing,True,6.0,-4.47,1916.5,2149.0,2026-02-27,-10.82,False,2026-05-21,2026-03-31,,0.39,0.24,0.81,9.12,25.06,25.06,22.06,8.31,64.31
2198.T,アイ・ケイ・ケイホールディングス,2026-07-28,799.0,804.0,835.0,False,-3.71,1.57,0.34,,,,,2025-03-26,327.0,1.52,True,1.96,False,False,6.88,-14.12,False,diverging,,-4.82,-1.77,,False,,,,,,,,,,,,2026-05-18,,0.27,0.39,0.08,18.8,19.69,19.69,-1.36,-0.25,1.65
9633.T,東京テアトル,2026-07-28,1646.0,1648.0,1712.0,False,-3.74,0.48,0.62,,,,,2026-03-27,82.0,49.36,True,6.65,True,False,5.27,-3.72,False,crossed,37.0,,,2.55,True,-4.22,widening,False,,-3.69,1610.0,1709.0,2026-03-11,-5.79,False,2026-06-04,2026-05-19,1年,0.27,0.28,0.81,4.01,9.3,9.3,6.19,10.77,47.76
6360.T,東京自働機械製作所,2026-07-28,4475.0,4475.0,4650.0,False,-3.76,0.36,1.26,,,,,2026-07-16,7.0,45.77,True,13.66,True,True,3.78,-4.49,True,crossed,53.0,,,-3.96,True,-3.26,widening,True,0.0,7.31,4170.0,4170.0,2026-05-12,0.0,False,2026-05-13,2026-04-10,3ヶ月・6ヶ月・1年,0.85,0.7,0.91,4.19,7.72,7.83,11.18,8.35,46.24
5480.T,日本冶金工業,2026-07-28,5070.0,5120.0,5320.0,False,-3.76,0.58,0.83,,,,,2026-02-27,101.0,22.32,True,9.79,True,True,6.18,-12.71,False,crossed,13.0,,,2.54,False,1.27,narrowing,False,,-4.52,4915.0,5310.0,2026-02-27,-7.44,False,2026-07-08,2026-04-08,,0.65,0.04,0.44,7.95,18.27,18.27,11.8,3.79,22.76
7702.T,ＪＭＳ,2026-07-28,451.0,460.0,478.0,False,-3.77,0.6,0.98,,,,,2026-07-13,10.0,3.92,True,2.75,True,True,2.32,-4.71,True,crossed,25.0,,,1.12,False,-3.14,widening,True,11.0,-2.59,447.0,463.0,2026-01-16,-3.46,False,2026-06-22,2026-03-06,3ヶ月,0.79,0.11,0.0,4.85,7.51,9.5,5.37,0.22,4.16
7175.T,今村証券,2026-07-28,1680.0,1809.0,1880.0,False,-3.78,1.47,4.07,,,,,2026-07-27,1.0,53.01,True,29.65,True,True,7.4,-7.63,False,crossed,23.0,,,0.29,True,18.15,widening,True,8.0,18.64,1380.0,1416.0,2026-02-24,-2.54,False,2026-06-24,2026-06-01,1年,0.5,0.27,0.83,7.05,9.04,9.04,19.57,29.83,52.45
2597.T,ユニカフェ,2026-07-28,1141.0,1142.0,1187.0,False,-3.79,0.58,1.21,,,,,2025-12-23,143.0,23.35,True,6.71,True,True,3.53,-4.95,True,crossed,78.0,,,0.93,False,-10.18,narrowing,True,1.0,5.65,1079.0,1080.0,2026-04-01,-0.09,False,2026-04-02,2026-01-30,3ヶ月・6ヶ月,0.83,0.74,0.64,3.1,3.73,14.97,6.44,11.32,23.48
2654.T,アスモ,2026-07-28,405.0,405.0,421.0,False,-3.8,1.48,1.24,,,,,2025-09-26,202.0,9.16,True,3.18,False,True,4.61,-6.45,False,crossed,5.0,,,1.5,False,0.75,,False,,-1.7,399.0,412.0,2026-03-18,-3.16,False,2026-07-21,2026-04-27,,0.17,0.21,0.13,3.0,5.83,13.46,1.25,1.76,9.16
3551.T,ダイニック,2026-07-28,1381.0,1390.0,1445.0,False,-3.81,0.68,0.86,,,,,2026-07-15,8.0,62.47,True,20.57,True,True,12.68,-14.95,False,crossed,43.0,,,-6.47,True,-8.88,widening,True,0.0,-0.79,1392.0,1392.0,2026-05-27,0.0,False,2026-05-27,2026-04-09,,0.48,0.36,0.8,12.09,18.98,18.98,27.99,21.89,60.96
7282.T,豊田合成,2026-07-28,5100.0,5166.0,5372.0,False,-3.83,0.99,0.74,,,,,2026-07-06,15.0,70.48,True,17.35,True,True,10.79,-21.27,False,crossed,41.0,,,-2.3,True,-1.85,widening,True,20.0,-1.3,4827.0,5167.0,2026-02-10,-6.58,False,2026-05-29,2026-04-06,,0.65,0.21,0.8,7.01,22.43,22.43,26.8,17.97,70.0
2883.T,大冷,2026-07-28,1999.0,1999.0,2079.0,False,-3.85,0.54,0.63,,,,,2025-09-26,202.0,1.63,True,1.0,False,True,1.04,-1.32,False,crossed,5.0,,,0.1,False,-0.65,,False,,-1.09,1997.0,2021.0,2026-03-27,-1.19,False,2026-07-21,2026-04-23,,0.18,0.28,0.02,1.66,3.02,6.43,0.35,-0.25,1.63
6096.T,レアジョブ,2026-07-28,396.0,399.0,415.0,False,-3.86,0.94,1.13,,,,,2023-05-11,786.0,9.7,True,16.52,True,True,7.67,-13.35,False,crossed,53.0,,,9.57,True,4.21,widening,True,27.0,4.21,345.0,380.0,2026-05-07,-9.21,False,2026-05-13,2026-03-13,,0.66,0.59,0.0,12.63,15.9,26.3,32.44,24.53,9.7
6564.T,ミダックホールディングス,2026-07-28,2226.0,2254.0,2345.0,False,-3.88,0.42,0.66,,,,,2026-05-18,50.0,8.48,True,11.47,True,True,6.4,-8.1,False,crossed,0.0,,,,True,,,False,,-3.18,2226.0,2299.0,2026-05-18,-3.18,False,2026-07-28,2026-06-24,,0.02,0.14,0.07,16.88,16.88,23.34,4.21,12.03,11.13
1909.T,日本ドライケミカル,2026-07-28,3695.0,3700.0,3850.0,False,-3.9,0.07,0.68,,,,,2026-06-17,28.0,185.88,True,29.91,True,False,14.29,-21.91,False,crossed,51.0,,,0.4,True,-11.13,widening,True,0.0,-1.07,3735.0,3735.0,2026-05-15,0.0,True,2026-05-15,2026-04-17,,0.32,0.59,0.92,6.78,24.9,24.9,41.79,38.65,186.99
3076.T,あい　ホールディングス,2026-07-28,2841.0,2850.0,2966.0,False,-3.91,0.85,0.78,,,,,2026-03-11,93.0,19.47,True,3.26,False,False,5.96,-7.63,False,imminent,,-1.2,,,False,,,,,,,,,,,,2026-04-22,,0.06,0.14,0.25,7.65,10.42,10.42,4.53,2.64,19.92
1793.T,大本組,2026-07-28,2015.0,2065.0,2150.0,False,-3.95,0.3,0.77,,,,,2026-03-03,99.0,65.16,True,19.36,True,True,11.02,-17.44,False,crossed,42.0,,,1.54,True,2.91,narrowing,True,39.0,-2.94,1820.0,2076.0,2026-03-02,-12.33,False,2026-05-28,2026-04-23,3ヶ月,0.84,0.45,0.89,7.28,23.07,23.07,16.41,25.16,63.82
6677.T,エスケーエレクトロニクス,2026-07-28,3410.0,3525.0,3670.0,False,-3.95,1.08,1.04,,,,,2026-05-11,55.0,24.14,True,5.94,True,True,7.75,-16.62,False,crossed,55.0,,,-7.88,True,-16.75,narrowing,True,0.0,-5.67,3615.0,3615.0,2026-02-26,0.0,False,2026-05-11,2026-03-31,,0.09,0.04,0.69,12.45,18.4,18.4,4.6,1.79,22.49
6915.T,千代田インテグレ,2026-07-28,3305.0,3390.0,3530.0,False,-3.97,0.73,0.97,,,,,2026-02-26,102.0,12.34,True,2.45,True,True,4.51,-9.34,False,crossed,13.0,,,0.46,False,0.28,narrowing,False,,-4.89,3235.0,3475.0,2026-02-25,-6.91,False,2026-07-08,2026-04-17,3ヶ月,0.76,0.16,0.1,3.98,13.67,13.67,5.93,-1.05,10.65
5970.T,ジーテクト,2026-07-28,2130.0,2144.0,2233.0,False,-3.99,0.51,0.86,,,,,2026-05-29,41.0,18.86,True,7.8,True,False,8.4,-12.77,False,crossed,42.0,,,-1.93,False,-10.09,narrowing,True,0.0,-2.29,2180.0,2180.0,2026-05-28,0.0,False,2026-05-28,2026-03-19,,0.41,0.24,0.14,8.68,12.87,13.91,17.42,4.77,17.94
2694.T,焼肉坂井ホールディングス,2026-07-28,72.0,72.0,75.0,False,-4.0,0.7,1.08,,,,,2024-03-27,570.0,0.0,True,1.5,False,True,2.56,-5.41,False,crossed,7.0,,,-1.39,False,-1.02,narrowing,False,,-2.7,72.0,74.0,2026-02-12,-2.7,False,2026-07-16,2026-04-07,,0.15,0.42,0.15,2.82,6.76,8.0,2.86,0.0,1.41
92025.T,ＡＮＡホールディングス第１回社債型種類株式,2026-07-28,4800.0,4800.0,5000.0,False,-4.0,1.61,0.73,,,,,,,,,,,True,1.05,-2.1,False,,,,,,,,,,,,,,,,,,,,0.15,0.75,,1.56,4.72,,0.19,-3.46,
6291.T,日本エアーテック,2026-07-28,1317.0,1342.0,1398.0,False,-4.01,0.92,0.98,,,,,2026-02-12,111.0,22.85,True,4.58,True,True,6.19,-10.43,False,crossed,21.0,,,-0.31,True,-2.15,widening,False,,-5.79,1304.0,1398.0,2026-02-12,-6.72,False,2026-06-26,2026-05-20,,0.26,0.04,0.34,10.81,14.16,14.16,7.33,7.07,23.08
3167.T,ＴＯＫＡＩホールディングス,2026-07-28,1167.0,1169.0,1218.0,False,-4.02,0.74,0.87,,,,,2026-02-19,106.0,12.86,True,4.59,True,True,3.72,-3.96,True,crossed,5.0,,,1.83,False,1.08,,False,,-4.19,1146.0,1218.0,2026-02-19,-5.91,False,2026-07-21,2026-04-30,,0.14,0.31,0.42,6.84,11.66,12.47,2.19,0.26,11.78
6379.T,レイズネクスト,2026-07-28,2611.0,2657.0,2769.0,False,-4.04,0.95,1.42,,,,,2026-02-13,110.0,41.67,True,12.63,True,True,9.26,-14.19,False,crossed,9.0,,,3.87,False,5.15,widening,False,,-4.64,2453.0,2738.0,2026-02-12,-10.41,False,2026-07-14,2026-03-24,,0.35,0.19,0.49,11.48,22.24,22.24,16.88,3.2,40.53
3421.T,稲葉製作所,2026-07-28,1793.0,1797.0,1873.0,False,-4.06,0.98,1.01,,,,,2024-06-10,520.0,-2.87,True,7.25,True,True,4.48,-7.42,False,crossed,26.0,,,-1.18,True,-3.21,widening,True,0.0,1.01,1775.0,1775.0,2026-06-19,0.0,False,2026-06-19,2026-05-21,3ヶ月,0.78,0.49,0.0,3.5,6.78,16.27,9.53,10.2,-2.4
5941.T,中西製作所,2026-07-28,2664.0,2665.0,2778.0,False,-4.07,0.14,2.83,,,,,2024-07-12,496.0,9.0,True,5.34,True,True,4.75,-6.32,True,crossed,8.0,,,-2.01,False,-2.23,narrowing,False,,-3.83,2693.0,2770.0,2026-02-12,-2.78,False,2026-07-15,2026-04-01,,0.33,0.43,0.26,3.64,10.11,10.11,6.52,-1.3,9.09
2229.T,カルビー,2026-07-28,3057.0,3064.0,3194.0,False,-4.07,0.7,0.69,,,,,2026-03-10,94.0,15.45,True,2.78,True,True,3.1,-3.76,True,crossed,1.0,,,,False,,,False,,-3.6,2998.0,3171.0,2026-03-06,-5.46,False,2026-07-27,2026-05-07,,0.03,0.36,0.28,8.91,12.61,12.61,1.39,0.33,15.36
9902.T,日伝,2026-07-28,2793.0,2867.0,2989.0,False,-4.08,0.75,1.33,,,,,2024-07-01,505.0,-0.18,True,10.64,False,True,5.15,-8.67,False,crossed,46.0,,,-1.87,False,-0.35,narrowing,True,30.0,4.76,2573.0,2666.0,2026-01-16,-3.49,False,2026-05-22,2026-03-02,,0.68,0.35,0.23,4.31,9.32,21.77,19.56,8.51,0.0
2436.T,共同ピーアール,2026-07-28,608.0,611.0,637.0,False,-4.08,0.18,1.3,,,,,2026-07-15,8.0,37.09,True,22.02,True,True,6.52,-8.43,False,crossed,42.0,,,-3.84,True,5.95,widening,True,0.0,13.75,534.5,534.5,2026-05-28,0.0,False,2026-05-28,2026-04-13,3ヶ月,0.72,0.42,0.61,5.8,8.45,14.85,26.01,18.29,36.63
7504.T,高速,2026-07-28,3875.0,3875.0,4040.0,False,-4.08,0.58,1.27,,,,,2026-07-14,9.0,36.11,True,25.96,True,True,8.87,-9.41,False,crossed,18.0,,,10.62,False,11.68,widening,True,1.0,12.16,3390.0,3455.0,2026-02-27,-1.88,False,2026-07-01,2026-04-15,3ヶ月,0.76,0.09,0.33,9.61,20.43,20.43,33.57,23.8,36.83
4248.T,竹本容器,2026-07-28,864.0,868.0,905.0,False,-4.09,2.01,0.8,,,,,2026-03-03,99.0,5.88,False,-0.2,True,False,1.39,-1.71,False,,,,,,,,,,,,,,,,,,,,0.21,0.15,0.63,3.58,4.86,4.86,-3.25,0.82,6.27
7912.T,大日本印刷,2026-07-28,2995.0,3164.0,3300.0,False,-4.12,0.62,0.72,,,,,2026-03-03,99.0,37.61,True,5.91,True,True,7.31,-13.0,False,crossed,9.0,,,-0.57,True,-6.84,widening,False,,-9.16,3171.0,3297.0,2026-03-02,-3.82,False,2026-07-14,2026-05-21,,0.1,0.01,0.62,22.07,22.85,22.85,0.57,5.03,38.66
4502.T,武田薬品工業,2026-07-28,5734.0,5784.0,6033.0,False,-4.13,0.66,0.92,,,,,2026-04-02,78.0,31.48,True,12.93,True,True,6.47,-6.96,True,crossed,3.0,,,,False,,,False,,-2.65,5505.0,5890.0,2026-04-02,-6.54,False,2026-07-23,2026-05-11,,0.19,0.18,0.6,11.0,19.39,19.39,7.48,14.06,29.0
2002.T,日清製粉グループ本社,2026-07-28,2107.0,2107.5,2198.5,False,-4.14,0.81,0.77,,,,,2026-04-09,73.0,23.47,True,7.11,True,True,4.91,-4.84,True,crossed,2.0,,,,False,,,False,,-3.53,2049.0,2184.0,2026-02-27,-6.18,False,2026-07-24,2026-05-08,,0.13,0.24,0.57,10.51,14.22,14.22,6.95,4.54,23.29
5015.T,ビーピー・カストロール,2026-07-28,995.0,995.0,1038.0,False,-4.14,0.67,0.54,,,,,2026-06-25,22.0,18.45,True,2.32,True,False,3.28,-3.95,False,diverging,,-0.82,-0.06,,True,,,,,,,,,,,,2026-06-30,1年,0.36,0.23,0.82,3.81,4.37,4.87,-0.1,6.99,18.45
1770.T,藤田エンジニアリング,2026-07-28,2186.0,2268.0,2367.0,False,-4.18,0.62,2.57,,,,,2026-07-27,1.0,37.83,True,23.88,True,True,8.28,-15.26,False,crossed,34.0,,,1.1,False,14.95,narrowing,True,17.0,12.1,1811.0,1950.0,2026-03-02,-7.13,False,2026-06-09,2026-03-27,3ヶ月,0.77,0.24,0.55,11.93,18.67,18.67,30.12,23.22,32.57
2602.T,日清オイリオグループ,2026-07-28,1956.0,1983.0,2070.0,False,-4.2,1.0,1.01,,,,,2026-03-02,100.0,19.76,True,7.37,True,True,4.92,-6.11,True,crossed,10.0,,,4.42,False,2.78,narrowing,False,,-3.8,1877.0,2033.3,2026-02-27,-7.69,False,2026-07-13,2026-04-24,,0.59,0.18,0.39,6.16,16.05,16.05,8.67,4.23,17.95
4761.T,さくらケーシーエス,2026-07-28,1490.0,1503.0,1569.0,False,-4.21,1.91,1.76,,,,,2024-04-22,552.0,-1.78,True,12.98,True,True,5.15,-7.96,False,crossed,90.0,,,-5.58,True,-11.38,narrowing,True,0.0,6.58,1398.0,1398.0,2026-03-16,0.0,False,2026-03-16,2026-02-26,3ヶ月・6ヶ月,0.81,0.76,0.0,4.2,8.73,21.94,15.15,12.37,-0.07
5938.T,ＬＩＸＩＬ,2026-07-28,1893.0,1906.0,1990.0,False,-4.22,0.66,0.98,,,,,2025-09-09,213.0,9.68,True,6.86,False,True,6.7,-11.63,False,crossed,30.0,,,0.32,False,4.05,widening,False,,-2.37,1736.0,1939.0,2026-01-07,-10.47,False,2026-06-15,2026-02-26,3ヶ月,0.86,0.0,0.17,4.67,16.18,19.42,17.5,0.96,10.15
9639.T,三協フロンテア,2026-07-28,2276.0,2291.0,2392.0,False,-4.22,0.44,1.98,,,,,2026-07-22,4.0,12.9,True,6.19,True,True,3.46,-4.75,True,crossed,20.0,,,1.19,False,-2.3,narrowing,True,2.0,0.0,2262.0,2276.0,2026-02-26,-0.62,False,2026-06-29,2026-04-22,,0.65,0.15,0.69,4.4,6.5,6.5,5.37,6.9,13.29
6943.T,ＮＫＫスイッチズ,2026-07-28,4990.0,4990.0,5210.0,False,-4.22,3.33,0.52,,,,,2026-03-02,100.0,18.25,True,4.27,True,True,3.91,-5.96,True,crossed,14.0,,,0.81,True,-1.23,widening,False,,-4.22,4950.0,5210.0,2026-03-02,-4.99,False,2026-07-07,2026-07-06,1年,0.26,0.13,0.79,2.89,6.81,6.81,2.46,5.16,18.81
7358.T,ポピンズ,2026-07-28,1518.0,1520.0,1587.0,False,-4.22,1.55,0.8,,,,,2025-10-06,196.0,24.53,True,6.38,True,True,5.88,-6.37,True,crossed,9.0,,,-0.67,True,0.72,narrowing,True,9.0,0.53,1488.0,1510.0,2026-05-01,-1.46,False,2026-07-14,2026-05-21,,0.26,0.04,0.01,11.39,11.39,14.4,8.9,7.58,25.14
5458.T,高砂鐵工,2026-07-28,1245.0,1245.0,1300.0,False,-4.23,1.65,0.55,,,,,2026-06-17,28.0,35.77,True,14.48,True,False,5.25,-5.14,False,crossed,46.0,,,2.35,True,-4.54,narrowing,True,2.0,1.88,1193.0,1222.0,2026-05-21,-2.37,False,2026-05-22,2026-04-06,,0.45,0.44,0.78,6.69,13.9,15.48,20.76,8.64,33.3
5922.T,那須電機鉄工,2026-07-28,19660.0,19900.0,20780.0,False,-4.23,1.51,2.62,,,,,2026-03-03,99.0,48.38,True,11.04,True,True,8.03,-11.35,False,imminent,,-0.83,,,False,,,,,,,,,,,,2026-05-20,,0.04,0.09,0.73,12.17,15.61,15.61,2.4,12.66,48.94
8904.T,ＡＶＡＮＴＩＡ,2026-07-28,857.0,859.0,897.0,False,-4.24,1.6,1.16,,,,,2025-08-26,223.0,6.33,True,2.44,True,True,2.62,-3.37,True,crossed,10.0,,,-0.12,False,-0.72,narrowing,False,,-2.61,851.0,880.0,2026-02-17,-3.3,False,2026-07-13,2026-03-24,,0.46,0.32,0.0,2.53,8.07,10.3,3.38,-1.72,5.67
4373.T,シンプレクス・ホールディングス,2026-07-28,1167.0,1173.0,1225.0,False,-4.24,2.22,1.14,,,,,2025-08-22,225.0,22.36,True,20.04,False,True,12.21,-11.94,False,crossed,57.0,,,4.02,False,18.8,widening,True,16.0,11.04,895.0,1051.0,2026-01-06,-14.84,False,2026-05-07,2026-01-13,,0.24,0.52,0.14,18.81,20.33,34.21,27.26,23.23,23.33
5844.T,京都フィナンシャルグループ,2026-07-28,4612.0,4682.0,4890.0,False,-4.25,0.97,0.75,,,,,2026-07-07,14.0,69.62,True,17.27,True,True,3.23,-0.7,True,,,,,,,,,,,,,,,,,,,,0.52,0.75,0.96,9.06,12.85,12.85,7.38,24.99,70.03
8095.T,アステナホールディングス,2026-07-28,508.0,518.0,541.0,False,-4.25,0.47,1.5,,,,,2026-07-13,10.0,4.74,True,4.44,False,True,5.01,-11.2,False,crossed,30.0,,,2.85,True,-1.53,widening,True,8.0,-0.39,491.0,510.0,2026-02-27,-3.73,False,2026-06-15,2026-05-26,3ヶ月,0.78,0.37,0.01,3.97,9.02,15.24,4.74,4.53,5.39
1928.T,積水ハウス,2026-07-28,3656.0,3669.0,3832.0,False,-4.25,0.84,0.85,,,,,2026-02-26,102.0,15.48,True,5.77,True,True,5.31,-8.0,True,crossed,4.0,,,,False,,,False,,-4.44,3527.0,3826.0,2026-02-27,-7.81,False,2026-07-22,2026-04-06,,0.16,0.32,0.11,8.49,16.28,16.28,7.91,1.73,15.44
7120.T,ＳＨＩＮＫＯ,2026-07-28,1058.0,1074.0,1122.0,False,-4.28,0.38,1.47,,,,,2026-07-17,6.0,33.14,True,13.75,True,True,5.49,-6.69,True,crossed,51.0,,,1.38,True,-5.72,widening,True,37.0,-0.19,1014.0,1060.0,2026-05-13,-4.34,False,2026-05-15,2026-03-16,,0.55,0.55,0.8,9.15,9.5,12.37,20.64,14.01,33.14
9029.T,ヒガシホールディングス,2026-07-28,1990.0,2140.0,2236.0,False,-4.29,2.83,1.25,,,,,2026-01-26,123.0,15.9,True,5.01,True,True,8.96,-13.51,False,crossed,3.0,,,,True,,,False,,-7.96,1997.0,2162.0,2026-02-27,-7.63,False,2026-07-23,2026-06-23,,0.01,0.14,0.38,14.45,18.78,18.78,10.74,-2.12,17.06
3184.T,ＩＣＤＡホールディングス,2026-07-27,4500.0,4570.0,4775.0,False,-4.29,0.88,1.35,,,,,2026-07-13,9.0,4.77,True,2.38,True,True,1.6,-2.03,True,crossed,42.0,,,3.45,False,-4.35,widening,True,5.0,0.0,4350.0,4500.0,2026-01-30,-3.33,False,2026-05-27,2026-03-12,,0.38,0.06,0.22,7.56,7.56,7.64,2.27,2.04,12.92
2795.T,日本プリメックス,2026-07-27,973.0,973.0,1017.0,False,-4.33,0.22,3.81,,,,,2026-07-09,11.0,8.11,True,7.02,True,True,3.02,-6.3,True,crossed,25.0,,,1.67,False,4.44,narrowing,True,9.0,0.52,897.0,968.0,2026-02-27,-7.33,False,2026-06-19,2026-04-08,,0.68,0.15,0.5,4.47,8.37,8.37,7.87,5.88,9.82
2003.T,日東富士製粉,2026-07-28,1848.0,1854.0,1938.0,False,-4.33,0.98,1.03,,,,,2025-05-23,288.0,3.82,True,4.76,True,True,2.98,-4.76,True,crossed,1.0,,,,False,,,False,,-1.96,1844.0,1885.0,2026-03-30,-2.18,False,2026-07-27,2026-05-21,,0.05,0.08,0.01,10.41,12.36,12.36,4.29,4.11,4.85
2204.T,中村屋,2026-07-28,3285.0,3305.0,3455.0,False,-4.34,0.58,0.99,,,,,2026-03-25,84.0,5.29,True,4.24,True,True,3.43,-4.53,True,crossed,5.0,,,1.08,False,0.33,,False,,-4.37,3250.0,3435.0,2026-03-25,-5.39,False,2026-07-21,2026-05-15,,0.37,0.03,0.16,5.31,11.79,11.79,2.66,5.12,5.97
3800.T,ユニリタ,2026-07-28,1960.0,1960.0,2049.0,False,-4.34,0.29,0.62,,,,,2025-12-26,140.0,3.38,True,0.67,True,True,1.39,-2.73,True,crossed,29.0,,,0.15,False,-3.87,widening,False,,-1.26,1942.0,1985.0,2026-01-26,-2.17,False,2026-06-16,2026-03-27,,0.5,0.06,0.13,1.78,5.49,5.54,2.62,-1.01,3.32
7127.T,一家ホールディングス,2026-07-28,699.0,703.0,735.0,False,-4.35,0.85,1.06,,,,,2025-08-28,221.0,5.27,True,1.53,False,True,3.66,-5.87,False,crossed,17.0,,,1.0,False,-2.77,widening,False,,-2.24,701.0,715.0,2026-02-24,-1.96,False,2026-07-02,2026-04-15,3ヶ月,0.73,0.03,0.03,1.74,6.29,9.59,2.64,1.16,4.95
9739.T,ＮＳＷ,2026-07-28,2557.0,2573.0,2690.0,False,-4.35,0.75,0.65,,,,,2024-07-02,504.0,-0.66,True,2.23,False,True,2.21,-3.76,False,crossed,8.0,,,0.08,True,-0.37,narrowing,False,,-1.84,2537.0,2605.0,2026-05-22,-2.61,False,2026-07-15,2026-07-14,,0.06,0.36,0.16,5.99,9.32,14.17,4.5,1.55,0.63
7476.T,アズワン,2026-07-28,2525.0,2536.0,2651.5,False,-4.36,0.61,0.82,,,,,2024-07-31,484.0,5.69,True,8.36,False,True,5.02,-3.43,False,crossed,17.0,,,3.39,False,5.77,widening,True,11.0,1.98,2332.5,2476.0,2026-01-13,-5.8,False,2026-07-02,2025-11-05,3ヶ月,0.76,0.0,0.5,8.67,18.24,24.51,18.91,4.73,6.18
7698.T,アイスコ,2026-07-28,2615.0,2628.0,2749.0,False,-4.4,0.63,1.04,,,,,2026-02-12,111.0,45.28,True,9.98,True,True,4.28,-1.91,True,crossed,14.0,,,2.63,False,0.51,narrowing,False,,-3.15,2550.0,2700.0,2026-02-12,-5.56,False,2026-07-07,2026-04-22,3ヶ月・1年,0.71,0.04,0.8,2.43,10.93,10.93,6.73,-1.69,46.66
7453.T,良品計画,2026-07-28,4315.0,4387.0,4589.0,False,-4.4,0.43,1.61,,,,,2026-07-14,9.0,24.71,True,27.41,True,True,11.4,-11.07,False,crossed,10.0,,,0.26,True,0.51,widening,True,0.0,1.94,4233.0,4233.0,2026-07-13,0.0,False,2026-07-13,2026-07-01,,0.39,0.41,0.3,11.64,18.0,28.49,16.56,41.43,29.48
9698.T,クレオ,2026-07-28,1257.0,1258.0,1316.0,False,-4.41,0.42,1.19,,,,,2026-07-24,2.0,16.17,True,4.19,True,True,2.73,-2.42,True,crossed,15.0,,,0.08,False,2.39,narrowing,False,,-3.01,1202.0,1296.0,2026-01-21,-7.25,False,2026-07-06,2026-03-05,,0.43,0.01,0.34,3.11,9.7,10.19,6.08,-2.48,15.96
2429.T,ワールドホールディングス,2026-07-28,2735.0,2773.0,2901.0,False,-4.41,0.49,1.22,,,,,2026-02-26,102.0,20.22,True,5.86,False,True,7.41,-12.43,False,crossed,5.0,,,0.7,False,-0.05,,False,,-4.24,2716.0,2856.0,2026-02-25,-4.9,False,2026-07-21,2026-04-07,,0.22,0.2,0.01,11.44,19.75,19.75,7.59,2.09,20.64
7803.T,ブシロード,2026-07-28,400.0,412.0,431.0,False,-4.41,0.81,2.82,,,,,2026-07-21,5.0,20.85,True,38.34,True,True,16.12,-13.33,False,crossed,21.0,,,18.01,False,50.11,widening,True,6.0,27.39,261.0,314.0,2026-01-13,-16.88,False,2026-06-26,2025-12-23,,0.69,0.16,0.24,12.29,20.93,35.94,58.73,35.14,20.12
4220.T,リケンテクノス,2026-07-28,1789.0,1836.0,1921.0,False,-4.42,0.73,0.91,,,,,2026-07-14,9.0,60.16,True,12.08,True,True,6.29,-9.87,False,crossed,13.0,,,4.23,True,-2.28,widening,True,5.0,-3.71,1796.0,1858.0,2026-03-02,-3.34,False,2026-07-08,2026-05-15,,0.48,0.0,0.82,10.95,17.71,17.71,8.75,11.33,61.17
3082.T,きちりホールディングス,2026-07-28,951.0,952.0,996.0,False,-4.42,0.43,0.39,,,,,2025-12-26,140.0,6.85,True,0.61,True,False,1.82,-4.67,False,diverging,,-1.43,-0.07,,True,,,,,,,,,,,,2026-07-08,,0.31,0.24,0.68,5.77,5.77,6.5,-1.14,1.93,6.85
7446.T,東北化学薬品,2026-07-28,4970.0,4970.0,5200.0,False,-4.42,2.98,0.77,,,,,2026-06-02,39.0,22.56,True,17.34,True,False,8.73,-13.54,False,crossed,125.0,,,-3.25,False,-0.1,narrowing,,,,4000.0,,,,False,2026-01-22,2025-10-06,,0.37,0.51,0.6,9.23,13.54,13.54,14.91,24.25,22.56
9041.T,近鉄グループホールディングス,2026-07-28,3559.0,3563.0,3728.0,False,-4.43,0.63,0.63,,,,,2026-06-09,34.0,26.16,True,9.9,True,False,4.23,-5.91,False,,,,,,,,,,,,,,,,,,,1年,0.02,0.49,0.77,9.4,9.4,11.89,5.55,9.64,28.74
8537.T,大光銀行,2026-07-28,2806.0,2895.0,3030.0,False,-4.46,1.11,1.43,,,,,2026-05-22,46.0,79.07,True,18.46,True,False,11.19,-20.57,False,crossed,52.0,,,5.82,True,-7.53,widening,True,6.0,-3.14,2730.0,2897.0,2026-02-27,-5.76,True,2026-05-14,2026-04-17,,0.18,0.36,0.87,11.67,20.57,20.57,17.26,15.38,75.16
4218.T,ニチバン,2026-07-28,1943.0,1947.0,2038.0,False,-4.47,0.71,0.8,,,,,2025-03-27,326.0,2.64,True,1.26,False,True,3.26,-5.73,False,crossed,9.0,,,0.05,False,0.33,narrowing,False,,-2.85,1912.0,2000.0,2026-02-09,-4.4,False,2026-07-14,2026-02-19,,0.45,0.34,0.54,5.78,10.4,11.68,6.52,-1.12,2.53
3863.T,日本製紙,2026-07-28,1508.0,1540.0,1612.0,False,-4.47,0.67,0.75,,,,,2026-05-13,53.0,33.69,True,21.51,True,True,7.13,-5.25,False,crossed,2.0,,,,True,,,False,,-5.16,1509.0,1590.0,2026-07-23,-5.09,False,2026-07-24,2026-06-16,,0.0,0.25,0.45,21.32,21.32,21.32,5.31,26.3,35.73
7126.T,グローバルスタイル,2026-07-28,1556.0,1557.0,1630.0,False,-4.48,1.94,2.29,,,,,2025-04-24,306.0,-3.83,True,4.53,True,True,4.39,-8.06,False,crossed,0.0,,,,True,,,False,,-0.64,1556.0,1566.0,2026-02-27,-0.64,False,2026-07-28,2026-06-05,,0.01,0.0,0.05,3.99,4.85,19.19,0.39,1.04,-3.83
9644.T,タナベコンサルティンググループ,2026-07-28,764.0,768.0,804.0,False,-4.48,0.64,0.89,,,,,2025-04-28,304.0,-1.67,True,6.07,True,True,4.46,-11.46,False,crossed,28.0,,,-2.95,True,-2.06,narrowing,True,14.0,-0.65,745.0,769.0,2026-01-16,-3.12,False,2026-06-17,2026-06-09,,0.52,0.06,0.03,4.35,7.42,19.37,6.7,1.19,-2.05
8005.T,スクロール,2026-07-28,1717.0,1724.0,1805.0,False,-4.49,0.45,0.82,,,,,2026-05-11,55.0,63.06,True,23.45,True,True,8.26,-4.04,False,crossed,56.0,,,1.31,True,-3.82,widening,True,0.0,7.51,1597.0,1597.0,2026-05-08,0.0,False,2026-05-08,2026-04-01,6ヶ月・1年,0.44,0.75,0.88,5.51,7.97,8.16,29.88,26.72,63.52
6638.T,ミマキエンジニアリング,2026-07-28,2087.0,2164.0,2266.0,False,-4.5,0.86,1.34,,,,,2026-07-23,3.0,4.45,True,20.83,True,True,12.08,-18.4,False,crossed,39.0,,,-1.97,True,7.14,narrowing,True,12.0,9.73,1829.0,1902.0,2026-03-02,-3.84,False,2026-06-02,2026-04-01,3ヶ月,0.75,0.19,0.0,7.58,21.4,33.36,38.86,21.06,2.66
3763.T,プロシップ,2026-07-28,1775.0,1818.0,1904.0,False,-4.52,0.81,0.99,,,,,2026-07-14,9.0,18.33,True,11.98,True,True,7.22,-7.92,False,crossed,50.0,,,1.8,False,4.41,narrowing,True,34.0,-0.17,1554.0,1778.0,2026-01-07,-12.6,False,2026-05-18,2026-02-13,3ヶ月,0.85,0.49,0.04,6.0,22.61,26.69,16.78,3.68,19.81
3181.T,買取王国,2026-07-28,1058.0,1070.0,1121.0,False,-4.55,0.42,3.59,,,,,2025-09-12,210.0,9.64,True,14.18,False,True,8.46,-19.66,False,crossed,71.0,,,8.64,False,1.15,narrowing,True,1.0,14.01,914.0,928.0,2026-01-09,-1.51,False,2026-04-13,2025-11-04,6ヶ月,0.32,0.75,0.01,5.89,6.18,24.55,9.41,20.91,6.87
9303.T,住友倉庫,2026-07-28,4065.0,4090.0,4285.0,False,-4.55,0.63,0.9,,,,,2026-03-26,83.0,31.98,True,9.44,True,True,4.83,-6.2,True,imminent,,-0.1,,,False,,,,,,,,,,,,2026-05-13,,0.1,0.0,0.8,7.36,13.9,13.9,7.82,6.69,31.55
8818.T,京阪神ビルディング,2026-07-28,1106.0,1128.0,1182.0,False,-4.57,0.63,1.96,,,,,2026-07-07,14.0,46.59,True,12.04,True,True,6.73,-10.95,False,crossed,47.0,,,-1.81,True,-8.81,widening,True,31.0,-1.82,1102.5,1126.5,2026-05-14,-2.13,False,2026-05-21,2026-04-06,,0.37,0.44,0.86,9.81,18.32,18.32,24.62,11.55,47.66
3058.T,三洋堂ホールディングス,2026-07-28,702.0,710.0,744.0,False,-4.57,0.81,0.48,,,,,2026-03-27,82.0,2.78,True,1.92,True,True,1.33,-1.17,True,crossed,3.0,,,,True,,,False,,-5.65,706.0,744.0,2026-03-27,-5.11,False,2026-07-23,2026-06-23,,0.01,0.01,0.18,5.55,8.47,8.47,1.59,2.93,2.33
8897.T,ＭＩＲＡＲＴＨホールディングス,2026-07-28,413.0,417.0,437.0,False,-4.58,0.86,0.57,,,,,2024-05-20,535.0,8.4,True,3.19,True,False,3.59,-6.15,False,imminent,,-0.35,,,True,,,,,,,,,,,,2026-06-25,,0.07,0.03,0.44,7.19,8.58,8.58,2.99,5.09,9.26
8739.T,スパークス・グループ,2026-07-28,2228.0,2253.0,2362.0,False,-4.61,0.8,0.79,,,,,2026-07-15,8.0,53.66,True,19.25,True,True,9.66,-11.76,False,,,,,,,,,,,,,,,,,,,3ヶ月,0.73,0.61,0.82,5.31,12.28,12.51,16.77,30.52,55.26
8898.T,センチュリー２１・ジャパン,2026-07-28,1128.0,1135.0,1190.0,False,-4.62,0.77,2.21,,,,,2026-03-05,97.0,1.81,True,0.49,False,True,1.33,-2.59,False,crossed,8.0,,,-0.44,False,-1.25,widening,False,,-2.93,1129.0,1162.0,2026-03-27,-2.84,False,2026-07-15,2026-04-22,,0.02,0.24,0.23,1.93,3.96,3.96,0.71,0.36,1.26
7173.T,東京きらぼしフィナンシャルグループ,2026-07-28,1768.0,1831.0,1920.0,False,-4.64,0.5,0.53,,,,,2026-06-30,19.0,112.69,True,35.27,True,True,9.3,-5.9,False,crossed,28.0,,,14.03,True,16.39,widening,True,2.0,14.53,1461.25,1543.8,2026-04-16,-5.34,True,2026-06-17,2026-05-26,,0.75,0.6,0.94,17.66,19.19,19.19,25.39,43.89,114.63
8593.T,三菱ＨＣキャピタル,2026-07-28,1469.0,1470.0,1541.5,False,-4.64,0.67,0.77,,,,,2026-02-19,106.0,35.45,True,9.18,True,True,6.5,-8.57,False,crossed,0.0,,,,False,,,False,,-4.55,1469.0,1539.0,2026-02-19,-4.55,False,2026-07-28,2026-05-18,,0.01,0.18,0.57,12.79,18.23,18.23,3.89,9.06,35.52
3179.T,シュッピン,2026-07-28,1305.0,1308.0,1372.0,False,-4.66,0.36,1.47,,,,,2025-10-23,184.0,10.41,True,11.08,False,True,10.44,-19.24,False,crossed,4.0,,,,False,,,False,,-4.19,1263.0,1362.0,2026-02-27,-7.27,False,2026-07-22,2026-04-07,,0.26,0.36,0.35,11.21,26.73,26.99,20.95,7.85,8.75
9107.T,川崎汽船,2026-07-28,2814.0,2826.5,2964.5,False,-4.66,0.73,0.88,,,,,2026-03-18,88.0,36.9,True,17.53,True,True,6.6,-7.16,True,crossed,2.0,,,,False,,,False,,-2.12,2806.0,2875.0,2026-03-18,-2.4,False,2026-07-24,2026-05-25,,0.24,0.25,0.64,12.88,15.88,15.88,10.61,25.91,37.7
8713.T,フィデアホールディングス,2026-07-28,2159.0,2189.0,2296.0,False,-4.66,1.04,0.99,,,,,2026-02-12,111.0,44.9,True,13.09,True,True,6.69,-15.3,False,crossed,32.0,,,0.45,False,1.83,widening,False,,-5.97,2014.0,2296.0,2026-02-12,-12.28,False,2026-06-11,2026-03-31,,0.43,0.01,0.72,6.43,19.82,19.82,14.11,6.99,44.9
3293.T,アズマハウス,2026-07-28,767.0,770.0,808.0,False,-4.7,0.98,0.53,,,,,2025-10-17,188.0,3.65,False,-1.03,False,True,1.14,-1.88,False,imminent,,-0.41,,,False,,,,,,,,,,,,2026-04-10,,0.21,0.75,0.02,2.2,5.74,5.74,-0.78,-2.42,2.68
2683.T,魚喜,2026-07-28,1013.0,1014.0,1064.0,False,-4.7,1.6,1.23,,,,,2025-05-19,292.0,-3.25,True,1.25,True,True,1.09,-3.24,False,crossed,9.0,,,-0.39,True,-1.79,widening,True,0.0,-0.49,1018.0,1018.0,2026-07-14,0.0,False,2026-07-14,2026-06-22,,0.38,0.26,0.22,0.98,1.09,6.77,1.3,1.71,-3.43
6454.T,マックス,2026-07-28,1733.0,1763.0,1850.0,False,-4.7,1.02,0.95,,,,,2026-05-01,58.0,42.93,True,5.27,True,True,8.21,-7.76,False,crossed,8.0,,,-1.45,True,-0.58,narrowing,False,,-3.99,1723.0,1805.0,2026-05-13,-4.54,False,2026-07-15,2026-06-08,,0.0,0.05,0.65,11.14,11.14,12.13,2.48,3.15,42.34
4371.T,コアコンセプト・テクノロジー,2026-07-28,1400.0,1412.0,1482.0,False,-4.72,0.79,0.62,,,,,2026-06-02,39.0,13.09,True,18.74,True,True,18.09,-17.03,False,crossed,57.0,,,8.47,False,-3.81,widening,True,16.0,-1.55,1299.0,1422.0,2026-04-24,-8.65,True,2026-05-07,2026-03-04,,0.14,0.39,0.22,13.15,30.34,35.76,-1.55,8.61,15.23
6960.T,フクダ電子,2026-07-28,11600.0,11900.0,12490.0,False,-4.72,1.32,0.74,,,,,2026-05-26,44.0,73.91,True,25.51,True,True,7.62,-4.12,False,,,,,,,,,,,,,,,,,,,,0.28,0.73,0.9,15.7,15.7,15.7,20.71,24.6,74.7
7134.T,アップガレージグループ,2026-07-28,1392.0,1409.0,1479.0,False,-4.73,0.14,1.13,,,,,2026-07-17,6.0,24.84,True,22.58,True,True,7.68,-6.22,False,crossed,53.0,,,4.03,False,8.81,narrowing,True,4.0,18.97,1166.0,1170.0,2026-05-11,-0.34,False,2026-05-13,2026-01-27,,0.68,0.62,0.03,11.02,12.62,19.0,34.62,25.86,25.41
5902.T,ホッカンホールディングス,2026-07-28,2386.0,2413.0,2533.0,False,-4.74,0.59,0.59,,,,,2026-03-02,100.0,19.18,True,3.7,True,True,5.75,-11.98,False,crossed,22.0,,,1.16,False,-1.09,narrowing,False,,-5.32,2333.0,2520.0,2026-02-27,-7.42,False,2026-06-25,2026-04-07,3ヶ月,0.81,0.04,0.39,4.1,14.68,14.68,8.95,-0.25,19.6
9046.T,神戸電鉄,2026-07-28,2514.0,2515.0,2641.0,False,-4.77,0.97,0.67,,,,,,,7.9,True,2.6,False,True,3.55,-6.61,False,crossed,7.0,,,2.79,False,2.18,widening,False,,-3.34,2436.0,2601.0,2026-02-19,-6.34,False,2026-07-16,2026-04-02,,0.28,0.37,0.04,5.69,10.73,11.81,5.45,-2.18,8.08
6371.T,椿本チエイン,2026-07-28,2645.0,2678.0,2812.0,False,-4.77,1.25,0.95,,,,,2026-05-15,51.0,42.36,True,9.98,True,False,7.63,-14.02,False,crossed,46.0,,,1.96,True,-9.09,widening,False,,-5.47,2650.0,2798.0,2026-05-14,-5.29,False,2026-05-22,2026-04-03,,0.2,0.24,0.77,9.44,14.62,14.62,15.4,8.31,42.2
3065.T,ライフフーズ,2026-07-28,1616.0,1617.0,1698.0,False,-4.77,0.2,1.76,,,,,2022-08-29,956.0,-2.53,False,-0.49,False,True,0.57,-1.38,False,crossed,13.0,,,-0.25,False,-2.26,widening,False,,-2.3,1622.0,1654.0,2026-01-20,-1.93,False,2026-07-08,2026-03-11,,0.15,0.31,0.6,0.62,2.96,5.31,0.06,-1.64,-3.18
7936.T,アシックス,2026-07-28,4871.0,4903.0,5149.0,False,-4.78,0.73,0.92,,,,,2026-05-13,53.0,34.56,True,15.1,True,True,11.43,-13.31,False,crossed,8.0,,,-0.98,True,-1.95,widening,True,1.0,-1.04,4910.0,4922.0,2026-07-14,-0.24,False,2026-07-15,2026-07-01,,0.14,0.31,0.62,14.13,14.76,15.81,10.35,20.21,33.71
2805.T,ヱスビー食品,2026-07-28,6080.0,6160.0,6470.0,False,-4.79,0.8,1.34,,,,,2026-07-24,2.0,93.02,True,36.63,True,True,8.64,-7.1,False,,,,,,,,,,,,,,,,,,,,0.73,0.77,0.94,12.61,13.26,13.26,33.33,37.87,94.25
9842.T,アークランズ,2026-07-28,1936.0,1949.0,2047.0,False,-4.79,0.87,1.78,,,,,2026-02-25,103.0,13.08,True,3.83,True,True,5.91,-10.11,False,crossed,31.0,,,-4.63,False,-3.34,widening,False,,-5.28,1901.0,2044.0,2026-02-24,-7.0,False,2026-06-12,2026-03-23,,0.61,0.04,0.09,4.83,13.65,13.65,8.95,1.52,13.15
5609.T,日本鋳造,2026-07-28,939.0,953.0,1001.0,False,-4.8,0.68,2.21,,,,,2026-07-07,14.0,4.45,True,8.17,True,True,4.01,-7.02,True,crossed,65.0,,,-0.67,True,-8.1,widening,True,0.0,5.27,892.0,892.0,2026-04-21,0.0,False,2026-04-21,2026-03-30,,0.42,0.67,0.07,7.43,7.43,13.62,3.53,10.08,7.07
9691.T,両毛システムズ,2026-07-28,5150.0,5160.0,5420.0,False,-4.8,0.62,0.1,,,,,2026-01-27,122.0,68.85,True,14.3,True,False,13.97,-23.01,False,crossed,46.0,,,0.0,False,-9.48,widening,True,8.0,-0.77,5180.0,5190.0,2026-05-18,-0.19,False,2026-05-22,2026-03-05,,0.42,0.27,0.37,5.96,30.63,30.63,27.79,8.88,61.7
2911.T,旭松食品,2026-07-28,2256.0,2270.0,2385.0,False,-4.82,2.0,1.02,,,,,2025-04-21,309.0,0.98,False,-0.92,False,True,1.21,-2.6,False,crossed,7.0,,,-0.35,False,-1.38,widening,False,,-5.21,2264.0,2380.0,2026-03-27,-4.87,False,2026-07-16,2026-04-17,,0.17,0.51,0.0,2.2,6.55,6.55,0.76,-1.87,0.8
1930.T,北陸電気工事,2026-07-28,1470.0,1733.0,1821.0,False,-4.83,17.38,1.47,,,,,2026-03-03,99.0,20.1,False,-4.4,True,False,9.83,-18.04,False,crossed,45.0,,,-2.87,True,-20.7,widening,False,,-18.24,1671.0,1798.0,2026-03-02,-7.06,False,2026-05-25,2026-04-06,,0.0,0.03,0.48,16.76,20.41,20.41,0.82,-6.13,21.29
1853.T,森組,2026-07-28,334.0,335.0,352.0,False,-4.83,4.71,0.9,,,,,2026-03-02,100.0,10.23,True,2.03,False,True,3.47,-8.0,False,crossed,12.0,,,-0.31,False,1.04,narrowing,False,,-4.57,325.0,350.0,2026-02-27,-7.14,False,2026-07-09,2026-04-03,,0.51,0.51,0.01,4.33,11.71,11.71,4.7,-3.47,10.23
3048.T,ビックカメラ,2026-07-28,1793.5,1795.0,1886.0,False,-4.83,0.6,1.44,,,,,2026-04-09,73.0,9.49,True,6.65,True,False,5.67,-7.03,False,diverging,,-2.09,-0.16,,True,,,,,,,,,,,,2026-07-01,,0.0,0.21,0.26,10.48,14.14,14.14,10.37,2.08,9.96
4452.T,花王,2026-07-28,3325.0,3334.0,3503.5,False,-4.84,0.61,0.86,,,,,2024-09-27,445.0,2.1,True,5.97,False,True,4.68,-7.43,False,crossed,21.0,,,0.52,False,-1.52,narrowing,False,,-1.63,3272.0,3380.0,2026-02-13,-3.2,False,2026-06-26,2026-03-30,3ヶ月,0.8,0.0,0.38,4.38,14.07,16.47,12.69,8.27,0.09
3067.T,東京一番フーズ,2026-07-28,451.0,452.0,475.0,False,-4.84,1.67,0.67,,,,,2021-03-15,1313.0,-2.38,False,-0.42,False,True,2.31,-4.07,False,crossed,7.0,,,0.22,False,-1.46,widening,False,,-4.04,453.0,470.0,2026-03-06,-3.62,False,2026-07-16,2026-04-23,,0.15,0.11,0.08,0.88,5.96,10.95,-0.44,-0.44,-1.53
9401.T,ＴＢＳホールディングス,2026-07-28,6273.0,6313.0,6634.0,False,-4.84,0.56,0.95,,,,,2026-07-08,13.0,31.45,True,8.12,True,True,5.01,-5.4,True,crossed,44.0,,,-4.33,False,-1.91,widening,True,26.0,-1.13,5892.0,6345.0,2026-01-23,-7.14,False,2026-05-26,2026-03-10,3ヶ月,0.73,0.21,0.61,6.94,13.02,13.02,12.18,1.23,31.62
4224.T,ロンシール工業,2026-07-28,2165.0,2199.0,2311.0,False,-4.85,0.29,1.35,,,,,2026-02-25,103.0,30.42,True,9.72,True,True,8.62,-18.78,False,crossed,25.0,,,0.55,False,4.76,widening,False,,-5.87,1990.0,2300.0,2026-02-27,-13.48,False,2026-06-22,2026-04-08,,0.33,0.03,0.44,6.64,18.78,18.78,9.4,7.18,26.61
7264.T,ムロコーポレーション,2026-07-28,1377.0,1389.0,1460.0,False,-4.86,0.59,0.73,,,,,2026-01-08,134.0,17.69,True,4.2,True,True,4.74,-10.14,False,crossed,8.0,,,0.15,False,0.62,widening,False,,-4.97,1353.0,1449.0,2026-01-08,-6.63,False,2026-07-15,2026-04-02,,0.45,0.39,0.17,6.19,13.68,14.22,7.83,-3.03,17.09
6062.T,チャーム・ケア・コーポレーション,2026-07-28,1369.0,1386.0,1457.0,False,-4.87,0.7,0.68,,,,,2026-02-27,101.0,3.01,True,6.32,True,True,10.44,-20.45,False,crossed,22.0,,,-0.6,False,0.11,narrowing,False,,-5.98,1323.0,1456.0,2026-02-27,-9.13,False,2026-06-25,2026-04-14,,0.48,0.02,0.4,7.72,16.28,25.42,7.37,5.47,4.27
8147.T,トミタ,2026-07-28,1400.0,1480.0,1556.0,False,-4.88,3.37,0.92,,,,,2026-02-16,109.0,15.89,True,8.25,True,True,7.59,-15.78,False,crossed,18.0,,,-0.66,False,0.77,narrowing,False,,-7.77,1354.0,1518.0,2026-02-16,-10.8,False,2026-07-01,2026-03-31,,0.73,0.09,0.21,14.74,23.52,23.52,18.04,-1.41,15.42
4951.T,エステー,2026-07-28,1548.0,1557.0,1637.0,False,-4.89,0.96,0.83,,,,,2025-08-01,239.0,-3.31,True,1.91,False,True,3.14,-6.67,False,crossed,15.0,,,0.47,False,0.8,widening,False,,-1.71,1503.0,1575.0,2026-02-12,-4.57,False,2026-07-06,2026-03-23,,0.69,0.18,0.7,4.15,9.08,12.42,6.76,-0.13,-2.52
2751.T,テンポスホールディングス,2026-07-28,3870.0,3870.0,4070.0,False,-4.91,0.83,0.52,,,,,2026-03-03,99.0,16.57,True,5.13,True,True,3.86,-5.13,True,crossed,9.0,,,1.87,False,1.91,widening,False,,-4.91,3750.0,4070.0,2026-03-02,-7.86,False,2026-07-14,2026-04-30,,0.47,0.26,0.44,9.21,15.23,15.23,1.84,1.98,16.57
7979.T,松風,2026-07-28,2117.0,2148.0,2259.0,False,-4.91,0.69,0.61,,,,,2026-07-17,6.0,5.8,True,13.92,True,True,6.07,-10.71,False,crossed,35.0,,,7.81,False,5.0,narrowing,True,0.0,10.95,1908.0,1908.0,2026-06-08,0.0,False,2026-06-08,2025-06-25,3ヶ月,0.91,0.38,0.03,6.23,13.51,20.78,27.68,12.49,6.54
9850.T,グルメ杵屋,2026-07-28,980.0,983.0,1034.0,False,-4.93,0.19,0.93,,,,,2023-08-30,709.0,4.7,True,0.82,False,True,2.18,-3.39,False,imminent,,-0.29,,,False,,,,,,,,,,,,2026-04-02,,0.03,0.59,0.07,5.88,8.65,10.07,1.87,-1.9,5.04
9788.T,ナック,2026-07-28,538.0,540.0,568.0,False,-4.93,0.85,0.92,,,,,2025-02-21,348.0,-2.71,True,2.09,False,True,3.5,-5.45,False,crossed,6.0,,,0.37,False,-0.51,widening,False,,-3.24,536.0,556.0,2026-02-09,-3.6,False,2026-07-17,2026-03-31,,0.18,0.4,0.5,7.13,13.31,14.99,3.86,-3.06,-2.89
6419.T,マースグループホールディングス,2026-07-28,3140.0,3175.0,3340.0,False,-4.94,0.82,0.85,,,,,2024-07-05,501.0,8.43,True,2.2,False,True,4.65,-7.15,False,crossed,14.0,,,-0.16,False,-0.75,widening,False,,-5.85,3100.0,3335.0,2026-01-23,-7.05,False,2026-07-07,2026-03-12,3ヶ月,0.73,0.23,0.05,4.33,16.55,16.55,11.43,-4.85,8.31
6588.T,東芝テック,2026-07-28,3075.0,3175.0,3340.0,False,-4.94,0.82,1.23,,,,,2026-06-04,37.0,4.59,True,4.8,False,False,12.49,-19.24,False,,,,,,,,,,,,,,,,,,,,0.0,0.1,0.0,14.07,19.24,20.93,14.53,2.95,3.92
4732.T,ユー・エス・エス,2026-07-28,2025.0,2026.0,2131.5,False,-4.95,0.48,0.96,,,,,2026-07-09,12.0,22.65,True,14.25,True,True,6.64,-12.96,False,crossed,34.0,,,-0.45,False,2.42,widening,True,1.0,6.44,1872.0,1902.5,2026-02-27,-1.6,False,2026-06-09,2026-04-02,3ヶ月,0.94,0.36,0.3,3.15,13.61,13.61,20.86,16.35,23.36
6845.T,アズビル,2026-07-28,1646.5,1671.5,1758.5,False,-4.95,0.52,0.73,,,,,2026-07-06,15.0,20.4,True,11.64,True,True,7.77,-6.88,False,crossed,83.0,,,-1.87,False,-0.37,narrowing,True,9.0,12.58,1414.5,1462.5,2026-03-18,-3.28,False,2026-03-26,2026-01-05,6ヶ月,0.6,0.81,0.27,8.8,11.44,17.6,17.69,17.61,18.67
2676.T,高千穂交易,2026-07-28,2078.0,2091.0,2200.0,False,-4.95,0.89,0.8,,,,,2026-07-10,11.0,4.95,True,1.18,True,True,4.52,-6.7,True,crossed,26.0,,,0.05,False,-8.15,widening,True,15.0,-4.02,2163.0,2165.0,2026-02-27,-0.09,False,2026-06-19,2026-03-24,,0.4,0.03,0.33,6.08,9.52,10.1,3.33,-0.14,5.59
9849.T,共同紙販ホールディングス,2026-07-28,4515.0,4515.0,4750.0,False,-4.95,1.0,0.98,,,,,2024-09-03,461.0,-1.85,False,-0.44,False,True,1.56,-2.84,False,imminent,,-0.06,,,False,,,,,,,,,,,,2026-04-07,,0.0,0.66,0.63,1.44,4.73,6.63,0.33,-2.9,-3.11
8173.T,Ｊｏｓｈｉｎ,2026-07-28,4040.0,4110.0,4325.0,False,-4.97,1.35,0.95,,,,,2026-07-01,18.0,64.97,True,37.28,True,True,7.63,-0.81,False,,,,,,,,,,,,,,,,,,,,0.66,0.77,0.77,16.05,16.05,16.05,39.21,48.97,65.03
3387.T,クリエイト・レストランツ・ホールディングス,2026-07-28,783.0,792.0,833.5,False,-4.98,0.59,1.25,,,,,2025-08-12,233.0,12.91,True,4.68,False,True,5.05,-6.55,False,crossed,6.0,,,0.51,False,-0.11,narrowing,False,,-2.61,777.0,804.0,2026-04-03,-3.36,False,2026-07-17,2026-05-12,,0.39,0.02,0.38,6.5,14.18,16.57,10.13,3.85,-0.63
9340.T,アソインターナショナル,2026-07-28,724.0,724.0,762.0,False,-4.99,0.51,0.77,,,,,2024-10-11,435.0,19.28,True,4.06,False,True,6.71,-7.32,False,crossed,12.0,,,3.16,False,2.29,widening,False,,-3.34,696.0,749.0,2026-02-13,-7.08,False,2026-07-09,2026-03-11,,0.3,0.21,0.05,5.58,11.88,13.28,5.23,-0.41,20.27
5946.T,長府製作所,2026-07-28,2091.0,2111.0,2222.0,False,-5.0,0.27,1.47,,,,,2026-03-03,99.0,8.45,True,4.3,True,True,4.6,-7.63,True,crossed,2.0,,,,False,,,False,,-4.56,2058.0,2191.0,2026-03-03,-6.07,False,2026-07-24,2026-04-07,,0.06,0.13,0.26,3.32,10.95,10.95,4.55,4.39,6.36
4076.T,シイエヌエス,2026-07-28,1800.0,1800.0,1895.0,False,-5.01,0.15,2.23,,,,,2025-05-29,284.0,24.74,True,5.62,True,True,3.75,-5.13,True,crossed,8.0,,,-0.33,True,-3.54,widening,False,,-4.71,1844.0,1889.0,2026-07-14,-2.38,False,2026-07-15,2026-06-09,,0.14,0.0,0.55,8.77,13.85,13.85,5.45,0.33,22.45
5901.T,東洋製罐グループホールディングス,2026-07-28,4125.0,4183.0,4404.0,False,-5.02,0.62,0.75,,,,,2026-05-21,47.0,39.59,True,9.74,True,True,9.22,-13.31,False,crossed,37.0,,,1.11,False,2.24,widening,False,,-5.04,3795.0,4344.0,2026-05-21,-12.64,False,2026-06-04,2026-03-24,,0.58,0.05,0.41,13.17,23.77,23.77,28.11,4.09,39.83
9366.T,サンリツ,2026-07-28,1020.0,1036.0,1091.0,False,-5.04,0.5,0.5,,,,,2026-06-17,28.0,24.54,True,9.95,True,True,3.87,-5.64,True,crossed,60.0,,,0.64,True,-2.79,narrowing,True,11.0,4.62,931.0,975.0,2026-02-27,-4.51,False,2026-04-28,2026-04-07,1年,0.7,0.64,0.84,8.53,8.72,8.72,9.09,11.84,24.69
6082.T,ライドオンエクスプレスホールディングス,2026-07-28,996.0,997.0,1050.0,False,-5.05,0.61,0.62,,,,,2020-08-19,1451.0,-0.4,False,-0.73,False,True,1.75,-4.14,False,crossed,4.0,,,,False,,,False,,-4.78,995.0,1046.0,2026-02-12,-4.88,False,2026-07-22,2026-03-31,,0.11,0.7,0.13,2.43,7.74,7.74,0.81,-3.95,-0.1
3054.T,ハイパー,2026-07-28,290.0,319.0,336.0,False,-5.06,963.9,25.02,,,,,,,-3.97,True,6.85,False,True,9.28,-11.61,False,imminent,,-1.41,,,False,,,,,,,,,,,,2025-12-03,,0.11,0.65,0.83,14.87,23.92,31.44,7.81,-3.01,-3.97
4615.T,神東塗料,2026-07-28,130.0,131.0,138.0,False,-5.07,3.59,0.61,,,,,2024-08-08,478.0,-3.7,True,3.02,False,True,1.93,-3.01,False,crossed,9.0,,,0.78,True,0.27,widening,True,9.0,0.0,128.0,130.0,2026-02-04,-1.54,False,2026-07-14,2026-06-11,,0.15,0.13,0.26,3.1,5.38,9.63,3.17,3.17,-0.76
2170.T,リンクアンドモチベーション,2026-07-28,612.0,616.0,649.0,False,-5.08,0.74,0.76,,,,,2026-04-07,75.0,20.71,True,14.24,True,True,6.83,-6.98,True,crossed,5.0,,,1.16,True,0.41,,False,,-4.23,605.0,639.0,2026-04-08,-5.32,False,2026-07-21,2026-05-25,,0.38,0.28,0.19,9.06,18.31,23.48,16.57,16.79,22.4
2288.T,丸大食品,2026-07-28,2329.0,2352.0,2478.0,False,-5.08,0.64,0.93,,,,,2026-04-07,75.0,28.11,True,5.77,True,True,6.05,-7.45,True,crossed,2.0,,,,False,,,False,,-4.9,2281.0,2449.0,2026-02-24,-6.86,False,2026-07-24,2026-05-12,,0.24,0.17,0.6,6.19,12.17,12.17,5.58,2.15,28.32
3148.T,クリエイトＳＤホールディングス,2026-07-28,3420.0,3440.0,3625.0,False,-5.1,0.53,1.11,,,,,2025-07-16,250.0,4.91,True,4.36,False,True,3.25,-3.77,False,crossed,12.0,,,1.05,False,1.28,widening,True,4.0,0.59,3320.0,3400.0,2026-02-27,-2.35,False,2026-07-09,2026-05-12,,0.41,0.01,0.23,3.65,6.76,11.47,5.88,2.86,-3.12
3951.T,朝日印刷,2026-07-28,886.0,893.0,941.0,False,-5.1,0.97,1.1,,,,,2024-07-16,495.0,-3.06,True,1.2,False,True,1.97,-3.74,False,crossed,8.0,,,1.25,False,-0.48,narrowing,False,,-4.32,880.0,926.0,2026-01-14,-4.97,False,2026-07-15,2026-04-02,,0.29,0.39,0.36,3.69,8.04,10.79,2.19,-2.21,-2.32
6392.T,ヤマダコーポレーション,2026-07-28,7470.0,7610.0,8020.0,False,-5.11,2.22,0.76,,,,,2026-05-29,41.0,52.45,True,14.12,True,False,7.56,-9.36,False,crossed,47.0,,,1.74,True,-8.86,widening,True,0.0,0.27,7450.0,7450.0,2026-05-21,0.0,False,2026-05-21,2026-03-23,,0.3,0.45,0.82,11.97,12.61,14.1,9.05,9.05,49.1
2114.T,フジ日本,2026-07-28,641.0,643.0,678.0,False,-5.16,0.65,1.44,,,,,2026-02-27,101.0,17.08,True,5.9,True,True,4.88,-5.49,True,crossed,9.0,,,-0.16,False,-0.19,narrowing,False,,-5.46,634.0,678.0,2026-02-17,-6.49,False,2026-07-14,2026-04-16,,0.61,0.36,0.52,1.41,10.91,10.91,5.43,1.58,17.18
6804.T,ホシデン,2026-07-28,2803.0,2864.0,3020.0,False,-5.17,0.76,0.82,,,,,2026-03-03,99.0,26.66,True,6.1,True,True,7.26,-13.49,False,crossed,22.0,,,1.41,False,-1.92,narrowing,False,,-6.57,2763.0,3000.0,2026-03-02,-7.9,False,2026-06-25,2026-04-22,,0.27,0.0,0.73,12.4,16.9,16.9,0.04,2.86,26.55
6250.T,やまびこ,2026-07-28,3830.0,3940.0,4155.0,False,-5.17,1.85,0.7,,,,,2026-04-10,72.0,76.99,True,14.22,True,True,7.49,-9.11,False,crossed,14.0,,,-3.48,True,-3.33,narrowing,False,,-5.9,3880.0,4070.0,2026-05-08,-4.67,False,2026-07-07,2026-06-10,,0.0,0.26,0.89,12.9,12.9,12.9,0.66,14.67,76.25
2984.T,ヤマイチエステート,2026-07-28,737.0,750.0,791.0,False,-5.18,1.35,1.37,,,,,2026-03-04,98.0,9.35,True,0.65,True,True,4.19,-9.91,False,crossed,11.0,,,-5.15,False,-4.35,narrowing,False,,-5.51,758.0,780.0,2026-03-02,-2.82,False,2026-07-10,2026-04-03,,0.38,0.29,0.03,6.49,11.28,11.28,4.54,-2.77,9.67
9380.T,東海運,2026-07-28,417.0,420.0,443.0,False,-5.19,0.9,1.76,,,,,2026-03-24,85.0,29.1,True,5.18,True,True,4.15,-4.93,True,crossed,15.0,,,-2.13,False,-3.37,widening,False,,-5.23,422.0,440.0,2026-03-06,-4.09,False,2026-07-06,2026-04-20,,0.65,0.17,0.73,4.24,12.27,12.27,6.38,0.24,28.7
9344.T,アクシスコンサルティング,2026-07-28,925.0,928.0,979.0,False,-5.21,0.59,0.4,,,,,,,21.39,True,0.9,True,False,4.21,-2.93,False,,,,,,,,,,,,,,,,,,,,0.02,0.39,0.61,3.97,3.97,7.96,0.43,-0.43,22.84
3435.T,サンコーテクノ,2026-07-28,1416.0,1420.0,1498.0,False,-5.21,0.35,0.93,,,,,2026-02-19,106.0,10.54,True,5.3,True,True,5.14,-10.9,False,crossed,24.0,,,5.04,False,-1.94,narrowing,False,,-5.47,1390.0,1498.0,2026-02-19,-7.21,False,2026-06-23,2026-04-08,,0.59,0.0,0.46,5.73,12.82,12.82,6.63,1.65,8.92
5076.T,インフロニア・ホールディングス,2026-07-28,2711.5,2808.0,2963.0,False,-5.23,0.89,0.85,,,,,2026-07-10,11.0,118.23,True,19.99,True,True,9.94,-17.62,False,crossed,37.0,,,4.84,True,2.88,narrowing,True,7.0,1.78,2480.0,2664.0,2026-02-18,-6.91,True,2026-06-04,2026-04-06,3ヶ月,0.85,0.24,0.85,7.84,22.41,22.41,30.67,18.46,119.55
5533.T,エリッツホールディングス,2026-07-28,1983.0,2013.0,2124.0,False,-5.23,1.06,1.75,,,,,2025-09-22,205.0,13.83,True,1.64,True,True,5.08,-5.17,True,crossed,11.0,,,-0.2,False,-4.8,widening,False,,-4.43,2049.0,2075.0,2026-03-02,-1.25,False,2026-07-10,2026-04-10,,0.28,0.02,0.05,8.21,11.08,11.08,2.69,0.05,14.16
3160.T,大光,2026-07-28,577.0,580.0,612.0,False,-5.23,0.49,0.65,,,,,2023-09-26,691.0,2.85,False,-0.6,False,True,3.07,-5.09,False,imminent,,-1.01,,,True,,,,,,,,,,,,2026-06-02,,0.2,0.11,0.08,7.04,7.5,9.31,-3.35,0.35,3.96
4658.T,日本空調サービス,2026-07-28,1608.0,1644.0,1735.0,False,-5.24,0.63,0.92,,,,,2026-03-03,99.0,45.52,True,10.89,True,True,7.68,-13.02,False,crossed,11.0,,,-2.14,True,-3.11,widening,False,,-6.13,1633.0,1713.0,2026-03-02,-4.67,False,2026-07-10,2026-06-10,,0.09,0.22,0.78,9.34,13.78,13.78,6.99,10.36,46.31
8255.T,アクシアル　リテイリング,2026-07-28,1244.0,1247.0,1316.0,False,-5.24,0.53,0.88,,,,,2026-02-12,111.0,11.27,True,8.17,True,True,7.21,-9.25,False,crossed,9.0,,,1.1,False,3.86,widening,False,,-4.67,1183.0,1305.0,2026-02-27,-9.35,False,2026-07-14,2026-04-23,,0.57,0.28,0.0,13.32,24.67,24.67,9.7,3.07,10.77
4812.T,電通総研,2026-07-28,2713.0,2729.0,2880.0,False,-5.24,0.71,2.03,,,,,2025-12-29,139.0,25.22,True,18.46,True,True,12.2,-19.13,False,crossed,17.0,,,14.16,True,12.23,widening,False,,-1.42,2365.0,2752.0,2026-01-08,-14.06,False,2026-07-02,2026-06-29,,0.44,0.2,0.01,10.05,31.42,35.36,23.88,5.32,26.78
3544.T,サツドラホールディングス,2026-07-28,1257.0,1258.0,1328.0,False,-5.27,0.19,1.57,,,,,2026-06-29,20.0,50.9,True,41.6,True,True,17.13,-5.62,False,crossed,23.0,,,3.93,True,-0.72,widening,True,0.0,2.86,1222.0,1222.0,2026-06-24,0.0,False,2026-06-24,2026-05-21,,0.68,0.41,0.33,10.42,10.42,10.42,46.16,49.29,50.9
8041.T,ＯＵＧホールディングス,2026-07-28,4530.0,4585.0,4840.0,False,-5.27,1.39,1.08,,,,,2026-02-19,106.0,25.83,True,10.39,True,True,7.13,-12.17,False,crossed,28.0,,,-2.24,False,2.36,widening,False,,-5.43,4235.0,4790.0,2026-02-19,-11.59,False,2026-06-17,2026-04-15,3ヶ月,0.78,0.02,0.36,5.91,20.35,20.35,13.96,14.25,28.15
9632.T,スバル興業,2026-07-28,3605.0,3685.0,3890.0,False,-5.27,2.27,0.55,,,,,2026-03-18,88.0,23.33,True,4.37,True,False,8.55,-7.68,False,diverging,,-0.21,-0.05,,True,,,,,,,,,,,,2026-07-03,,0.08,0.17,0.26,9.45,11.08,17.03,3.3,13.36,24.1
4212.T,積水樹脂,2026-07-28,2645.0,2680.0,2829.0,False,-5.27,0.5,0.67,,,,,2026-07-08,13.0,32.25,True,18.31,True,True,9.76,-14.65,False,crossed,22.0,,,1.63,False,1.47,narrowing,True,1.0,4.55,2523.0,2530.0,2026-03-02,-0.28,False,2026-06-25,2026-04-17,3ヶ月,0.8,0.26,0.32,10.36,20.32,20.32,25.53,22.17,30.81
3045.T,カワサキ,2026-07-28,1493.0,1493.0,1576.0,False,-5.27,0.46,2.48,,,,,2025-08-20,227.0,1.56,True,2.52,True,True,1.83,-2.1,True,crossed,38.0,,,0.89,False,-4.59,widening,False,,-2.86,1462.0,1537.0,2026-02-13,-4.88,False,2026-06-03,2026-03-25,,0.61,0.0,0.02,2.96,7.61,10.49,3.25,1.22,3.04
6155.T,高松機械工業,2026-07-28,500.0,520.0,549.0,False,-5.28,1.2,1.33,,,,,2025-11-28,160.0,2.04,True,3.21,True,True,6.11,-10.47,False,crossed,15.0,,,4.48,True,-0.36,narrowing,True,3.0,-1.57,491.0,508.0,2026-01-29,-3.35,False,2026-07-06,2026-06-09,,0.33,0.14,0.0,6.43,9.84,14.58,1.21,2.46,3.31
8253.T,クレディセゾン,2026-07-28,4536.0,4678.0,4940.0,False,-5.3,0.6,0.81,,,,,2026-02-16,109.0,14.81,True,7.34,True,True,8.44,-15.93,False,crossed,15.0,,,0.65,False,-4.28,widening,False,,-5.34,4633.0,4792.0,2026-02-18,-3.32,False,2026-07-06,2026-04-02,,0.43,0.02,0.54,8.76,16.74,16.74,5.1,7.13,15.1
9101.T,日本郵船,2026-07-28,6007.0,6055.0,6394.0,False,-5.3,0.72,0.84,,,,,2026-04-08,74.0,15.14,True,12.39,True,True,6.49,-7.15,True,imminent,,-1.46,,,False,,,,,,,,,,,,2026-05-27,,0.0,0.03,0.2,13.52,19.48,19.48,2.26,18.04,16.3
8012.T,長瀬産業,2026-07-28,1136.5,1190.0,1257.0,False,-5.33,1.1,0.55,,,,,2026-04-15,69.0,59.54,True,7.13,True,True,7.72,-6.74,False,crossed,14.0,,,-1.49,True,-5.07,widening,False,,-8.31,1172.0,1239.5,2026-04-08,-5.45,False,2026-07-07,2026-05-27,,0.1,0.16,0.88,10.84,13.11,13.11,-4.38,9.99,59.34
8803.T,平和不動産,2026-07-28,2398.0,2412.0,2548.0,False,-5.34,0.68,0.75,,,,,2026-02-27,101.0,7.15,True,1.91,True,True,4.77,-4.81,True,,,,,,,,,,,,,,,,,,,,0.06,0.06,0.19,7.51,10.46,10.46,-0.83,6.96,8.07
7239.T,タチエス,2026-07-28,2222.0,2228.0,2354.0,False,-5.35,1.1,0.9,,,,,2026-02-27,101.0,26.04,True,5.51,True,False,7.08,-13.67,False,crossed,36.0,,,-2.5,False,-5.2,narrowing,False,,-5.41,2200.0,2349.0,2026-02-27,-6.34,False,2026-06-05,2026-04-03,,0.1,0.02,0.62,7.48,13.88,13.88,7.55,2.97,25.61
4925.T,ハーバー研究所,2026-07-28,1748.0,1750.0,1849.0,False,-5.35,0.54,1.39,,,,,,,6.26,True,1.94,False,True,3.94,-7.3,False,crossed,9.0,,,-1.03,False,-1.41,narrowing,False,,-5.46,1750.0,1849.0,2026-02-26,-5.35,False,2026-07-14,2026-04-20,,0.68,0.17,0.1,1.31,8.76,8.76,2.52,1.22,5.3
5990.T,スーパーツール,2026-07-28,1987.0,1987.0,2100.0,False,-5.38,0.39,1.86,,,,,2024-06-25,509.0,0.56,True,0.76,True,True,1.31,-2.3,True,crossed,10.0,,,-0.1,True,-1.23,widening,False,,-1.44,1983.0,2016.0,2026-03-02,-1.64,False,2026-07-13,2026-05-21,,0.01,0.11,0.13,2.8,3.57,5.71,-0.65,0.0,-3.07
4434.T,サーバーワークス,2026-07-28,2193.0,2242.0,2370.0,False,-5.4,3.52,1.7,,,,,2024-03-07,583.0,-5.88,True,12.84,False,False,7.03,-8.68,False,diverging,,-2.19,-0.02,,True,,,,,,,,,,,,2026-06-25,,0.19,0.01,0.01,16.22,16.22,22.77,8.56,6.98,3.1
7624.T,ＮａＩＴＯ,2026-07-28,139.0,140.0,148.0,False,-5.41,0.34,0.87,,,,,2026-06-29,20.0,4.51,True,0.76,True,True,4.41,-8.33,False,crossed,21.0,,,2.9,False,-2.42,widening,True,1.0,-4.14,138.0,145.0,2026-02-18,-4.83,False,2026-06-26,2026-03-23,,0.64,0.02,0.0,4.14,9.66,9.66,4.51,-2.8,5.3
1377.T,サカタのタネ,2026-07-28,4420.0,4460.0,4715.0,False,-5.41,0.44,1.15,,,,,2026-07-14,9.0,25.93,True,6.28,True,True,4.6,-5.04,True,crossed,9.0,,,-2.36,False,-1.74,narrowing,False,,-4.33,4440.0,4620.0,2026-04-06,-3.9,False,2026-07-14,2026-05-13,,0.68,0.02,0.66,3.12,12.77,12.77,6.51,9.54,30.0
6586.T,マキタ,2026-07-28,5654.0,5798.0,6130.0,False,-5.42,0.56,0.81,,,,,2026-02-12,111.0,25.53,True,7.57,True,True,9.35,-16.15,False,crossed,56.0,,,-3.5,True,-14.77,widening,False,,-7.4,5855.0,6106.0,2026-02-12,-4.11,False,2026-05-08,2026-04-15,,0.05,0.07,0.52,11.14,16.85,20.23,7.12,16.67,25.14
1939.T,四電工,2026-07-28,1994.0,2028.0,2145.0,False,-5.45,1.0,1.0,,,,,2026-05-12,54.0,53.5,True,12.54,True,True,9.46,-12.64,False,crossed,14.0,,,-3.83,True,-4.1,narrowing,False,,-5.59,2036.0,2112.0,2026-02-27,-3.6,False,2026-07-07,2026-06-09,,0.0,0.1,0.85,13.96,14.2,14.2,1.22,16.07,53.98
8051.T,山善,2026-07-28,1754.0,1764.0,1866.0,False,-5.47,0.46,0.72,,,,,2026-06-15,30.0,40.1,True,13.59,True,True,5.6,-6.45,True,crossed,72.0,,,-5.62,True,-7.66,narrowing,True,20.0,5.66,1637.0,1660.0,2026-04-09,-1.39,False,2026-04-10,2026-03-26,6ヶ月・1年,0.43,0.77,0.79,7.63,9.96,9.96,15.39,18.51,39.87
545A.T,トランヴィア,2026-07-28,923.0,934.0,988.0,False,-5.47,0.95,0.74,,,,,,,,,,,True,,,False,,,,,,,,,,,,,,,,,,,,0.2,,,10.25,,,3.48,,
6971.T,京セラ,2026-07-28,3625.0,3799.0,4019.0,False,-5.47,0.65,0.7,,,,,2026-07-06,15.0,122.94,True,35.96,True,True,10.67,-13.95,False,,,,,,,,,,,,,,,,,,,,0.69,0.8,0.9,12.83,15.96,15.96,33.76,55.18,125.44
2208.T,ブルボン,2026-07-28,3185.0,3190.0,3375.0,False,-5.48,0.68,1.1,,,,,2026-03-26,83.0,22.88,True,12.02,True,True,8.35,-10.62,False,crossed,8.0,,,1.93,False,1.25,widening,False,,-4.93,3110.0,3350.0,2026-02-27,-7.16,False,2026-07-15,2026-05-13,,0.66,0.0,0.59,6.13,15.94,15.94,6.17,16.33,22.55
7927.T,ムトー精工,2026-07-28,2300.0,2344.0,2480.0,False,-5.48,0.95,0.87,,,,,2026-02-27,101.0,50.13,True,10.59,True,True,10.23,-20.52,False,crossed,36.0,,,-3.45,True,-3.06,widening,False,,-7.26,2230.0,2480.0,2026-02-27,-10.08,False,2026-06-05,2026-04-06,,0.33,0.01,0.71,8.44,22.7,22.7,17.29,1.37,49.84
5589.T,オートサーバー,2026-07-28,2693.0,2720.0,2878.0,False,-5.49,0.21,0.36,,,,,2026-05-22,46.0,12.68,True,3.05,True,False,3.68,-6.22,False,,,,,,,,,,,,,,,,,,,1年,0.0,0.51,0.81,8.08,8.08,8.08,0.86,3.66,13.58
2269.T,明治ホールディングス,2026-07-28,3833.0,3853.0,4077.0,False,-5.49,0.55,0.9,,,,,2026-03-17,89.0,23.57,True,6.75,True,True,5.55,-4.17,True,crossed,4.0,,,,False,,,False,,-5.59,3729.0,4060.0,2026-03-18,-8.15,False,2026-07-22,2026-05-08,1年,0.23,0.09,0.73,6.16,11.87,11.87,2.73,5.74,23.49
2201.T,森永製菓,2026-07-28,2725.0,2736.0,2895.0,False,-5.49,0.46,0.94,,,,,2026-02-24,104.0,15.91,True,2.24,False,True,5.12,-6.89,False,crossed,3.0,,,,False,,,False,,-5.69,2647.5,2889.5,2026-02-27,-8.38,False,2026-07-23,2026-05-13,,0.14,0.3,0.03,11.45,16.23,16.23,-0.31,-2.33,15.69
2685.T,アンドエスティＨＤ,2026-07-28,3415.0,3435.0,3635.0,False,-5.5,0.5,1.02,,,,,2026-07-08,13.0,14.18,True,13.3,True,True,6.89,-13.11,False,,,,,,,,,,,,,,,,,,,6ヶ月,0.67,0.81,0.33,7.62,9.66,18.85,13.27,20.29,16.83
6141.T,ＤＭＧ森精機,2026-07-28,3570.0,3723.0,3940.0,False,-5.51,1.39,0.91,,,,,2026-05-12,54.0,8.25,True,19.21,True,True,14.64,-23.58,False,crossed,55.0,,,-11.17,True,-17.7,narrowing,True,0.0,-6.62,3823.0,3823.0,2026-05-11,0.0,False,2026-05-11,2026-03-25,,0.24,0.53,0.03,17.29,28.01,34.59,33.26,26.42,7.95
2226.T,湖池屋,2026-07-28,4740.0,4780.0,5060.0,False,-5.53,0.74,1.42,,,,,2024-09-05,459.0,-1.96,True,1.88,False,True,1.48,-4.5,False,crossed,29.0,,,-0.11,True,-3.62,widening,True,12.0,0.42,4685.0,4720.0,2026-02-06,-0.74,False,2026-06-16,2026-05-07,3ヶ月,0.77,0.35,0.11,0.95,1.8,8.62,1.17,1.17,-1.76
4676.T,フジ・メディア・ホールディングス,2026-07-28,4214.0,4218.0,4466.0,False,-5.55,0.58,0.66,,,,,2026-04-07,75.0,21.72,True,11.99,True,True,6.3,-8.09,False,crossed,17.0,,,1.98,True,2.97,widening,False,,-3.92,3996.0,4386.0,2026-04-07,-8.89,False,2026-07-02,2026-06-03,,0.37,0.28,0.58,8.86,15.62,18.81,3.82,7.04,18.47
5186.T,ニッタ,2026-07-28,6350.0,6470.0,6850.0,False,-5.55,0.64,1.43,,,,,2026-07-16,7.0,61.58,True,33.46,True,True,10.48,-7.07,False,,,,,,,,,,,,,,,,,,,3ヶ月・6ヶ月・1年,0.73,0.87,0.72,6.24,10.03,10.03,42.38,49.76,61.58
9651.T,日本プロセス,2026-07-28,1892.0,1956.0,2071.0,False,-5.55,1.14,2.79,,,,,2026-07-10,11.0,32.96,True,5.71,True,True,6.35,-5.9,True,crossed,6.0,,,-2.01,True,-5.81,widening,False,,-8.16,1990.0,2060.0,2026-07-10,-3.4,False,2026-07-17,2026-05-29,,0.09,0.0,0.55,11.74,13.14,13.74,3.78,3.73,33.15
3583.T,オーベクス,2026-07-28,1361.0,1372.0,1453.0,False,-5.57,1.12,3.6,,,,,2026-07-09,12.0,4.21,True,5.42,False,True,4.61,-5.93,False,crossed,4.0,,,,False,,,False,,-1.73,1320.0,1385.0,2026-03-02,-4.69,False,2026-07-22,2026-04-03,,0.08,0.32,0.23,16.79,18.77,18.77,2.41,0.07,3.18
2730.T,エディオン,2026-07-28,2537.0,2548.0,2699.0,False,-5.59,0.69,0.44,,,,,2026-06-04,37.0,22.15,True,16.33,True,False,6.18,-6.33,False,crossed,46.0,,,0.0,True,-1.85,narrowing,True,0.0,7.05,2370.0,2370.0,2026-05-22,0.0,False,2026-05-22,2026-05-07,,0.24,0.42,0.62,17.81,17.81,17.81,21.8,17.56,23.1
7956.T,ピジョン,2026-07-28,2006.5,2011.5,2130.5,False,-5.59,0.65,0.89,,,,,2026-07-03,16.0,18.2,True,15.25,True,True,6.15,-7.25,True,crossed,68.0,,,1.28,True,5.7,narrowing,True,7.0,16.35,1676.5,1724.5,2026-02-27,-2.78,False,2026-04-16,2026-04-02,3ヶ月・6ヶ月,0.79,0.84,0.16,7.62,8.26,15.94,18.48,22.5,17.1
2122.T,インタースペース,2026-07-28,1398.0,1400.0,1483.0,False,-5.6,0.65,0.79,,,,,2025-09-19,206.0,51.14,True,11.37,True,True,9.58,-11.39,False,crossed,17.0,,,3.92,False,2.79,narrowing,True,1.0,4.48,1328.0,1338.0,2026-03-02,-0.75,False,2026-07-02,2026-04-21,,0.66,0.21,0.58,5.11,11.58,18.21,11.04,10.08,50.0
7962.T,キングジム,2026-07-28,806.0,809.0,857.0,False,-5.6,0.71,0.42,,,,,2021-04-23,1284.0,-3.7,False,-1.05,False,False,2.56,-4.04,False,diverging,,-2.35,-0.88,,False,,,,,,,,,,,,2026-05-07,,0.16,0.48,0.73,8.32,8.32,11.32,-0.62,-1.59,-3.12
3490.T,アズ企画設計,2026-07-28,3080.0,3120.0,3305.0,False,-5.6,0.23,4.88,,,,,2026-07-09,12.0,10.59,True,6.32,True,True,3.19,-3.5,True,crossed,24.0,,,2.83,False,2.47,widening,False,,-2.69,2898.0,3165.0,2026-01-09,-8.44,False,2026-06-23,2026-03-10,3ヶ月,0.74,0.0,0.03,4.29,11.04,13.71,8.45,2.16,10.99
9036.T,東部ネットワーク,2026-07-28,1300.0,1365.0,1446.0,False,-5.6,2.26,1.1,,,,,2026-05-25,45.0,48.74,True,10.78,True,True,7.92,-8.01,False,crossed,56.0,,,7.08,True,-3.0,narrowing,True,1.0,5.26,1200.0,1235.0,2026-01-16,-2.83,False,2026-05-08,2026-03-06,,0.05,0.46,0.82,17.13,17.13,17.13,6.91,7.0,49.77
3422.T,Ｊ－ＭＡＸ,2026-07-28,483.0,487.0,516.0,False,-5.62,0.16,0.97,,,,,2025-11-28,160.0,50.94,True,10.4,True,True,16.51,-13.89,False,crossed,48.0,,,5.07,False,-2.97,widening,True,6.0,-3.4,454.0,500.0,2026-05-14,-9.2,False,2026-05-20,2026-03-06,,0.54,0.3,0.69,9.2,19.84,22.5,14.18,2.55,50.94
9306.T,東陽倉庫,2026-07-28,2040.0,2044.0,2166.0,False,-5.63,0.89,0.94,,,,,2026-03-26,83.0,27.34,True,1.53,True,True,3.45,-3.16,True,imminent,,-1.13,,,False,,,,,,,,,,,,2026-05-26,,0.22,0.19,0.67,6.2,7.86,7.86,-2.63,-1.45,26.94
1873.T,日本ハウスホールディングス,2026-07-28,312.0,317.0,336.0,False,-5.65,0.62,0.88,,,,,2022-01-04,1115.0,7.22,False,-0.01,False,True,4.08,-5.41,False,crossed,2.0,,,,False,,,False,,-5.74,310.0,331.0,2026-04-08,-6.34,False,2026-07-24,2026-05-14,,0.17,0.32,0.03,11.62,12.69,13.73,-4.29,-3.11,6.85
2139.T,中広,2026-07-28,533.0,533.0,565.0,False,-5.66,0.76,0.97,,,,,2026-02-26,102.0,16.63,True,12.88,True,True,8.9,-9.8,False,crossed,8.0,,,2.72,True,2.54,widening,False,,-4.14,514.0,556.0,2026-02-26,-7.55,False,2026-07-15,2026-05-25,,0.19,0.09,0.45,7.77,14.57,14.57,3.7,19.24,15.62
9059.T,カンダホールディングス,2026-07-28,884.0,898.0,952.0,False,-5.67,0.21,1.5,,,,,2026-02-09,113.0,8.6,True,0.27,True,True,5.02,-13.33,False,crossed,34.0,,,0.69,False,-4.5,widening,False,,-6.65,873.0,947.0,2026-01-26,-7.81,False,2026-06-09,2026-03-18,,0.35,0.07,0.3,6.67,13.52,13.52,2.67,-4.23,10.09
4911.T,資生堂,2026-07-28,3230.0,3334.0,3535.0,False,-5.69,0.65,1.06,,,,,2026-04-07,75.0,28.17,True,16.57,True,True,12.71,-14.58,False,imminent,,-1.58,,,False,,,,,,,,,,,,2026-05-25,,0.03,0.07,0.33,27.41,29.86,29.86,2.44,18.68,31.03
2752.T,フジオフードグループ本社,2026-07-28,1122.0,1126.0,1194.0,False,-5.7,0.45,0.87,,,,,2023-06-07,767.0,0.54,True,0.69,False,False,3.31,-5.64,False,,,,,,,,,,,,,,,,,,,,0.01,0.41,0.14,8.34,8.34,11.99,3.79,4.96,0.27
3965.T,キャピタル・アセット・プランニング,2026-07-28,859.0,860.0,912.0,False,-5.7,0.4,0.99,,,,,2025-09-04,216.0,11.85,True,4.03,False,True,5.81,-9.44,False,crossed,9.0,,,0.23,True,-1.64,widening,False,,-1.26,862.0,870.0,2026-03-25,-0.92,False,2026-07-14,2026-06-02,,0.05,0.04,0.11,9.2,9.2,18.24,-0.46,0.59,12.14
6923.T,スタンレー電気,2026-07-28,3530.0,3585.0,3802.0,False,-5.71,0.93,0.84,,,,,2026-06-19,26.0,22.76,True,10.64,True,False,7.03,-13.36,False,crossed,52.0,,,0.9,True,-7.88,narrowing,True,7.0,-0.37,3446.0,3543.0,2026-05-13,-2.74,False,2026-05-14,2026-03-16,,0.31,0.55,0.52,9.35,14.92,14.92,18.2,12.24,23.08
6333.T,ＴＥＩＫＯＫＵ,2026-07-28,3215.0,3300.0,3500.0,False,-5.71,0.83,1.06,,,,,2026-02-27,101.0,2.06,True,5.74,False,True,7.55,-18.66,False,crossed,25.0,,,0.95,False,-2.29,widening,False,,-6.13,3160.0,3425.0,2026-02-27,-7.74,False,2026-06-22,2026-04-01,3ヶ月,0.88,0.0,0.3,5.23,20.58,20.93,15.36,1.74,0.47
7509.T,アイエーグループ,2026-07-28,4705.0,4705.0,4990.0,False,-5.71,0.98,0.08,,,,,2026-03-03,99.0,31.42,True,6.75,True,True,6.88,-9.07,False,crossed,14.0,,,0.21,True,-1.29,widening,False,,-5.14,4670.0,4960.0,2026-02-27,-5.85,False,2026-07-07,2026-07-03,,0.01,0.11,0.8,8.92,12.5,12.5,4.32,12.83,31.42
5845.T,全保連,2026-07-28,1019.0,1022.0,1084.0,False,-5.72,1.15,0.78,,,,,2026-02-16,109.0,21.45,True,3.45,True,True,5.4,-9.26,False,crossed,30.0,,,0.1,False,-2.37,widening,False,,-4.68,993.0,1069.0,2026-02-19,-7.11,False,2026-06-15,2026-04-02,,0.38,0.0,0.63,5.96,10.2,10.2,3.98,2.93,23.52
7283.T,愛三工業,2026-07-28,2286.0,2338.0,2480.0,False,-5.73,0.21,1.76,,,,,2026-07-13,10.0,31.23,True,11.23,True,True,10.93,-20.03,False,crossed,18.0,,,17.86,False,13.06,narrowing,True,3.0,-1.72,1976.0,2326.0,2026-01-16,-15.05,False,2026-07-01,2026-03-05,3ヶ月,0.71,0.02,0.01,8.97,25.87,26.83,24.78,-0.35,31.53
7921.T,ＴＡＫＡＲＡ　＆　ＣＯＭＰＡＮＹ,2026-07-28,4465.0,4520.0,4795.0,False,-5.74,0.68,2.43,,,,,2025-12-30,138.0,30.75,True,13.24,False,True,14.34,-12.27,False,crossed,7.0,,,-3.79,False,-1.58,narrowing,False,,-5.9,4490.0,4745.0,2026-01-06,-5.37,False,2026-07-16,2026-02-10,,0.35,0.2,0.12,18.72,34.99,39.79,29.8,1.59,32.89
7988.T,ニフコ,2026-07-28,5219.0,5242.0,5562.0,False,-5.75,1.08,0.77,,,,,2026-02-27,101.0,48.52,True,10.31,True,True,9.46,-20.8,False,crossed,17.0,,,0.36,False,1.46,widening,False,,-5.86,5021.0,5544.0,2026-02-27,-9.43,False,2026-07-02,2026-03-24,,0.57,0.03,0.27,12.4,26.98,26.98,15.57,3.57,47.26
4385.T,メルカリ,2026-07-28,4521.0,4580.0,4860.0,False,-5.76,0.73,1.02,,,,,2026-07-14,9.0,86.82,True,32.41,True,True,8.27,-9.0,False,,,,,,,,,,,,,,,,,,,,0.33,0.75,0.91,13.23,13.23,17.77,13.17,50.15,86.16
3175.T,エー・ピーホールディングス,2026-07-28,943.0,945.0,1003.0,False,-5.78,0.62,0.77,,,,,2025-09-26,202.0,2.28,False,-0.39,False,True,3.13,-8.98,False,crossed,13.0,,,-0.11,False,-2.31,widening,False,,-5.7,947.0,1000.0,2026-02-13,-5.3,False,2026-07-08,2026-03-27,,0.45,0.44,0.07,2.15,9.8,9.89,2.84,-3.68,2.39
4463.T,日華化学,2026-07-28,1775.0,1810.0,1921.0,False,-5.78,0.47,1.0,,,,,2026-05-01,58.0,40.65,True,7.85,True,True,7.63,-10.29,False,imminent,,-0.22,,,True,,,,,,,,,,,,2026-06-30,,0.05,0.08,0.81,13.14,13.14,13.14,10.66,6.03,37.17
8876.T,リログループ,2026-07-28,2046.0,2066.0,2193.0,False,-5.79,0.41,1.35,,,,,2026-07-08,13.0,20.21,True,11.36,True,True,4.98,-7.09,True,crossed,9.0,,,-1.4,True,-1.12,narrowing,False,,-6.1,2042.5,2179.0,2026-07-08,-6.26,False,2026-07-14,2026-06-04,,0.12,0.2,0.5,12.83,12.83,12.83,4.49,13.64,21.1
7953.T,菊水化学工業,2026-07-28,389.0,390.0,414.0,False,-5.8,0.3,0.26,,,,,2026-02-27,101.0,3.18,True,0.11,False,True,3.09,-5.81,False,crossed,7.0,,,-0.52,False,-0.24,narrowing,False,,-5.81,386.0,413.0,2026-02-27,-6.54,False,2026-07-16,2026-04-13,,0.1,0.42,0.01,2.58,8.47,8.47,0.52,-1.02,2.1
4249.T,森六,2026-07-28,2500.0,2547.0,2704.0,False,-5.81,0.95,0.83,,,,,2023-12-01,646.0,8.7,True,3.27,False,True,5.86,-10.14,False,crossed,4.0,,,,False,,,False,,-6.09,2546.0,2662.0,2026-02-27,-4.36,False,2026-07-22,2026-04-06,,0.01,0.21,0.02,9.57,14.5,16.24,3.39,-2.15,8.27
9872.T,北恵,2026-07-28,935.0,941.0,999.0,False,-5.81,0.52,2.03,,,,,2025-11-12,171.0,6.61,True,3.58,False,True,3.31,-5.85,False,crossed,13.0,,,0.65,False,-0.7,narrowing,True,0.0,1.19,924.0,924.0,2026-07-08,0.0,False,2026-07-08,2026-05-12,,0.59,0.11,0.16,2.02,4.49,14.04,5.29,4.12,5.41
2531.T,宝ホールディングス,2026-07-28,2119.0,2197.0,2332.5,False,-5.81,0.67,0.69,,,,,2026-06-22,25.0,71.3,True,20.09,True,False,13.15,-10.14,False,crossed,68.0,,,-1.14,True,0.8,narrowing,True,0.0,14.79,1846.0,1846.0,2026-04-16,0.0,False,2026-04-16,2026-03-13,,0.52,0.82,0.55,14.23,15.56,23.48,19.04,28.58,74.83
1444.T,ニッソウ,2026-07-28,2830.0,2830.0,3005.0,False,-5.82,0.97,3.62,,,,,2026-01-21,126.0,2.39,True,1.08,True,True,4.08,-10.21,False,crossed,59.0,,,-0.54,False,-9.6,widening,False,,-5.6,2761.0,2998.0,2026-01-19,-7.91,False,2026-04-30,2026-02-05,,0.6,0.44,0.06,5.08,13.82,15.11,2.17,-4.17,3.28
7354.T,ダイレクトマーケティングミックス,2026-07-28,336.0,338.0,359.0,False,-5.85,0.55,0.89,,,,,2026-07-09,12.0,34.4,True,10.68,True,True,11.76,-14.41,False,crossed,18.0,,,4.91,False,0.44,narrowing,True,6.0,-4.55,326.0,352.0,2026-02-18,-7.39,False,2026-07-01,2026-03-31,,0.62,0.01,0.34,12.99,23.86,23.86,11.63,3.07,37.14
4045.T,東亞合成,2026-07-28,1783.0,1810.0,1922.5,False,-5.85,1.0,0.93,,,,,2026-02-27,101.0,23.99,True,4.88,True,True,5.35,-11.18,False,crossed,21.0,,,-0.51,False,-2.97,widening,False,,-7.26,1780.0,1922.5,2026-02-27,-7.41,False,2026-06-26,2026-04-08,,0.22,0.18,0.71,4.4,13.63,13.63,2.18,0.39,24.03
325A.T,ＴＥＮＴＩＡＬ,2026-07-28,1686.0,1720.0,1827.0,False,-5.86,0.5,2.07,,,,,2026-07-21,5.0,15.35,True,24.64,False,True,16.45,-22.26,False,crossed,23.0,,,-3.27,True,17.85,widening,True,16.0,3.54,1388.3333740234375,1628.3,2026-01-13,-14.74,False,2026-06-24,2026-05-28,,0.56,0.11,0.12,16.36,24.45,39.91,28.05,24.28,26.45
2908.T,フジッコ,2026-07-28,1578.0,1588.0,1687.0,False,-5.87,0.96,0.9,,,,,2024-01-31,607.0,-0.44,True,0.44,False,True,2.72,-3.66,False,crossed,4.0,,,,False,,,False,,-4.36,1554.0,1650.0,2026-02-25,-5.82,False,2026-07-22,2026-04-02,,0.33,0.53,0.54,4.92,10.97,12.92,3.34,-2.59,-0.25
9343.T,アイビス,2026-07-28,776.0,785.0,834.0,False,-5.88,0.55,0.43,,,,,2026-05-13,53.0,13.95,True,8.44,True,False,8.03,-9.46,False,crossed,69.0,,,-1.25,True,-6.11,widening,True,15.0,2.11,718.0,760.0,2026-01-19,-5.53,False,2026-04-15,2026-02-24,,0.1,0.53,0.09,12.2,20.7,26.29,13.95,6.45,15.3
8029.T,ルックホールディングス,2026-07-28,2651.0,2661.0,2828.0,False,-5.91,0.56,0.69,,,,,2025-11-14,169.0,12.09,True,1.79,True,True,3.98,-9.05,False,crossed,67.0,,,-0.31,False,-11.43,widening,True,1.0,2.24,2590.0,2593.0,2026-02-16,-0.12,False,2026-04-17,2025-12-30,6ヶ月,0.43,0.75,0.04,4.79,7.37,13.75,2.67,4.91,12.0
9889.T,ＪＢＣＣホールディングス,2026-07-28,1566.0,1592.0,1692.0,False,-5.91,1.23,1.05,,,,,2026-01-19,128.0,23.6,True,15.61,True,True,11.51,-11.82,False,crossed,12.0,,,2.7,False,9.73,widening,False,,-6.34,1405.0,1672.0,2026-01-15,-15.97,False,2026-07-09,2026-02-19,,0.53,0.09,0.04,9.92,30.54,31.04,29.31,-4.63,24.68
7914.T,共同印刷,2026-07-28,1643.0,1656.0,1760.0,False,-5.91,0.54,0.81,,,,,2026-02-27,101.0,24.09,True,4.86,True,True,5.58,-9.67,False,crossed,12.0,,,0.25,False,-0.19,narrowing,False,,-6.54,1618.0,1758.0,2026-02-27,-7.96,False,2026-07-09,2026-04-07,3ヶ月,0.79,0.26,0.25,4.66,16.27,16.27,9.31,0.12,24.28
25935.T,伊藤園第１種優先株式,2026-07-28,1794.0,1798.0,1911.0,False,-5.91,1.08,0.77,,,,,2026-04-03,77.0,1.07,False,-0.83,False,True,1.12,-1.91,False,imminent,,-1.39,,,False,,,,,,,,,,,,2026-05-25,,0.22,0.3,0.01,6.04,7.72,7.72,-4.06,-2.02,1.01
4102.T,丸尾カルシウム,2026-07-28,1470.0,1476.0,1569.0,False,-5.93,1.65,0.69,,,,,2026-02-06,114.0,7.22,True,3.23,True,True,2.34,-3.42,True,crossed,22.0,,,-1.44,False,-2.61,narrowing,False,,-1.87,1459.0,1498.0,2026-02-19,-2.6,False,2026-06-25,2026-04-02,,0.08,0.01,0.62,5.0,7.41,7.41,3.16,2.73,9.05
5184.T,ニチリン,2026-07-28,4095.0,4115.0,4375.0,False,-5.94,0.77,0.75,,,,,2026-02-27,101.0,16.5,True,4.15,True,False,6.8,-7.2,False,,,,,,,,,,,,,,,,,,,1年,0.01,0.11,0.74,5.39,10.06,10.06,2.25,8.05,16.17
7508.T,Ｇ‐７ホールディングス,2026-07-28,1460.0,1469.0,1562.0,False,-5.95,1.4,0.75,,,,,2026-02-12,111.0,8.96,True,6.63,True,True,5.84,-11.49,False,crossed,20.0,,,2.09,False,2.5,widening,False,,-6.47,1385.0,1561.0,2026-02-12,-11.27,False,2026-06-29,2026-03-25,3ヶ月,0.78,0.23,0.13,3.92,17.81,17.81,13.8,-1.15,9.45
9065.T,山九,2026-07-28,9407.0,9466.0,10065.0,False,-5.95,1.3,0.94,,,,,2026-02-18,107.0,14.25,True,7.43,True,True,7.36,-13.16,False,crossed,1.0,,,,False,,,False,,-6.35,9280.0,10045.0,2026-02-27,-7.62,False,2026-07-27,2026-04-07,,0.07,0.33,0.24,8.12,16.51,16.51,12.16,4.23,13.13
7939.T,研創,2026-07-28,597.0,600.0,638.0,False,-5.96,1.87,1.97,,,,,2026-02-17,108.0,11.8,True,2.75,True,True,3.82,-6.98,True,crossed,10.0,,,-4.43,False,-3.56,narrowing,False,,-6.43,610.0,638.0,2026-02-13,-4.39,False,2026-07-13,2026-04-16,,0.47,0.45,0.24,4.96,12.85,12.85,3.29,-2.29,12.22
7366.T,ＬＩＴＡＬＩＣＯ,2026-07-28,1587.0,1625.0,1728.0,False,-5.96,0.73,0.81,,,,,2026-07-07,14.0,25.26,True,17.0,True,True,12.33,-15.76,False,crossed,50.0,,,2.11,True,-8.14,widening,True,1.0,1.41,1561.0,1565.0,2026-05-13,-0.26,False,2026-05-18,2026-04-02,,0.45,0.63,0.22,10.43,16.51,22.66,31.27,21.33,25.95
7357.T,ジオコード,2026-07-28,1618.0,1671.0,1777.0,False,-5.97,4.77,1.78,,,,,2026-07-17,6.0,42.68,True,9.24,True,True,6.78,-9.43,False,crossed,30.0,,,1.68,True,-0.47,narrowing,True,21.0,-4.32,1548.0,1691.0,2026-02-06,-8.46,False,2026-06-15,2026-06-01,,0.69,0.08,0.74,6.38,18.63,18.63,2.28,3.52,46.82
2268.T,Ｂ－Ｒ　サーティワン　アイスクリーム,2026-07-28,4085.0,4090.0,4350.0,False,-5.98,0.54,0.87,,,,,2024-07-22,491.0,-3.54,True,0.45,False,False,1.75,-3.82,False,,,,,,,,,,,,,,,,,,,6ヶ月,0.0,0.7,0.22,2.05,2.05,8.85,0.74,2.0,-3.31
9307.T,杉村倉庫,2026-07-28,1041.0,1052.0,1119.0,False,-5.99,4.03,0.8,,,,,2026-04-22,64.0,35.19,True,5.38,True,True,10.49,-11.22,False,imminent,,-2.13,,,False,,,,,,,,,,,,2026-05-29,,0.08,0.09,0.22,15.62,18.15,21.66,1.56,3.79,33.98
2927.T,ＡＦＣ－ＨＤアムスライフサイエンス,2026-07-28,860.0,863.0,918.0,False,-5.99,0.91,0.61,,,,,2026-01-16,129.0,-1.94,False,-1.02,False,True,2.03,-2.98,False,crossed,0.0,,,,False,,,False,,-6.11,860.0,916.0,2026-01-15,-6.11,False,2026-07-28,2026-04-03,,0.0,0.63,0.13,5.52,9.58,10.37,-0.35,-4.97,-2.6
7367.T,セルム,2026-07-28,334.0,342.0,364.0,False,-6.04,0.29,0.79,,,,,2023-06-21,757.0,-5.38,False,-1.43,False,True,3.38,-9.51,False,crossed,26.0,,,-3.51,False,-6.56,widening,False,,-6.18,342.0,356.0,2026-01-14,-3.93,False,2026-06-19,2026-02-24,,0.63,0.09,0.56,4.56,11.33,13.77,3.09,-5.38,-5.11
4763.T,クリーク・アンド・リバー社,2026-07-28,1507.0,1521.0,1619.0,False,-6.05,0.61,1.71,,,,,2022-09-15,943.0,-0.13,True,6.35,False,True,5.48,-5.6,False,crossed,7.0,,,1.08,False,0.8,widening,False,,-5.46,1480.0,1594.0,2026-01-07,-7.15,False,2026-07-16,2026-03-06,,0.42,0.3,0.45,8.93,22.09,23.9,13.74,-2.52,0.47
9656.T,グリーンランドリゾート,2026-07-28,603.0,603.0,642.0,False,-6.07,0.09,0.4,,,,,2024-02-26,591.0,-2.27,False,-1.49,False,False,1.57,-3.08,False,diverging,,-0.84,-0.39,,True,,,,,,,,,,,,2026-06-09,,0.45,0.08,0.61,3.72,3.72,5.99,-2.43,-1.15,-2.43
7539.T,アイナボホールディングス,2026-07-28,797.0,803.0,855.0,False,-6.08,0.57,1.22,,,,,2026-03-27,82.0,13.86,True,4.35,True,True,5.13,-5.8,True,crossed,14.0,,,0.99,True,-3.76,widening,False,,-5.68,811.0,845.0,2026-03-12,-4.02,False,2026-07-07,2026-05-14,,0.53,0.02,0.3,8.0,12.9,15.41,2.44,5.56,14.51
7745.T,Ａ＆Ｄホロンホールディングス,2026-07-28,2850.0,2939.0,3130.0,False,-6.1,1.18,0.64,,,,,2026-04-15,69.0,46.45,True,16.26,True,True,10.69,-11.63,False,crossed,25.0,,,0.0,True,-4.38,widening,True,17.0,-5.94,2860.0,3030.0,2026-04-16,-5.61,True,2026-06-22,2026-06-15,,0.08,0.39,0.73,18.41,18.55,18.55,0.07,20.0,45.93
7990.T,グローブライド,2026-07-28,2452.0,2495.0,2657.0,False,-6.1,0.88,0.57,,,,,2026-05-29,41.0,11.51,True,7.61,False,False,9.91,-11.49,False,crossed,46.0,,,4.1,True,-11.4,widening,True,5.0,-5.18,2515.0,2586.0,2026-05-19,-2.75,False,2026-05-22,2026-04-01,,0.14,0.25,0.01,11.84,14.1,18.43,18.57,9.37,10.75
3161.T,アゼアス,2026-07-28,655.0,660.0,703.0,False,-6.12,2.02,0.36,,,,,2024-04-01,567.0,2.83,False,-0.45,True,True,2.57,-5.9,False,imminent,,-0.79,,,False,,,,,,,,,,,,2026-05-26,,0.0,0.04,0.34,7.84,9.84,9.84,-1.65,-0.3,1.87
5401.T,日本製鉄,2026-07-28,653.1,656.9,699.8,False,-6.13,2.29,1.3,,,,,2024-03-04,586.0,14.84,True,8.1,False,True,7.71,-9.45,False,crossed,0.0,,,,False,,,False,,-6.43,653.0999755859375,698.0,2026-02-12,-6.43,False,2026-07-28,2026-03-17,,0.11,0.55,0.2,8.87,23.93,23.93,13.96,-4.0,15.29
7368.T,表示灯,2026-07-28,1675.0,1682.0,1792.0,False,-6.14,0.32,1.19,,,,,2025-08-13,232.0,4.75,False,-0.86,False,True,2.48,-5.28,False,imminent,,-0.14,,,False,,,,,,,,,,,,2026-03-25,,0.0,0.47,0.04,4.07,6.58,10.34,-2.5,-3.07,4.36
8793.T,ＮＥＣキャピタルソリューション,2026-07-28,4095.0,4115.0,4385.0,False,-6.16,0.87,0.61,,,,,2026-02-27,101.0,4.6,True,1.22,True,True,3.83,-7.75,True,,,,,,,,,,,,,,,,,,,,0.04,0.2,0.3,9.26,11.74,11.74,-3.99,-0.85,4.2
8923.T,トーセイ,2026-07-28,1793.0,1823.0,1943.0,False,-6.18,0.69,1.06,,,,,2026-01-14,131.0,28.53,True,8.54,True,True,5.84,-8.45,False,crossed,14.0,,,-0.28,True,-1.98,widening,True,6.0,-1.21,1792.0,1815.0,2026-01-13,-1.27,False,2026-07-07,2026-05-28,,0.5,0.21,0.15,8.46,12.3,17.74,9.73,7.95,28.67
6267.T,ゼネラルパッカー,2026-07-28,4090.0,4165.0,4440.0,False,-6.19,0.69,2.21,,,,,2026-03-03,99.0,26.04,True,6.29,True,True,6.06,-7.62,True,crossed,8.0,,,4.43,False,5.49,widening,False,,-5.32,3835.0,4320.0,2026-03-03,-11.23,False,2026-07-15,2026-04-03,,0.42,0.18,0.36,8.79,18.29,18.29,6.1,-1.09,27.81
7947.T,エフピコ,2026-07-28,2610.0,2678.0,2855.0,False,-6.2,0.99,0.72,,,,,2025-04-21,309.0,-0.38,True,2.69,False,True,6.9,-16.61,False,crossed,26.0,,,1.08,False,-3.84,widening,False,,-8.07,2600.0,2839.0,2026-02-19,-8.42,False,2026-06-19,2026-03-17,3ヶ月,0.71,0.08,0.21,4.93,19.16,19.16,10.59,-5.09,-0.42
6523.T,ＰＨＣホールディングス,2026-07-28,1102.0,1115.0,1189.0,False,-6.22,0.53,0.88,,,,,2026-01-15,130.0,20.83,True,4.23,True,False,6.03,-8.72,False,crossed,2.0,,,,True,,,False,,-6.77,1079.0,1182.0,2026-01-15,-8.71,False,2026-07-24,2026-07-06,,0.28,0.02,0.18,8.96,18.56,19.46,10.2,-4.42,22.58
7399.T,ナンシン,2026-07-28,597.0,600.0,640.0,False,-6.25,0.24,0.83,,,,,2026-02-18,107.0,12.43,True,1.3,True,True,4.31,-6.98,True,crossed,17.0,,,0.17,False,-1.12,narrowing,False,,-6.57,589.0,639.0,2026-03-10,-7.82,False,2026-07-02,2026-04-10,,0.63,0.29,0.15,5.15,13.62,13.62,2.58,-1.32,12.43
2009.T,鳥越製粉,2026-07-28,1090.0,1093.0,1166.0,False,-6.26,1.33,0.51,,,,,2025-12-26,140.0,20.84,True,0.27,True,True,4.55,-7.26,True,crossed,0.0,,,,False,,,False,,-2.42,1090.0,1117.0,2026-02-27,-2.42,False,2026-07-28,2026-05-20,,0.09,0.0,0.34,1.84,5.1,11.23,1.11,1.87,21.92
9044.T,ＮＡＮＫＡＩ,2026-07-28,3089.0,3110.0,3318.0,False,-6.27,0.85,0.8,,,,,2026-04-09,73.0,40.03,True,5.73,True,True,5.25,-6.17,True,crossed,0.0,,,,False,,,False,,-5.48,3089.0,3268.0,2026-04-08,-5.48,False,2026-07-28,2026-05-18,,0.0,0.24,0.34,14.48,19.74,19.74,5.97,1.28,39.87
9432.T,ＮＴＴ,2026-07-28,156.5,156.7,167.2,False,-6.28,1.14,0.94,,,,,2025-08-20,227.0,3.64,True,2.09,False,True,3.15,-3.01,False,imminent,,-0.84,,,False,,,,,,,,,,,,2026-04-24,,0.05,0.42,0.36,8.75,10.19,13.72,3.3,0.19,4.19
9045.T,京阪ホールディングス,2026-07-28,3363.0,3370.0,3596.0,False,-6.28,1.43,0.98,,,,,2026-02-13,110.0,9.4,True,2.05,False,True,4.61,-7.11,False,imminent,,-0.34,,,False,,,,,,,,,,,,2026-03-18,,0.01,0.57,0.01,9.19,14.93,14.93,2.37,-4.68,11.03
7701.T,島津製作所,2026-07-28,4148.0,4254.0,4540.0,False,-6.3,0.58,0.57,,,,,2024-10-04,440.0,21.46,True,2.55,True,True,7.39,-15.37,False,crossed,26.0,,,5.75,False,4.14,narrowing,False,,-6.13,3828.0,4419.0,2026-01-23,-13.37,False,2026-06-19,2026-02-10,3ヶ月,0.73,0.06,0.07,9.16,21.02,21.94,15.41,-3.91,22.4
9074.T,日本石油輸送,2026-07-28,5430.0,5500.0,5870.0,False,-6.3,0.45,0.37,,,,,2026-01-16,129.0,78.62,True,8.98,True,True,9.64,-8.19,False,crossed,45.0,,,1.43,False,-11.53,widening,False,,-5.07,5590.0,5720.0,2026-01-16,-2.27,False,2026-05-25,2026-03-19,,0.14,0.07,0.77,12.28,15.34,16.08,7.31,-4.23,78.33
2659.T,サンエー,2026-07-28,3260.0,3265.0,3485.0,False,-6.31,0.52,1.17,,,,,2026-04-08,74.0,9.65,True,7.62,True,True,4.68,-5.62,True,diverging,,-0.34,-0.13,,True,,,,,,,,,,,,2026-06-22,,0.0,0.35,0.53,6.8,9.41,13.44,1.4,6.54,9.32
7217.T,テイン,2026-07-28,426.0,430.0,459.0,False,-6.32,1.36,0.91,,,,,2026-05-19,49.0,9.94,True,4.26,True,True,4.27,-5.95,True,imminent,,-0.22,,,True,,,,,,,,,,,,2026-07-06,,0.19,0.16,0.43,11.57,11.57,11.57,0.47,1.43,10.65
2668.T,タビオ,2026-07-28,1260.0,1260.0,1345.0,False,-6.32,0.2,1.17,,,,,2026-02-25,103.0,5.35,False,-0.31,True,False,1.9,-2.15,False,crossed,36.0,,,1.77,False,-4.92,widening,False,,-4.18,1244.0,1315.0,2026-02-24,-5.4,False,2026-06-05,2026-03-12,,0.03,0.17,0.27,2.9,8.52,8.52,1.94,-3.3,5.44
6770.T,アルプスアルパイン,2026-07-28,2200.0,2243.0,2395.5,False,-6.37,0.8,0.93,,,,,2026-02-26,102.0,44.78,True,5.5,True,False,8.8,-11.2,False,imminent,,-2.44,,,True,,,,,,,,,,,,2026-06-02,,0.15,0.0,0.65,16.27,16.41,16.41,-1.79,9.92,45.12
6750.T,エレコム,2026-07-28,1876.0,1925.0,2056.0,False,-6.37,1.24,1.06,,,,,2025-08-12,233.0,2.74,True,8.25,False,True,5.68,-11.09,False,crossed,33.0,,,-2.97,False,-0.53,narrowing,True,25.0,2.57,1786.0,1829.0,2026-03-02,-2.35,False,2026-06-10,2026-03-30,3ヶ月,0.92,0.25,0.37,4.47,13.34,22.38,17.25,10.81,1.19
287A.T,黒田グループ,2026-07-28,1082.0,1102.0,1177.0,False,-6.37,0.98,0.86,,,,,2026-06-19,26.0,20.89,True,10.91,True,True,7.91,-15.41,False,crossed,32.0,,,7.91,True,1.54,narrowing,True,24.0,-3.65,1012.0,1123.0,2026-02-27,-9.88,False,2026-06-11,2026-04-15,3ヶ月,0.76,0.11,0.69,6.7,16.3,16.3,14.14,9.85,21.57
9310.T,日本トランスシティ,2026-07-28,1344.0,1353.0,1445.0,False,-6.37,1.27,1.2,,,,,2026-02-12,111.0,23.3,True,13.26,True,True,7.86,-9.29,False,crossed,4.0,,,,False,,,False,,-3.59,1294.0,1394.0,2026-02-12,-7.17,False,2026-07-22,2026-04-24,,0.2,0.28,0.11,12.8,23.24,23.24,14.09,9.54,24.44
5302.T,日本カーボン,2026-07-28,4680.0,4755.0,5080.0,False,-6.4,0.59,0.98,,,,,2026-02-25,103.0,15.84,True,1.31,True,True,5.45,-11.49,False,diverging,,-0.56,-0.02,,True,,,,,,,,,,,,2026-06-19,1年,0.15,0.0,0.77,7.32,11.49,11.49,-0.64,1.52,14.85
4242.T,タカギセイコー,2026-07-28,1888.0,1900.0,2030.0,False,-6.4,4.17,0.56,,,,,2026-03-05,97.0,43.57,True,9.34,True,True,8.5,-8.58,False,crossed,8.0,,,0.38,False,2.12,widening,False,,-6.53,1828.0,2020.0,2026-03-06,-9.5,False,2026-07-15,2026-04-30,,0.04,0.11,0.63,19.66,21.29,21.29,3.45,10.99,43.14
2186.T,ソーバル,2026-07-28,916.0,918.0,981.0,False,-6.42,0.57,2.01,,,,,2023-03-27,816.0,-1.4,True,0.92,False,True,1.15,-2.43,False,crossed,10.0,,,0.55,False,-0.55,widening,False,,-0.54,908.0,921.0,2026-02-12,-1.41,False,2026-07-13,2026-03-17,,0.34,0.07,0.42,1.32,2.82,8.77,1.55,0.33,-1.82
2790.T,ナフコ,2026-07-28,2214.0,2222.0,2375.0,False,-6.44,0.09,0.81,,,,,2026-03-03,99.0,19.68,True,3.76,True,True,5.69,-8.79,False,crossed,6.0,,,-1.98,False,-3.48,widening,False,,-5.3,2273.0,2338.0,2026-03-02,-2.78,False,2026-07-17,2026-04-10,,0.11,0.17,0.57,8.02,12.66,12.66,4.58,-1.03,20.33
6841.T,横河電機,2026-07-28,5644.0,5910.0,6317.0,False,-6.44,0.54,0.75,,,,,2026-02-27,101.0,49.15,True,9.74,True,True,11.97,-24.04,False,crossed,18.0,,,-4.85,True,-3.85,widening,False,,-9.62,5714.0,6245.0,2026-02-27,-8.5,False,2026-07-01,2026-05-21,,0.36,0.03,0.71,18.03,24.74,24.74,7.22,7.57,49.35
9434.T,ソフトバンク,2026-07-28,231.7,231.9,247.9,False,-6.45,0.84,0.99,,,,,2025-08-19,228.0,7.12,True,7.01,False,True,4.71,-4.6,False,imminent,,-1.07,,,True,,,,,,,,,,,,2026-06-18,,0.07,0.03,0.24,11.34,11.34,17.63,5.22,8.07,6.48
8230.T,はせがわ,2026-07-28,317.0,318.0,340.0,False,-6.47,0.77,1.02,,,,,2026-02-12,111.0,3.59,False,-1.13,False,True,2.25,-3.26,False,imminent,,-0.81,,,False,,,,,,,,,,,,2026-04-16,,0.16,0.79,0.0,5.0,10.06,10.06,-0.94,-3.94,3.59
4097.T,高圧ガス工業,2026-07-28,1085.0,1124.0,1202.0,False,-6.49,1.05,0.57,,,,,2026-06-19,26.0,2.17,False,-0.43,True,True,2.96,-3.51,False,crossed,14.0,,,-2.04,False,-5.68,widening,False,,-7.89,1126.0,1178.0,2026-02-12,-4.41,False,2026-07-07,2026-04-15,,0.21,0.1,0.28,6.47,10.36,11.15,-1.36,-4.99,1.78
2264.T,森永乳業,2026-07-28,1266.0,1279.0,1368.2,False,-6.52,0.32,0.85,,,,,2026-06-09,34.0,52.44,True,17.05,True,True,8.07,-4.1,False,crossed,30.0,,,-2.53,True,-2.29,narrowing,False,,-4.2,1232.75,1321.5,2026-06-09,-6.72,False,2026-06-15,2026-05-28,,0.32,0.49,0.9,13.33,15.33,15.33,2.93,25.47,50.98
9625.T,セレスポ,2026-07-28,1075.0,1085.0,1161.0,False,-6.55,2.91,0.98,,,,,2025-03-24,329.0,-1.92,False,-0.77,False,True,3.02,-5.77,False,imminent,,-0.24,,,False,,,,,,,,,,,,2026-04-08,,0.11,0.63,0.0,2.64,6.48,11.06,-0.92,-3.24,-3.24
7550.T,ゼンショーホールディングス,2026-07-28,9895.0,9904.0,10600.0,False,-6.57,0.86,0.85,,,,,2025-08-18,229.0,24.65,True,10.56,False,True,10.84,-7.56,False,crossed,6.0,,,4.22,False,5.48,widening,False,,-0.65,9303.0,9960.0,2026-02-25,-6.6,False,2026-07-17,2026-04-20,,0.23,0.19,0.12,18.5,25.32,29.06,23.13,15.21,25.73
4848.T,フルキャストホールディングス,2026-07-28,1707.0,1720.0,1841.0,False,-6.57,1.08,0.65,,,,,2025-05-12,297.0,5.18,True,3.51,False,True,4.99,-5.11,False,crossed,0.0,,,,False,,,False,,-3.07,1707.0,1761.0,2026-01-23,-3.07,False,2026-07-28,2026-05-07,,0.12,0.39,0.5,8.98,15.39,18.18,5.31,-0.06,5.96
7267.T,本田技研工業,2026-07-28,1614.0,1616.0,1730.0,False,-6.59,0.83,0.81,,,,,2025-09-05,215.0,6.04,True,8.93,False,True,8.56,-20.64,False,crossed,34.0,,,-0.38,False,5.98,widening,False,,-4.61,1444.5,1692.0,2026-02-06,-14.63,False,2026-06-09,2026-03-10,3ヶ月,0.8,0.01,0.37,7.51,26.06,26.52,24.49,-1.53,5.77
7872.T,エステールホールディングス,2026-07-28,607.0,609.0,652.0,False,-6.6,1.62,1.2,,,,,2026-02-12,111.0,6.12,True,1.12,True,True,2.79,-6.54,True,crossed,12.0,,,-0.49,False,-1.9,widening,False,,-6.33,608.0,648.0,2026-02-12,-6.17,False,2026-07-09,2026-04-09,,0.59,0.44,0.15,2.83,9.88,9.88,2.88,-1.62,5.93
6257.T,藤商事,2026-07-28,1025.0,1031.0,1104.0,False,-6.61,1.2,0.4,,,,,2024-12-20,387.0,-2.66,False,-0.67,False,True,3.3,-7.1,False,crossed,12.0,,,-0.1,False,-0.85,narrowing,False,,-6.9,1016.0,1101.0,2026-01-16,-7.72,False,2026-07-09,2026-03-03,,0.46,0.4,0.54,4.11,12.51,12.99,5.02,-6.39,-2.38
6083.T,ＥＲＩホールディングス,2026-07-28,1567.0,1575.0,1686.7,False,-6.62,0.45,2.26,,,,,2025-12-18,146.0,59.41,True,12.32,True,True,14.28,-18.87,False,crossed,9.0,,,7.38,False,10.96,widening,False,,-4.26,1396.0,1636.7,2026-01-08,-14.7,True,2026-07-14,2026-04-03,,0.23,0.18,0.49,13.62,23.08,24.94,10.09,3.55,58.71
9012.T,秩父鉄道,2026-07-28,2100.0,2100.0,2250.0,False,-6.67,0.47,1.23,,,,,2026-05-07,57.0,3.91,False,-0.27,True,False,1.84,-2.99,False,diverging,,-1.5,-0.86,,True,,,,,,,,,,,,2026-06-08,,0.41,0.11,0.54,7.47,7.47,7.47,-2.37,-2.23,3.91
9661.T,歌舞伎座,2026-07-28,4465.0,4475.0,4795.0,False,-6.67,0.72,1.04,,,,,2025-08-27,222.0,-2.62,False,-1.84,False,True,1.38,-3.01,False,imminent,,-0.07,,,False,,,,,,,,,,,,2026-03-04,,0.07,0.53,0.42,1.12,6.45,7.23,-0.11,-5.2,-2.72
9853.T,銀座ルノアール,2026-07-28,910.0,910.0,975.0,False,-6.67,0.07,0.74,,,,,2025-04-24,306.0,1.68,False,-1.78,False,True,1.92,-4.81,False,imminent,,-0.17,,,False,,,,,,,,,,,,2026-04-01,,0.03,0.75,0.05,1.53,7.69,7.69,0.0,-4.61,1.0
8706.T,極東証券,2026-07-28,1741.0,1775.0,1902.0,False,-6.68,1.02,1.34,,,,,2026-02-27,101.0,13.27,True,5.64,True,True,7.36,-13.63,False,crossed,5.0,,,-0.8,False,-1.55,,False,,-8.37,1755.0,1900.0,2026-02-27,-7.63,False,2026-07-21,2026-04-10,,0.47,0.34,0.15,4.28,19.95,19.95,9.98,-1.69,20.4
2734.T,サーラコーポレーション,2026-07-28,1139.0,1146.0,1228.0,False,-6.68,0.38,1.27,,,,,2026-03-02,100.0,22.34,True,5.29,True,True,8.08,-15.71,False,crossed,13.0,,,-0.78,False,-3.36,narrowing,False,,-6.79,1156.0,1222.0,2026-02-27,-5.4,False,2026-07-08,2026-03-30,,0.56,0.09,0.05,9.32,21.93,21.93,9.94,4.59,22.34
8086.T,ニプロ,2026-07-28,1624.5,1642.5,1760.5,False,-6.7,0.62,0.9,,,,,2026-06-01,40.0,19.98,True,5.23,True,False,6.54,-8.4,False,diverging,,-2.21,-0.16,,True,,,,,,,,,,,,2026-07-13,,0.0,0.34,0.46,12.32,12.32,12.32,5.97,11.53,20.42
8076.T,カノークス,2026-07-28,2062.0,2088.0,2238.0,False,-6.7,1.19,0.53,,,,,2026-02-24,104.0,17.83,True,2.18,True,True,4.68,-9.61,False,crossed,5.0,,,0.19,False,-0.56,,False,,-7.37,2058.0,2226.0,2026-02-27,-7.55,False,2026-07-21,2026-04-07,,0.08,0.49,0.31,7.95,13.61,13.61,2.64,-1.9,16.69
4044.T,セントラル硝子,2026-07-28,4140.0,4250.0,4555.0,False,-6.7,1.3,0.7,,,,,2026-07-01,18.0,34.85,True,8.34,True,True,7.96,-10.43,False,crossed,20.0,,,1.62,True,-7.31,widening,False,,-8.1,4330.0,4505.0,2026-06-25,-3.88,False,2026-06-29,2026-05-25,,0.22,0.16,0.79,9.98,13.04,13.04,2.73,11.74,34.85
9033.T,広島電鉄,2026-07-28,623.0,627.0,672.0,False,-6.7,0.54,0.89,,,,,,,-0.32,True,0.23,False,True,3.6,-7.76,False,crossed,14.0,,,-0.48,False,-2.68,widening,False,,-7.01,627.0,670.0,2026-02-27,-6.42,False,2026-07-07,2026-04-13,,0.32,0.43,0.03,4.28,9.85,10.36,1.47,-1.11,0.16
3560.T,ほぼ日,2026-07-28,4340.0,4375.0,4690.0,False,-6.72,1.15,1.85,,,,,2026-07-07,14.0,40.23,True,17.06,True,True,8.27,-7.83,False,crossed,70.0,,,8.15,True,-7.24,narrowing,True,1.0,1.64,4050.0,4270.0,2026-04-13,-5.15,False,2026-04-14,2026-04-02,,0.09,0.67,0.79,10.86,10.86,12.32,0.93,22.25,40.23
7516.T,コーナン商事,2026-07-28,4275.0,4300.0,4610.0,False,-6.72,0.67,1.5,,,,,2026-04-08,74.0,11.76,True,5.89,True,True,5.88,-11.39,False,imminent,,-0.08,,,False,,,,,,,,,,,,2026-05-20,,0.16,0.01,0.25,5.38,12.49,12.49,5.56,9.34,12.95
9037.T,ハマキョウレックス,2026-07-28,1832.0,1833.0,1965.0,False,-6.72,0.8,0.94,,,,,2026-02-24,104.0,29.75,True,3.23,True,False,6.16,-9.89,False,diverging,,-0.5,-0.0,,True,,,,,,,,,,,,2026-07-07,,0.01,0.05,0.73,7.17,12.54,12.54,4.87,-1.56,30.3
2207.T,ｍｅｉｔｏ,2026-07-28,3135.0,3195.0,3425.0,False,-6.72,1.19,0.8,,,,,2026-05-15,51.0,51.96,True,15.57,True,True,5.69,-6.98,True,crossed,9.0,,,0.8,True,-1.13,widening,False,,-5.29,3130.0,3310.0,2026-05-13,-5.44,False,2026-07-14,2026-06-15,,0.0,0.57,0.89,12.3,12.3,12.3,-2.18,24.16,52.78
2876.T,デルソーレ,2026-07-28,485.0,485.0,520.0,False,-6.73,0.6,0.68,,,,,2026-02-13,110.0,16.87,True,6.56,True,True,4.36,-4.05,True,crossed,3.0,,,,False,,,False,,-2.61,489.0,498.0,2026-02-20,-1.81,False,2026-07-23,2026-04-27,,0.11,0.05,0.42,12.9,13.25,13.25,5.43,7.78,16.59
7630.T,壱番屋,2026-07-28,939.0,942.0,1010.0,False,-6.73,1.52,0.92,,,,,2024-02-05,604.0,1.84,True,3.84,False,True,3.79,-5.88,False,crossed,11.0,,,1.11,False,2.75,widening,True,11.0,0.86,900.0,931.0,2026-03-27,-3.33,False,2026-07-10,2026-01-23,,0.45,0.14,0.62,5.33,9.13,15.82,9.44,3.3,2.62
7482.T,シモジマ,2026-07-28,1393.0,1399.0,1500.0,False,-6.73,0.77,0.66,,,,,2026-02-27,101.0,12.7,True,3.11,True,True,4.31,-7.78,True,crossed,9.0,,,1.54,False,0.68,narrowing,False,,-6.82,1366.0,1495.0,2026-02-27,-8.63,False,2026-07-14,2026-04-10,,0.63,0.35,0.21,5.76,15.79,15.79,6.99,-1.21,12.43
6412.T,平和,2026-07-28,2108.0,2122.0,2275.0,False,-6.73,1.23,0.6,,,,,2024-12-19,388.0,2.48,True,5.9,False,True,4.39,-7.43,False,crossed,34.0,,,0.44,False,-2.93,narrowing,True,34.0,0.38,2050.0,2100.0,2026-01-19,-2.38,False,2026-06-09,2026-02-26,,0.62,0.03,0.34,4.78,12.55,20.41,16.02,2.28,3.43
6465.T,ホシザキ,2026-07-28,5713.0,5749.0,6164.0,False,-6.73,0.64,1.15,,,,,2025-03-19,331.0,9.07,True,8.51,False,True,5.33,-8.08,False,crossed,25.0,,,-0.56,True,3.16,widening,True,9.0,1.35,5330.0,5637.0,2026-02-24,-5.45,False,2026-06-22,2026-05-19,,0.49,0.11,0.14,9.39,14.71,21.26,11.82,10.16,9.74
7075.T,ＱＬＳホールディングス,2026-07-28,809.0,815.0,874.0,False,-6.75,0.22,1.05,,,,,2026-03-18,88.0,15.57,True,4.25,True,True,5.96,-5.78,True,crossed,12.0,,,0.49,False,-2.59,widening,False,,-3.92,816.0,842.0,2026-03-18,-3.09,False,2026-07-09,2026-04-24,,0.41,0.05,0.31,5.11,9.5,13.84,4.79,4.66,15.57
5909.T,コロナ,2026-07-28,1027.0,1035.0,1110.0,False,-6.76,0.29,0.95,,,,,2026-02-27,101.0,8.68,True,6.87,True,True,7.66,-14.79,False,crossed,13.0,,,-1.58,False,-0.2,narrowing,False,,-7.39,1010.0,1109.0,2026-02-27,-8.93,False,2026-07-08,2026-04-08,,0.62,0.02,0.08,5.65,18.67,18.67,8.56,5.23,9.72
6091.T,ウエスコホールディングス,2026-07-28,910.0,922.0,989.0,False,-6.77,1.5,1.69,,,,,2026-07-06,15.0,28.71,True,5.43,True,True,7.03,-8.78,False,crossed,20.0,,,3.9,False,-4.22,widening,True,2.0,-1.94,922.0,928.0,2026-03-11,-0.65,False,2026-06-29,2026-04-16,,0.65,0.14,0.47,6.81,12.93,15.24,5.57,8.33,27.45
2811.T,カゴメ,2026-07-28,2803.5,2805.0,3009.0,False,-6.78,0.98,0.71,,,,,2024-04-30,547.0,-2.25,True,3.14,False,True,4.2,-7.59,False,crossed,4.0,,,,False,,,False,,-3.73,2716.0,2912.0,2026-04-08,-6.73,False,2026-07-22,2026-04-28,,0.36,0.39,0.44,7.12,13.77,16.02,4.69,1.01,-1.67
8008.T,ヨンドシーホールディングス,2026-07-28,2023.0,2064.0,2214.0,False,-6.78,0.81,1.82,,,,,2026-07-14,9.0,15.86,True,10.67,True,True,2.6,-2.28,True,crossed,25.0,,,2.1,True,2.11,narrowing,True,1.0,5.47,1906.0,1918.0,2026-04-17,-0.63,False,2026-06-22,2026-05-28,3ヶ月,0.74,0.39,0.62,7.49,7.49,7.49,9.12,8.76,16.0
7749.T,メディキット,2026-07-28,2803.0,2885.0,3095.0,False,-6.79,1.65,1.35,,,,,2026-02-03,117.0,9.92,False,-2.79,True,False,4.03,-3.67,False,diverging,,-2.75,-2.51,,False,,,,,,,,,,,,2026-04-13,,0.7,0.76,0.39,7.61,8.65,8.95,-5.24,-4.98,9.71
8174.T,日本瓦斯,2026-07-28,2934.5,2952.0,3167.0,False,-6.79,0.8,0.7,,,,,2026-03-02,100.0,9.07,True,1.35,True,True,4.83,-8.69,False,crossed,6.0,,,1.07,False,0.53,widening,False,,-6.93,2893.5,3153.0,2026-03-02,-8.23,False,2026-07-17,2026-04-10,,0.28,0.41,0.0,7.52,15.02,15.02,1.8,-1.25,7.69
6820.T,アイコム,2026-07-28,3310.0,3350.0,3595.0,False,-6.82,0.43,1.19,,,,,2025-11-04,177.0,14.57,True,9.16,True,True,5.53,-10.48,False,crossed,13.0,,,2.67,True,2.2,widening,True,1.0,1.69,3180.0,3255.0,2026-04-16,-2.3,False,2026-07-08,2026-05-28,,0.51,0.15,0.28,6.36,10.63,16.65,5.25,9.78,14.53
8137.T,サンワテクノス,2026-07-28,3680.0,3820.0,4100.0,False,-6.83,1.02,1.02,,,,,2026-05-12,54.0,49.23,True,14.07,True,True,8.43,-10.49,False,crossed,54.0,,,-3.71,True,-13.34,widening,False,,-6.95,3775.0,3955.0,2026-05-11,-4.55,False,2026-05-12,2026-04-21,1年,0.28,0.67,0.93,11.5,11.5,11.5,14.46,19.87,48.93
9385.T,ショーエイコーポレーション,2026-07-28,777.0,790.0,848.0,False,-6.84,0.75,1.28,,,,,2026-03-03,99.0,41.02,True,13.34,True,True,9.42,-12.08,False,crossed,10.0,,,0.39,False,-1.04,widening,False,,-7.61,774.0,841.0,2026-02-19,-7.97,False,2026-07-13,2026-04-27,,0.68,0.01,0.67,4.4,19.86,19.86,12.28,19.54,41.02
3132.T,マクニカホールディングス,2026-07-28,3100.0,3439.0,3692.0,False,-6.85,4.04,1.1,,,,,2026-07-27,1.0,59.88,True,17.69,True,False,8.64,-16.54,False,crossed,53.0,,,-4.29,True,-13.52,widening,True,0.0,-2.94,3194.0,3194.0,2026-05-13,0.0,False,2026-05-13,2026-03-25,,0.36,0.58,0.81,13.38,18.28,18.28,22.26,16.78,59.55
9929.T,平和紙業,2026-07-28,471.0,475.0,510.0,False,-6.86,2.4,1.1,,,,,2026-03-02,100.0,8.03,True,1.96,True,True,3.75,-7.72,True,crossed,24.0,,,-1.07,False,-3.38,widening,False,,-7.65,469.0,510.0,2026-03-02,-8.04,False,2026-06-23,2026-04-10,,0.42,0.03,0.61,1.94,11.37,11.37,1.51,0.86,8.03
2664.T,カワチ薬品,2026-07-28,3360.0,3380.0,3630.0,False,-6.89,0.81,0.59,,,,,2026-06-24,23.0,19.53,True,8.35,True,False,5.24,-9.64,False,crossed,39.0,,,1.21,True,-5.15,widening,True,1.0,1.36,3300.0,3315.0,2026-02-25,-0.45,False,2026-06-02,2026-04-02,,0.58,0.39,0.67,8.56,15.08,15.08,19.36,9.27,18.98
1905.T,テノックス,2026-07-28,1501.0,1511.0,1623.0,False,-6.9,1.28,0.71,,,,,2026-03-19,87.0,25.4,True,5.43,True,True,4.82,-5.02,True,crossed,36.0,,,3.12,True,-4.44,widening,False,,-7.52,1475.0,1623.0,2026-03-19,-9.12,False,2026-06-05,2026-05-14,,0.37,0.36,0.71,5.48,13.92,13.92,7.44,6.91,24.36
4206.T,アイカ工業,2026-07-28,3721.0,3731.0,4008.0,False,-6.91,0.86,0.81,,,,,2026-03-02,100.0,3.62,True,3.6,False,True,5.5,-8.88,False,crossed,15.0,,,-1.66,False,-2.62,narrowing,False,,-7.16,3737.0,4008.0,2026-03-02,-6.76,False,2026-07-06,2026-04-15,,0.68,0.1,0.06,4.87,16.19,16.19,6.53,3.05,3.39
3241.T,ウィル,2026-07-28,586.0,593.0,637.0,False,-6.91,0.61,1.28,,,,,2025-11-11,172.0,26.29,True,1.68,True,True,4.58,-5.94,True,imminent,,-0.28,,,True,,,,,,,,,,,,2026-06-11,,0.14,0.01,0.59,8.25,8.25,8.25,-1.84,3.35,26.29
7296.T,エフ・シー・シー,2026-07-28,3675.0,3695.0,3970.0,False,-6.93,0.83,0.88,,,,,2026-01-16,129.0,23.86,True,5.77,True,True,7.05,-16.56,False,crossed,23.0,,,-0.3,False,5.14,widening,False,,-6.96,3380.0,3950.0,2026-01-16,-14.43,False,2026-06-24,2026-03-16,,0.5,0.23,0.28,5.04,17.31,18.35,10.36,-5.77,23.24
7505.T,扶桑電通,2026-07-28,2237.0,2280.0,2450.0,False,-6.94,0.78,0.99,,,,,2026-07-07,14.0,101.53,True,15.36,True,True,9.18,-18.96,False,crossed,37.0,,,-3.78,True,0.52,narrowing,True,20.0,1.73,2091.0,2199.0,2026-02-27,-4.91,False,2026-06-04,2026-04-08,3ヶ月,0.79,0.24,0.73,9.93,19.51,22.74,25.32,12.02,64.49
7850.T,総合商研,2026-07-28,883.0,884.0,950.0,False,-6.95,1.85,2.38,,,,,2024-04-30,547.0,1.96,True,2.23,False,True,3.38,-7.07,False,crossed,17.0,,,0.69,False,-1.45,widening,False,,-1.67,874.0,898.0,2026-04-27,-2.67,False,2026-07-02,2026-04-07,,0.32,0.07,0.03,9.24,9.24,14.21,-0.56,-0.23,1.85
6376.T,日機装,2026-07-28,3740.0,3995.0,4295.0,False,-6.98,1.03,0.73,,,,,2026-06-26,21.0,189.7,True,55.27,True,True,13.3,-7.65,False,,,,,,,,,,,,,,,,,,,,0.8,0.91,0.92,14.78,14.78,14.78,41.45,107.43,191.28
5101.T,横浜ゴム,2026-07-28,7557.0,7596.0,8168.0,False,-7.0,0.58,1.02,,,,,2026-06-19,26.0,81.61,True,16.47,True,True,14.45,-26.15,False,crossed,41.0,,,-2.1,True,-2.24,widening,False,,-5.32,7179.0,7982.0,2026-02-20,-10.06,False,2026-05-29,2026-04-02,3ヶ月,0.76,0.35,0.73,8.69,27.07,27.07,19.71,20.51,82.89
3864.T,三菱製紙,2026-07-28,1122.0,1140.0,1226.0,False,-7.01,0.92,1.61,,,,,2026-07-21,5.0,72.88,True,36.19,True,True,11.04,-9.62,False,,,,,,,,,,,,,,,,,,,,0.38,0.85,0.77,11.67,12.06,17.56,17.0,65.0,76.42
7811.T,中本パックス,2026-07-28,1912.0,1950.0,2097.0,False,-7.01,1.35,1.01,,,,,2025-08-12,233.0,5.11,True,0.82,False,True,4.71,-10.45,False,crossed,15.0,,,-0.25,True,-4.99,widening,False,,-7.27,1967.0,2062.0,2026-02-12,-4.61,False,2026-07-06,2026-06-24,,0.03,0.1,0.0,5.33,14.06,16.59,-0.98,-4.83,6.22
9368.T,キムラユニティー,2026-07-28,911.0,914.0,983.0,False,-7.02,0.84,0.94,,,,,2026-03-02,100.0,11.78,True,2.67,True,True,4.21,-7.83,True,crossed,4.0,,,,False,,,False,,-7.32,905.0,983.0,2026-02-27,-7.93,False,2026-07-22,2026-04-15,,0.02,0.36,0.22,6.81,13.63,13.63,3.76,-0.55,12.19
2175.T,エス・エム・エス,2026-07-28,2346.0,2438.0,2623.0,False,-7.05,1.09,1.88,,,,,2026-07-15,8.0,62.75,True,36.95,True,True,9.38,-14.62,False,crossed,122.0,,,-0.35,False,13.68,narrowing,,,,1706.0,,,,False,2026-01-27,2025-10-29,3ヶ月,0.91,0.77,0.56,7.49,12.15,21.89,29.97,45.17,62.3
5187.T,クリエートメディック,2026-07-28,1151.0,1156.0,1244.0,False,-7.07,0.21,0.54,,,,,2026-04-21,65.0,20.9,True,4.75,True,True,5.03,-6.64,True,imminent,,-1.05,,,False,,,,,,,,,,,,2026-05-27,,0.05,0.09,0.66,12.1,13.52,13.52,-5.27,6.77,20.78
5391.T,エーアンドエーマテリアル,2026-07-28,1530.0,1547.0,1665.0,False,-7.09,0.73,0.8,,,,,2026-02-05,115.0,28.14,True,11.4,True,True,4.31,-4.53,True,crossed,31.0,,,2.35,False,3.64,narrowing,False,,-5.56,1406.0,1620.0,2026-02-05,-13.21,False,2026-06-12,2026-04-02,3ヶ月,0.82,0.12,0.76,4.73,19.38,19.38,9.76,6.47,28.57
2483.T,翻訳センター,2026-07-28,2267.0,2290.0,2465.0,False,-7.1,0.94,0.87,,,,,2026-07-15,8.0,18.38,True,15.22,True,True,6.35,-5.44,True,crossed,47.0,,,-0.28,False,-2.54,widening,True,31.0,3.37,2127.0,2193.0,2026-05-13,-3.01,False,2026-05-21,2026-02-19,,0.66,0.55,0.06,7.75,7.75,15.27,27.36,18.13,18.07
6157.T,日進工具,2026-07-28,916.0,954.0,1027.0,False,-7.11,2.22,0.98,,,,,2026-07-13,10.0,20.37,True,4.85,True,True,6.79,-12.55,False,crossed,26.0,,,2.29,True,-4.44,widening,True,16.0,-5.18,918.0,966.0,2026-04-21,-4.97,False,2026-06-19,2026-06-10,,0.49,0.15,0.64,10.55,12.65,12.65,-0.43,2.81,20.37
4553.T,東和薬品,2026-07-28,4100.0,4170.0,4490.0,False,-7.13,0.76,0.94,,,,,2026-04-17,67.0,30.16,True,11.08,True,True,10.16,-12.12,False,crossed,4.0,,,,False,,,False,,-7.03,4205.0,4410.0,2026-02-27,-4.65,False,2026-07-22,2026-05-19,,0.2,0.0,0.65,22.28,26.42,26.42,-1.8,12.18,29.34
3611.T,マツオカコーポレーション,2026-07-28,2473.0,2535.0,2730.0,False,-7.14,0.89,1.33,,,,,2026-07-10,11.0,36.03,True,5.76,True,True,7.71,-17.96,False,crossed,32.0,,,5.2,False,7.45,narrowing,False,,-8.81,2192.0,2712.0,2026-02-12,-19.17,False,2026-06-11,2026-03-23,,0.66,0.0,0.42,10.64,23.75,23.75,17.43,-0.4,35.14
7857.T,セキ,2026-07-27,1300.0,1300.0,1400.0,False,-7.14,0.0,0.36,,,,,2026-04-20,65.0,-4.41,False,-2.28,False,False,1.67,-3.09,False,imminent,,-2.03,,,False,,,,,,,,,,,,2026-05-28,,0.57,0.36,0.19,8.39,9.57,9.57,-5.8,-2.62,-4.06
6013.T,タクマ,2026-07-28,3410.0,3500.0,3770.0,False,-7.16,0.62,0.72,,,,,2026-07-06,15.0,63.71,True,20.9,True,True,10.02,-11.51,False,,,,,,,,,,,,,,,,,,,6ヶ月・1年,0.57,0.74,0.9,10.36,11.51,11.51,21.74,32.74,62.38
6513.T,オリジン,2026-07-28,1047.0,1062.0,1144.0,False,-7.17,1.11,1.32,,,,,2024-06-28,506.0,0.19,False,-2.01,False,True,2.11,-3.94,False,crossed,12.0,,,0.93,False,-4.34,widening,False,,-5.51,1075.0,1108.0,2026-02-27,-2.98,False,2026-07-09,2026-04-24,,0.22,0.26,0.04,3.94,6.95,6.95,-1.23,-4.47,0.19
1914.T,日本基礎技術,2026-07-28,717.0,723.0,779.0,False,-7.19,2.26,0.72,,,,,2026-03-02,100.0,4.37,True,5.11,True,True,6.43,-9.5,False,imminent,,-1.62,,,False,,,,,,,,,,,,2026-05-29,,0.14,0.11,0.21,12.85,15.45,15.45,-1.78,4.67,6.07
7780.T,メニコン,2026-07-28,1770.0,1790.0,1929.0,False,-7.21,0.91,0.92,,,,,2026-02-18,107.0,51.8,True,11.91,True,True,10.05,-10.37,False,crossed,9.0,,,-0.66,False,4.38,widening,False,,-6.84,1675.0,1900.0,2026-02-27,-11.84,False,2026-07-14,2026-05-01,,0.43,0.09,0.7,10.8,22.21,22.21,7.34,12.03,53.51
9017.T,新潟交通,2026-07-28,2004.0,2008.0,2164.0,False,-7.21,0.32,0.99,,,,,2024-03-27,570.0,-3.14,False,-2.59,False,True,2.41,-7.02,False,crossed,6.0,,,-0.4,False,-1.48,widening,False,,-7.22,2016.0,2160.0,2026-01-05,-6.67,False,2026-07-17,2026-03-18,,0.27,0.66,0.46,2.89,9.51,9.72,0.3,-5.69,-3.28
9034.T,南総通運,2026-07-28,1603.0,1614.0,1740.0,False,-7.24,0.82,1.55,,,,,2026-02-24,104.0,18.57,True,1.84,True,True,5.59,-12.09,False,crossed,27.0,,,-1.19,False,-4.23,widening,False,,-7.34,1600.0,1730.0,2026-02-24,-7.51,False,2026-06-18,2026-04-02,,0.57,0.06,0.5,3.06,12.6,12.6,2.95,-0.37,17.35
2607.T,不二製油,2026-07-28,3955.0,4000.0,4312.0,False,-7.24,0.71,0.45,,,,,2026-02-05,115.0,42.5,True,8.6,True,True,11.28,-11.09,False,crossed,31.0,,,-4.06,False,0.54,widening,False,,-7.14,3741.0,4259.0,2026-02-06,-12.16,False,2026-06-12,2026-03-17,,0.72,0.0,0.28,12.85,27.57,27.57,17.25,-2.68,42.65
3399.T,丸千代山岡家,2026-07-28,3725.0,3775.0,4070.0,False,-7.25,1.02,0.99,,,,,2025-09-09,213.0,31.86,True,15.62,False,True,11.68,-15.59,False,crossed,15.0,,,4.85,False,7.21,widening,False,,-6.87,3405.0,4000.0,2026-02-27,-14.88,False,2026-07-06,2026-04-23,3ヶ月,0.8,0.04,0.05,8.64,26.88,34.99,20.16,16.59,28.23
9143.T,ＳＧホールディングス,2026-07-28,1618.5,1635.5,1763.5,False,-7.26,0.68,0.78,,,,,2025-08-08,234.0,1.41,True,8.15,False,True,6.32,-8.14,False,crossed,14.0,,,-1.31,False,-1.42,narrowing,True,0.0,0.62,1608.5,1608.5,2026-07-07,0.0,False,2026-07-07,2026-05-01,,0.67,0.04,0.15,6.76,13.45,21.34,10.67,7.83,3.15
6694.T,ズーム,2026-07-28,638.0,638.0,688.0,False,-7.27,0.13,1.2,,,,,2023-09-25,692.0,-3.92,False,-0.34,False,False,2.43,-5.91,False,diverging,,-0.82,-0.1,,True,,,,,,,,,,,,2026-06-25,,0.28,0.26,0.05,3.37,5.56,9.8,-1.69,-2.3,-4.06
4027.T,テイカ,2026-07-28,2244.0,2308.0,2490.0,False,-7.31,1.37,0.79,,,,,2026-06-23,24.0,73.95,True,31.44,True,True,12.33,-6.91,False,crossed,120.0,,,3.71,True,33.76,narrowing,,,,1427.0,,,,False,2026-01-29,2025-12-01,,0.64,0.89,0.81,8.26,20.89,20.89,19.11,60.63,76.14
6018.T,阪神内燃機工業,2026-07-28,6120.0,6210.0,6700.0,False,-7.31,0.79,0.33,,,,,2026-05-28,42.0,108.52,True,27.82,True,True,8.6,-8.12,False,crossed,10.0,,,3.48,True,-0.11,narrowing,True,2.0,-4.23,6040.0,6390.0,2026-05-28,-5.48,True,2026-07-13,2026-07-02,,0.2,0.66,0.94,20.81,20.81,20.81,20.24,44.17,104.14
4524.T,森下仁丹,2026-07-28,2199.0,2215.0,2390.0,False,-7.32,1.46,0.76,,,,,2026-02-26,102.0,2.09,False,-0.14,False,True,3.03,-5.4,False,imminent,,-0.54,,,False,,,,,,,,,,,,2026-04-16,,0.12,0.62,0.0,3.89,8.98,8.98,-0.95,-1.52,1.34
4902.T,コニカミノルタ,2026-07-28,661.5,682.0,735.9,False,-7.32,0.92,0.95,,,,,2026-01-16,129.0,48.75,True,10.65,True,True,12.84,-14.01,False,crossed,41.0,,,3.56,False,1.0,narrowing,False,,-9.57,609.5999755859375,731.5,2026-01-16,-16.66,False,2026-05-29,2026-02-20,,0.41,0.0,0.1,13.38,31.5,33.63,33.96,-5.86,46.16
9052.T,山陽電気鉄道,2026-07-28,2035.0,2039.0,2200.0,False,-7.32,0.99,0.91,,,,,2025-09-26,202.0,3.19,True,1.18,False,True,4.07,-5.07,False,crossed,4.0,,,,False,,,False,,-3.05,1998.0,2099.0,2026-01-14,-4.81,False,2026-07-22,2026-02-20,,0.12,0.43,0.37,6.18,10.55,15.18,2.88,-0.73,3.93
4320.T,ＣＥホールディングス,2026-07-28,1699.0,1723.0,1859.0,False,-7.32,0.73,0.68,,,,,2026-06-17,28.0,153.2,True,34.33,True,True,15.62,-8.03,False,crossed,51.0,,,10.01,True,3.28,narrowing,True,0.0,13.34,1499.0,1499.0,2026-05-15,0.0,False,2026-05-15,2026-05-14,,0.56,0.75,0.93,6.55,12.95,13.24,47.87,57.46,157.03
6951.T,日本電子,2026-07-28,7838.0,8140.0,8784.0,False,-7.33,0.78,1.14,,,,,2026-07-16,7.0,80.23,True,28.55,True,True,10.09,-16.97,False,,,,,,,,,,,,,,,,,,,,0.69,0.6,0.88,14.18,19.12,19.12,22.11,28.51,79.56
6340.T,澁谷工業,2026-07-28,4230.0,4300.0,4640.0,False,-7.33,0.88,0.81,,,,,2026-07-06,15.0,23.87,True,16.13,True,True,7.06,-9.93,False,crossed,51.0,,,2.14,True,3.04,narrowing,True,7.0,9.3,3740.0,3870.0,2026-02-12,-3.36,False,2026-05-15,2026-03-25,3ヶ月,0.79,0.62,0.42,9.51,15.63,15.87,25.89,16.53,23.14
1860.T,戸田建設,2026-07-28,1524.0,1543.0,1665.0,False,-7.33,0.51,1.06,,,,,2026-03-05,97.0,60.47,True,10.29,True,True,9.24,-11.19,False,crossed,32.0,,,7.05,True,-5.37,widening,True,5.0,-6.53,1524.0,1630.5,2026-02-27,-6.53,False,2026-06-11,2026-04-23,,0.41,0.18,0.87,8.2,15.55,15.55,10.04,9.36,62.51
8117.T,中央自動車工業,2026-07-28,2076.0,2122.0,2290.0,False,-7.34,0.64,0.93,,,,,2026-03-02,100.0,10.43,True,5.92,True,True,8.51,-16.87,False,crossed,32.0,,,2.18,False,-2.5,widening,False,,-8.95,2018.0,2280.0,2026-02-24,-11.49,False,2026-06-11,2026-04-03,3ヶ月,0.73,0.02,0.28,6.21,21.1,21.1,14.7,-1.75,9.21
4633.T,サカタインクス,2026-07-28,2496.0,2539.0,2740.0,False,-7.34,0.8,0.59,,,,,2026-02-24,104.0,20.93,True,5.3,True,True,6.54,-15.41,False,crossed,24.0,,,-2.43,False,-1.05,widening,False,,-7.59,2429.0,2701.0,2026-02-20,-10.07,False,2026-06-23,2026-04-01,,0.66,0.04,0.29,5.81,19.77,19.77,7.82,2.0,21.46
5943.T,ノーリツ,2026-07-28,2389.0,2409.0,2600.0,False,-7.35,0.72,0.73,,,,,2026-02-12,111.0,20.78,True,8.9,True,True,5.91,-5.14,True,imminent,,-0.49,,,True,,,,,,,,,,,,2026-06-02,,0.07,0.03,0.65,12.17,14.61,14.61,1.23,14.09,19.93
8338.T,筑波銀行,2026-07-28,661.0,681.0,735.0,False,-7.35,1.16,0.98,,,,,2026-02-12,111.0,170.9,True,25.24,True,False,14.64,-19.89,False,crossed,35.0,,,13.61,True,-1.36,narrowing,False,,-9.82,632.0,733.0,2026-02-12,-13.78,True,2026-06-08,2026-05-01,,0.19,0.1,0.87,18.52,24.56,24.56,19.53,31.15,170.9
2169.T,ＣＤＳ,2026-07-28,1714.0,1714.0,1850.0,False,-7.35,0.26,1.53,,,,,2024-08-06,480.0,-2.5,False,-4.74,False,False,1.44,-3.02,False,diverging,,-3.15,-1.79,,False,,,,,,,,,,,,2026-05-08,,0.93,0.75,0.02,6.78,7.39,7.39,-6.24,-6.08,-2.39
7812.T,クレステック,2026-07-28,2190.0,2190.0,2364.0,False,-7.36,0.17,0.75,,,,,2026-03-25,84.0,33.94,True,10.58,True,True,4.62,-3.22,True,crossed,44.0,,,0.3,False,0.63,narrowing,True,17.0,4.68,2009.0,2092.0,2026-02-12,-3.97,False,2026-05-26,2026-03-03,3ヶ月,0.88,0.44,0.68,4.71,10.52,10.52,14.48,9.66,33.94
7847.T,グラファイトデザイン,2026-07-28,642.0,642.0,693.0,False,-7.36,0.92,0.95,,,,,2023-02-21,838.0,1.9,True,1.96,False,True,3.39,-5.51,False,crossed,1.0,,,,False,,,False,,-6.14,640.0,684.0,2026-02-09,-6.43,False,2026-07-27,2026-03-25,,0.07,0.48,0.13,6.57,12.72,12.72,0.47,-3.6,2.88
1379.T,ホクト,2026-07-28,1961.0,1966.0,2123.0,False,-7.4,1.12,0.8,,,,,2025-12-01,159.0,8.46,True,1.41,False,True,5.82,-5.42,False,crossed,9.0,,,0.36,False,0.47,widening,False,,-5.36,1927.0,2072.0,2026-02-12,-7.0,False,2026-07-14,2026-03-02,,0.38,0.43,0.0,7.98,13.71,14.94,6.92,-3.06,8.94
3958.T,笹徳印刷,2026-07-28,547.0,550.0,594.0,False,-7.41,0.36,1.41,,,,,2026-02-13,110.0,3.4,False,-2.47,False,False,2.07,-2.56,False,diverging,,-1.23,-0.82,,False,,,,,,,,,,,,2026-04-17,,0.47,0.59,0.05,4.38,7.14,7.14,-2.15,-2.32,3.21
7570.T,橋本総業ホールディングス,2026-07-28,1421.0,1434.0,1549.0,False,-7.42,0.38,0.69,,,,,2026-03-02,100.0,7.16,True,7.31,True,True,5.85,-9.66,False,crossed,26.0,,,0.0,False,-1.92,widening,False,,-6.14,1389.0,1514.0,2026-03-02,-8.26,False,2026-06-19,2026-04-16,,0.57,0.02,0.37,7.81,17.64,17.64,13.05,5.65,10.07
3537.T,昭栄薬品,2026-07-28,1657.0,1657.0,1790.0,False,-7.43,0.14,1.43,,,,,2025-03-03,343.0,1.35,True,4.58,False,True,4.03,-6.29,False,crossed,55.0,,,3.19,True,-7.45,widening,True,3.0,2.22,1599.0,1621.0,2026-02-27,-1.36,False,2026-05-11,2026-04-07,,0.36,0.53,0.03,3.27,4.32,15.11,4.87,5.21,1.1
4611.T,大日本塗料,2026-07-28,1370.0,1396.0,1508.0,False,-7.43,0.71,0.76,,,,,2026-02-26,102.0,15.13,True,3.74,True,True,6.79,-18.14,False,crossed,24.0,,,3.09,False,1.98,narrowing,False,,-8.3,1295.0,1494.0,2026-02-27,-13.32,False,2026-06-23,2026-03-30,3ヶ月,0.86,0.09,0.07,5.79,19.41,19.41,11.47,-3.32,14.17
4419.T,Ｆｉｎａｔｅｘｔホールディングス,2026-07-28,1546.0,1618.0,1748.0,False,-7.44,0.84,1.06,,,,,2026-07-16,7.0,32.59,True,39.59,True,True,10.97,-11.56,False,crossed,79.0,,,3.08,False,32.84,narrowing,True,0.0,48.94,1038.0,1038.0,2026-04-01,0.0,False,2026-04-01,2025-10-29,,0.78,0.92,0.01,14.22,17.15,45.85,37.91,71.78,37.91
6247.T,日阪製作所,2026-07-28,1633.0,1701.0,1838.0,False,-7.45,0.83,0.43,,,,,2026-02-27,101.0,18.68,True,4.39,True,True,11.29,-16.01,False,crossed,19.0,,,2.27,True,-7.89,widening,False,,-10.47,1721.0,1824.0,2026-02-27,-5.65,False,2026-06-30,2026-05-20,,0.34,0.02,0.6,15.29,23.74,23.74,3.95,3.88,18.33
6138.T,ダイジェット工業,2026-07-28,1134.0,1151.0,1244.0,False,-7.48,0.19,1.37,,,,,2026-02-18,107.0,28.28,True,6.76,True,True,10.57,-15.39,False,crossed,22.0,,,0.0,False,-0.74,narrowing,True,19.0,-7.58,1105.0,1227.0,2026-02-18,-9.94,False,2026-06-25,2026-04-20,,0.27,0.04,0.35,15.6,18.42,21.52,5.39,9.78,27.42
4801.T,セントラルスポーツ,2026-07-28,2414.0,2424.0,2620.0,False,-7.48,0.17,1.45,,,,,2025-08-21,226.0,-1.87,True,0.28,False,True,3.04,-6.53,False,crossed,12.0,,,-0.13,False,-0.73,narrowing,False,,-5.67,2390.0,2559.0,2026-01-16,-6.6,False,2026-07-09,2026-03-12,,0.28,0.39,0.52,6.46,10.53,14.16,2.68,-3.71,-2.07
8160.T,木曽路,2026-07-28,2440.0,2469.0,2669.0,False,-7.49,1.25,1.09,,,,,2025-09-26,202.0,4.05,False,-0.17,False,True,4.01,-7.98,False,crossed,2.0,,,,False,,,False,,-6.87,2392.0,2620.0,2026-02-13,-8.7,False,2026-07-24,2026-03-30,,0.35,0.59,0.16,4.43,14.35,15.92,4.59,-3.94,3.87
2462.T,ライク,2026-07-28,1516.0,1526.0,1650.0,False,-7.52,0.85,0.54,,,,,2026-04-14,70.0,8.83,False,-0.88,True,True,3.31,-5.63,False,imminent,,-2.11,,,True,,,,,,,,,,,,2026-06-02,,0.19,0.21,0.13,14.46,14.93,14.93,-2.88,-1.24,10.98
4967.T,小林製薬,2026-07-28,5648.0,5678.0,6140.0,False,-7.52,0.8,0.57,,,,,2026-04-08,74.0,8.62,True,2.12,True,False,3.84,-6.87,False,imminent,,-2.45,,,True,,,,,,,,,,,,2026-06-09,,0.47,0.0,0.36,11.39,13.63,13.63,-1.74,2.93,8.2
6272.T,レオン自動機,2026-07-28,1516.0,1535.0,1660.0,False,-7.53,0.73,0.59,,,,,2026-02-12,111.0,20.8,True,1.71,True,True,4.73,-10.8,False,crossed,1.0,,,,False,,,False,,-7.56,1537.0,1640.0,2026-02-12,-6.28,False,2026-07-27,2026-05-20,,0.02,0.22,0.42,13.05,13.9,13.9,1.61,-0.59,20.03
7421.T,カッパ・クリエイト,2026-07-28,1571.0,1571.0,1699.0,False,-7.53,1.12,0.76,,,,,2024-07-29,486.0,5.65,True,2.73,False,True,4.02,-5.8,False,crossed,4.0,,,,False,,,False,,-4.5,1536.0,1645.0,2026-03-25,-6.63,False,2026-07-22,2026-04-28,,0.2,0.33,0.21,11.11,17.33,19.43,4.52,-0.51,6.01
3333.T,あさひ,2026-07-28,1332.0,1347.0,1457.0,False,-7.55,1.5,0.86,,,,,2024-10-04,440.0,0.83,True,1.81,False,True,2.91,-6.84,False,crossed,8.0,,,-1.12,False,-1.9,widening,False,,-5.46,1342.0,1409.0,2026-04-07,-4.76,False,2026-07-15,2026-05-19,,0.54,0.0,0.36,5.67,12.56,13.42,3.1,1.99,1.14
4389.T,プロパティデータバンク,2026-07-28,1065.0,1065.0,1152.0,False,-7.55,0.28,1.08,,,,,2026-07-07,14.0,9.79,True,23.39,True,True,9.85,-14.55,False,crossed,43.0,,,-1.03,False,13.62,widening,True,25.0,14.27,875.0,932.0,2026-01-26,-6.12,False,2026-05-27,2026-03-06,3ヶ月,0.8,0.31,0.03,7.48,17.6,28.76,34.81,15.14,10.94
8742.T,小林洋行,2026-07-28,549.0,550.0,595.0,False,-7.56,1.42,0.73,,,,,2026-03-06,96.0,87.37,True,15.66,True,False,8.52,-13.33,False,,,,,,,,,,,,,,,,,,,,0.1,0.55,0.9,7.0,21.69,21.69,4.57,13.66,88.01
4151.T,協和キリン,2026-07-28,2665.0,2691.0,2912.0,False,-7.59,0.48,0.71,,,,,2026-02-27,101.0,7.68,True,7.06,True,True,8.0,-10.64,False,crossed,20.0,,,6.13,True,0.47,narrowing,False,,-7.63,2577.5,2885.0,2026-02-27,-10.66,False,2026-06-29,2026-05-07,3ヶ月,0.76,0.01,0.0,8.62,24.99,24.99,13.33,2.24,7.5
9313.T,丸八倉庫,2026-07-28,1061.0,1095.0,1185.0,False,-7.59,0.2,15.41,,,,,2026-07-10,11.0,22.09,True,3.64,True,True,5.47,-8.21,False,crossed,10.0,,,7.53,True,2.28,narrowing,False,,-4.33,1023.0,1109.0,2026-02-27,-7.75,False,2026-07-13,2026-07-02,1年,0.0,0.04,0.72,9.11,9.56,9.56,3.92,0.86,21.95
8908.T,毎日コムネット,2026-07-28,868.0,876.0,948.0,False,-7.59,0.26,0.81,,,,,2026-02-16,109.0,11.57,True,1.23,True,True,4.96,-6.67,True,imminent,,-1.61,,,True,,,,,,,,,,,,2026-06-08,,0.23,0.19,0.49,10.78,13.33,13.33,-3.56,1.88,11.42
4120.T,スガイ化学工業,2026-07-28,3110.0,3040.0,3290.0,False,-7.6,0.14,1.51,,,,,2026-07-08,13.0,48.02,True,29.44,True,True,7.2,-5.68,False,crossed,41.0,,,1.63,False,18.91,narrowing,True,16.0,17.09,2460.0,2656.0,2026-01-20,-7.38,False,2026-05-29,2026-03-26,3ヶ月,0.88,0.46,0.55,8.61,12.35,17.17,40.41,23.9,48.02
2404.T,鉄人化ホールディングス,2026-07-28,592.0,596.0,645.0,False,-7.6,0.61,1.86,,,,,2025-08-06,236.0,7.64,True,12.76,True,True,5.64,-9.06,False,,,,,,,,,,,,,,,,,,,6ヶ月,0.68,0.91,0.07,4.5,4.74,29.11,8.42,15.62,3.32
7537.T,丸文,2026-07-28,1647.0,1711.0,1852.0,False,-7.61,1.32,0.85,,,,,2026-06-01,40.0,54.94,True,23.15,True,False,14.99,-13.25,False,crossed,52.0,,,-3.54,False,-9.83,widening,True,0.0,0.49,1639.0,1639.0,2026-05-14,0.0,False,2026-05-14,2026-03-09,,0.4,0.56,0.57,12.54,22.22,22.22,40.65,19.69,51.8
3477.T,フォーライフ,2026-07-28,865.0,873.0,945.0,False,-7.62,0.9,0.42,,,,,2026-01-20,127.0,21.15,True,1.98,True,True,5.78,-9.19,False,crossed,14.0,,,1.54,False,0.45,widening,False,,-8.27,844.0,943.0,2026-01-20,-10.5,False,2026-07-07,2026-04-03,3ヶ月,0.77,0.28,0.06,5.92,17.6,19.09,7.99,-5.57,23.4
4041.T,日本曹達,2026-07-28,3820.0,3880.0,4200.0,False,-7.62,0.76,0.96,,,,,2026-02-25,103.0,14.71,True,5.3,True,True,7.17,-16.49,False,crossed,6.0,,,5.87,False,3.34,narrowing,False,,-8.72,3665.0,4185.0,2026-02-27,-12.43,False,2026-07-17,2026-04-03,,0.14,0.27,0.29,6.62,17.44,17.44,5.38,2.41,15.76
8098.T,稲畑産業,2026-07-28,4015.0,4055.0,4390.0,False,-7.63,0.85,0.81,,,,,2026-03-02,100.0,20.21,True,4.49,True,True,5.21,-9.3,False,crossed,2.0,,,,False,,,False,,-7.81,4030.0,4355.0,2026-02-27,-7.46,False,2026-07-24,2026-04-23,,0.11,0.24,0.65,7.82,14.7,14.7,3.48,-0.5,21.85
2211.T,不二家,2026-07-28,2467.0,2480.0,2685.0,False,-7.64,0.9,0.69,,,,,2024-09-27,445.0,0.57,False,-1.05,False,True,3.0,-5.39,False,crossed,5.0,,,0.12,False,-0.63,,False,,-4.82,2464.0,2592.0,2026-01-22,-4.94,False,2026-07-21,2026-01-13,,0.16,0.44,0.48,6.4,12.5,15.37,3.01,-4.82,-0.2
7122.T,近畿車輛,2026-07-28,2349.0,2370.0,2566.0,False,-7.64,1.33,0.51,,,,,2025-11-13,170.0,16.0,False,-1.66,True,True,6.06,-13.74,False,crossed,44.0,,,3.04,False,-4.9,widening,False,,-7.63,2270.0,2543.0,2026-01-13,-10.74,False,2026-05-26,2026-02-26,,0.07,0.04,0.02,8.73,17.55,18.55,6.15,-6.53,16.06
5408.T,中山製鋼所,2026-07-28,644.0,652.0,706.0,False,-7.65,0.48,0.84,,,,,2023-02-28,834.0,0.94,True,4.13,False,True,5.71,-7.54,False,imminent,,-0.45,,,True,,,,,,,,,,,,2026-06-25,,0.0,0.0,0.04,11.36,11.36,20.74,4.38,-3.45,1.58
6136.T,オーエスジー,2026-07-28,3725.0,3900.0,4223.0,False,-7.65,0.78,1.57,,,,,2026-07-13,10.0,101.3,True,31.81,True,True,9.99,-13.55,False,,,,,,,,,,,,,,,,,,,3ヶ月,0.7,0.83,0.93,9.17,16.56,16.56,18.37,44.77,103.89
6135.T,牧野フライス製作所,2026-07-28,14280.0,14720.0,15940.0,False,-7.65,1.62,0.87,,,,,2026-06-25,22.0,25.26,True,17.26,True,True,5.83,-6.05,True,crossed,115.0,,,0.09,False,-0.01,narrowing,True,2.0,22.26,11660.0,11680.0,2026-02-02,-0.17,False,2026-02-05,2025-10-15,6ヶ月,0.63,0.81,0.52,9.1,9.58,9.58,21.12,28.19,24.61
7292.T,村上開明堂,2026-07-28,6640.0,6750.0,7310.0,False,-7.66,0.5,1.46,,,,,2025-09-30,200.0,1.22,False,-0.53,False,True,5.19,-9.47,False,,,,,,,,,,,,,,,,,,,,0.02,0.26,0.03,9.92,9.92,14.64,0.45,-2.92,1.84
7240.T,ＮＯＫ,2026-07-28,2987.5,3098.0,3355.0,False,-7.66,1.27,1.06,,,,,2026-02-25,103.0,38.28,True,3.57,True,True,7.06,-15.83,False,crossed,23.0,,,1.2,False,0.51,narrowing,False,,-10.2,2870.0,3327.0,2026-02-27,-13.74,False,2026-06-24,2026-04-06,,0.44,0.26,0.55,5.03,17.43,17.43,8.76,-4.52,37.55
5976.T,高周波熱錬,2026-07-28,1381.0,1396.0,1512.0,False,-7.67,1.15,0.77,,,,,2026-02-27,101.0,20.82,True,6.95,True,True,7.22,-16.66,False,crossed,9.0,,,1.58,False,2.31,widening,False,,-8.36,1333.0,1507.0,2026-02-27,-11.55,False,2026-07-14,2026-04-07,,0.39,0.25,0.41,4.78,16.66,16.66,7.64,2.52,20.51
6571.T,キュービーネットホールディングス,2026-07-28,1313.0,1323.0,1433.0,False,-7.68,0.49,0.36,,,,,2026-01-14,131.0,8.24,False,-2.14,False,True,4.08,-5.72,False,imminent,,-2.19,,,False,,,,,,,,,,,,2026-03-10,,0.38,0.7,0.01,9.25,12.22,13.75,-2.45,-5.06,9.14
4091.T,日本酸素ホールディングス,2026-07-28,5843.0,6009.0,6509.0,False,-7.68,0.38,0.85,,,,,2026-05-27,43.0,7.23,True,7.6,True,True,9.77,-8.16,False,crossed,8.0,,,-4.0,True,-6.18,widening,False,,-8.73,6152.0,6402.0,2026-05-26,-3.91,False,2026-07-15,2026-06-18,,0.05,0.26,0.22,17.6,17.6,21.89,2.69,25.74,6.64
3232.T,三重交通グループホールディングス,2026-07-28,561.0,564.0,611.0,False,-7.69,0.95,1.09,,,,,2026-02-27,101.0,14.02,True,3.09,False,True,5.13,-10.03,False,crossed,7.0,,,1.48,False,2.48,widening,False,,-7.73,542.0,608.0,2026-02-27,-10.86,False,2026-07-16,2026-04-10,,0.49,0.41,0.03,5.76,16.61,16.61,5.65,-0.88,14.96
7554.T,幸楽苑,2026-07-28,1148.0,1153.0,1249.0,False,-7.69,0.68,1.03,,,,,2026-02-17,108.0,12.22,True,2.57,True,True,5.05,-5.61,True,crossed,7.0,,,0.63,False,1.48,widening,False,,-7.72,1120.0,1244.0,2026-02-18,-9.97,False,2026-07-16,2026-04-13,,0.5,0.42,0.16,5.02,16.32,16.32,6.39,-1.03,13.1
2300.T,きょくとう,2026-07-28,501.0,504.0,546.0,False,-7.69,0.45,4.53,,,,,2023-12-06,643.0,0.4,False,-1.57,False,True,2.76,-4.12,False,crossed,2.0,,,,False,,,False,,-6.18,503.0,534.0,2026-01-07,-5.81,False,2026-07-24,2026-02-27,,0.0,0.35,0.09,4.05,7.91,8.43,-0.2,-5.65,0.2
6161.T,エスティック,2026-07-28,1033.0,1044.0,1131.0,False,-7.69,0.59,0.69,,,,,2026-06-26,21.0,7.6,True,0.84,True,False,5.1,-9.6,False,crossed,26.0,,,1.89,False,-6.77,widening,False,,-6.43,1060.0,1104.0,2026-02-27,-3.99,False,2026-06-19,2026-04-10,,0.24,0.02,0.1,6.8,9.78,10.73,0.58,0.58,7.49
9220.T,エフビー介護サービス,2026-07-28,1222.0,1222.0,1324.0,False,-7.7,0.52,0.65,,,,,2025-10-06,196.0,15.5,True,0.22,True,True,5.32,-7.23,True,imminent,,-1.16,,,True,,,,,,,,,,,,2026-06-18,,0.44,0.11,0.23,8.01,8.01,11.21,-4.61,3.65,16.49
8130.T,サンゲツ,2026-07-28,3110.0,3110.0,3370.0,False,-7.72,0.77,0.92,,,,,2026-03-02,100.0,4.93,True,1.36,False,True,4.1,-7.9,False,crossed,3.0,,,,False,,,False,,-7.3,3005.0,3355.0,2026-02-27,-10.43,False,2026-07-23,2026-04-03,,0.07,0.63,0.06,6.15,15.8,15.8,4.36,-3.42,5.39
4119.T,日本ピグメントホールディングス,2026-07-28,5730.0,5730.0,6210.0,False,-7.73,0.05,0.42,,,,,2026-05-19,49.0,73.37,True,26.38,True,True,9.02,-12.36,False,crossed,5.0,,,0.88,True,0.13,,False,,-5.29,5680.0,6050.0,2026-05-18,-6.12,True,2026-07-21,2026-06-24,,0.0,0.57,0.81,19.75,19.75,19.75,-2.22,45.99,72.59
3976.T,シャノン,2026-07-28,550.0,585.0,634.0,False,-7.73,1.34,0.71,,,,,2026-07-17,6.0,48.25,True,30.73,True,True,12.06,-6.17,False,crossed,100.0,,,-5.69,False,16.51,narrowing,True,50.0,35.8,404.0,405.0,2026-02-27,-0.25,False,2026-03-02,2025-11-21,,0.84,0.78,0.38,12.19,12.19,15.64,36.14,51.52,48.25
7472.T,鳥羽洋行,2026-07-28,3940.0,3940.0,4270.0,False,-7.73,0.62,0.96,,,,,2025-09-26,202.0,6.78,True,0.58,False,True,4.8,-6.25,False,crossed,5.0,,,-0.51,False,-1.26,,False,,-4.02,3960.0,4105.0,2026-01-05,-3.53,False,2026-07-21,2026-02-10,,0.14,0.35,0.1,8.74,13.9,16.67,2.74,-2.6,6.78
5945.T,天龍製鋸,2026-07-28,2491.0,2491.0,2700.0,False,-7.74,0.23,2.36,,,,,2026-02-24,104.0,28.53,True,5.73,True,False,4.84,-5.56,False,diverging,,-0.9,-0.13,,False,,,,,,,,,,,,2026-05-28,1年,0.24,0.06,0.83,5.16,8.06,8.06,-1.85,8.4,29.6
6104.T,芝浦機械,2026-07-28,4570.0,4770.0,5170.0,False,-7.74,0.89,0.54,,,,,2026-05-18,50.0,33.63,True,6.48,True,True,8.47,-18.61,False,crossed,16.0,,,1.71,True,-4.89,widening,False,,-7.02,4690.0,4915.0,2026-05-15,-4.58,False,2026-07-03,2026-06-25,,0.05,0.14,0.18,21.16,21.16,21.16,9.72,3.28,32.08
8624.T,いちよし証券,2026-07-28,1495.0,1549.0,1679.0,False,-7.74,0.99,1.06,,,,,2026-07-16,7.0,86.18,True,21.92,True,True,9.38,-9.07,False,crossed,10.0,,,4.18,True,-0.76,narrowing,True,2.0,-4.78,1485.0,1570.0,2026-04-08,-5.41,True,2026-07-13,2026-05-21,,0.63,0.09,0.86,14.46,21.66,21.66,6.71,22.94,87.58
6349.T,小森コーポレーション,2026-07-28,1656.0,1677.0,1818.0,False,-7.76,1.16,0.85,,,,,2026-02-27,101.0,5.28,True,5.54,True,True,7.43,-15.9,False,crossed,6.0,,,3.99,False,2.23,narrowing,False,,-8.91,1606.0,1818.0,2026-02-27,-11.66,False,2026-07-17,2026-04-03,,0.24,0.36,0.04,12.24,21.89,21.89,6.77,0.67,4.94
4769.T,ＩＣ,2026-07-28,1114.0,1114.0,1208.0,False,-7.78,0.19,0.29,,,,,2025-12-02,158.0,10.41,True,5.17,True,True,2.25,-3.09,True,crossed,55.0,,,-0.77,False,-3.45,narrowing,True,6.0,2.86,1035.0,1083.0,2026-05-07,-4.43,False,2026-05-11,2026-01-23,,0.57,0.54,0.2,7.84,7.84,8.31,4.8,6.1,10.19
7177.T,ＧＭＯフィナンシャルホールディングス,2026-07-28,1073.0,1087.0,1179.0,False,-7.8,1.15,0.77,,,,,2026-05-26,44.0,26.24,True,12.36,True,False,10.27,-14.51,False,imminent,,-0.35,,,True,,,,,,,,,,,,2026-07-07,,0.07,0.6,0.35,16.94,16.94,16.94,2.0,23.05,28.2
5933.T,アルインコ,2026-07-28,1101.0,1110.0,1204.0,False,-7.81,0.5,1.2,,,,,2026-02-17,108.0,5.76,True,2.06,False,True,5.47,-13.26,False,crossed,15.0,,,-0.46,False,-0.53,widening,False,,-7.56,1083.0,1191.0,2026-02-17,-9.07,False,2026-07-06,2026-03-26,3ヶ月,0.78,0.3,0.01,3.37,15.37,15.37,8.26,-3.34,5.16
3802.T,エコミック,2026-07-28,491.0,495.0,537.0,False,-7.82,0.65,1.11,,,,,2025-07-03,259.0,2.72,True,2.85,False,True,4.1,-6.04,False,crossed,14.0,,,0.21,False,0.04,narrowing,True,6.0,0.2,481.0,490.0,2026-03-23,-1.84,False,2026-07-07,2026-04-13,,0.56,0.01,0.26,2.96,6.33,16.01,3.81,2.29,2.94
296A.T,令和アカウンティング・ホールディングス,2026-07-28,912.0,920.0,998.0,False,-7.82,0.5,6.55,,,,,2026-07-22,4.0,24.59,True,24.96,True,True,7.66,-6.81,False,crossed,1.0,,,,True,,,False,,-1.94,911.0,930.0,2026-07-22,-2.04,False,2026-07-27,2026-06-18,,0.19,0.29,0.53,6.15,16.53,22.08,20.0,21.44,28.63
5905.T,日本製罐,2026-07-27,1380.0,1380.0,1497.0,False,-7.82,1.01,0.85,,,,,2024-01-31,606.0,0.58,True,5.7,True,True,2.68,-5.48,True,crossed,49.0,,,0.53,True,-5.9,narrowing,True,14.0,1.85,1331.0,1355.0,2026-05-14,-1.77,False,2026-05-18,2026-04-23,,0.09,0.24,0.02,6.15,6.15,13.27,4.55,5.75,1.32
1904.T,大成温調,2026-07-28,5090.0,5190.0,5630.0,False,-7.82,0.66,1.14,,,,,2026-04-10,72.0,29.19,True,5.78,True,True,3.98,-3.29,True,imminent,,-0.85,,,False,,,,,,,,,,,,2026-05-29,,0.06,0.02,0.77,9.24,12.66,12.66,-2.3,6.37,27.57
7544.T,スリーエフ,2026-07-28,564.0,564.0,612.0,False,-7.84,0.56,1.95,,,,,2025-09-19,206.0,14.17,True,0.2,False,False,5.38,-8.98,False,crossed,24.0,,,0.72,False,-2.55,widening,False,,-5.05,557.0,594.0,2026-01-06,-6.23,False,2026-06-23,2026-03-24,,0.33,0.24,0.13,2.99,7.65,10.5,1.99,-4.08,13.25
9692.T,シーイーシー,2026-07-28,2282.0,2302.0,2499.0,False,-7.88,1.14,0.88,,,,,2025-12-24,142.0,3.3,True,6.55,False,True,6.74,-9.83,False,crossed,36.0,,,-0.29,False,4.04,narrowing,False,,-7.24,2070.0,2460.0,2026-01-16,-15.85,False,2026-06-05,2026-02-12,3ヶ月,0.88,0.06,0.38,5.36,20.88,25.1,15.78,-3.22,4.87
4912.T,ライオン,2026-07-28,1733.5,1735.5,1885.0,False,-7.93,0.51,0.84,,,,,2025-02-18,351.0,18.17,True,5.38,True,True,6.35,-9.46,False,crossed,23.0,,,2.58,False,0.47,narrowing,False,,-7.52,1666.0,1874.5,2026-03-02,-11.12,False,2026-06-24,2026-04-06,3ヶ月,0.72,0.08,0.24,6.01,19.45,19.45,7.91,1.55,18.09
7191.T,イントラスト,2026-07-28,1114.0,1125.0,1222.0,False,-7.94,2.68,1.06,,,,,2025-12-29,139.0,23.5,True,0.06,True,True,6.14,-10.84,False,imminent,,-0.75,,,False,,,,,,,,,,,,2026-03-23,,0.04,0.64,0.22,6.22,12.01,13.1,-0.18,-5.43,22.82
9715.T,トランス・コスモス,2026-07-28,3790.0,3820.0,4150.0,False,-7.95,0.82,1.31,,,,,2026-02-02,118.0,5.42,False,-0.16,False,False,4.43,-7.58,False,diverging,,-3.36,-2.44,,False,,,,,,,,,,,,2026-05-12,,0.57,0.65,0.2,9.21,13.1,13.1,-2.82,-2.82,6.01
9731.T,白洋舎,2026-07-28,3450.0,3525.0,3830.0,False,-7.96,0.76,0.81,,,,,2025-07-08,256.0,-8.0,True,2.78,True,False,6.78,-8.11,False,,,,,,,,,,,,,,,,,,,,0.0,0.11,0.03,5.94,11.02,19.74,1.77,11.65,-8.85
8572.T,アコム,2026-07-28,491.0,496.7,539.9,False,-8.0,0.78,0.85,,,,,2026-01-19,128.0,14.91,True,2.71,True,True,6.75,-10.24,False,crossed,2.0,,,,False,,,False,,-8.38,485.29998779296875,535.9,2026-01-16,-9.44,False,2026-07-24,2026-03-19,,0.0,0.38,0.06,12.37,15.82,17.5,-1.84,-6.37,14.32
3077.T,ホリイフードサービス,2026-07-28,913.0,920.0,1000.0,False,-8.0,0.45,0.73,,,,,2025-08-19,228.0,186.21,True,49.85,True,True,14.09,-12.59,False,crossed,9.0,,,5.75,True,3.65,narrowing,True,0.0,4.94,870.0,870.0,2026-07-14,0.0,True,2026-07-14,2026-07-09,,0.28,0.76,0.72,21.81,24.62,60.81,20.93,74.9,187.11
2221.T,岩塚製菓,2026-07-28,3075.0,3100.0,3370.0,False,-8.01,2.07,0.9,,,,,2025-05-12,297.0,3.43,False,-0.54,False,True,3.92,-5.01,False,imminent,,-1.05,,,False,,,,,,,,,,,,2026-05-13,,0.21,0.27,0.11,6.24,10.7,10.7,-2.23,1.15,3.47
6539.T,ＭＳ－Ｊａｐａｎ,2026-07-28,994.0,999.0,1086.0,False,-8.01,0.77,0.91,,,,,2026-02-27,101.0,5.63,False,-0.35,False,True,3.83,-9.15,False,crossed,9.0,,,0.61,False,0.24,widening,False,,-8.13,979.0,1082.0,2026-02-27,-9.52,False,2026-07-14,2026-04-01,,0.58,0.57,0.05,4.41,15.9,15.9,4.74,-5.24,5.74
5962.T,浅香工業,2026-07-28,1950.0,1950.0,2120.0,False,-8.02,0.37,0.65,,,,,2026-02-13,110.0,19.27,True,4.11,True,True,7.64,-8.01,False,crossed,9.0,,,-2.41,False,-1.14,narrowing,False,,-7.05,1947.0,2098.0,2026-03-17,-7.2,False,2026-07-14,2026-05-15,,0.18,0.03,0.38,19.34,23.26,23.26,-2.3,7.62,18.18
2652.T,まんだらけ,2026-07-28,423.0,436.0,474.0,False,-8.02,2.87,1.53,,,,,2026-07-21,5.0,36.45,True,18.13,True,True,10.23,-11.6,False,crossed,45.0,,,-2.82,True,10.82,narrowing,True,13.0,9.3,354.0,387.0,2026-02-16,-8.53,False,2026-05-25,2026-03-26,3ヶ月,0.92,0.53,0.43,9.03,17.31,18.58,28.57,20.17,34.71
6058.T,ベクトル,2026-07-28,1779.0,1844.0,2005.0,False,-8.03,0.63,1.28,,,,,2026-07-13,10.0,66.57,True,32.7,True,True,10.62,-14.75,False,crossed,37.0,,,3.96,False,21.53,widening,True,11.0,12.59,1390.0,1580.0,2026-01-15,-12.03,False,2026-06-04,2026-04-01,,0.88,0.29,0.63,15.79,24.61,26.9,54.03,22.44,62.91
2267.T,ヤクルト本社,2026-07-28,2834.0,2843.5,3092.0,False,-8.04,0.53,0.96,,,,,2026-05-01,58.0,8.04,True,9.08,True,True,2.94,-4.48,True,crossed,14.0,,,-1.7,True,-3.94,narrowing,False,,-8.2,2889.0,3087.0,2026-05-01,-6.41,False,2026-07-07,2026-06-26,,0.01,0.49,0.63,15.14,15.14,15.14,2.37,9.13,8.42
9446.T,サカイホールディングス,2026-07-28,686.0,697.0,758.0,False,-8.05,1.12,0.61,,,,,2026-02-25,103.0,50.77,True,3.76,True,True,13.64,-13.92,False,imminent,,-0.29,,,False,,,,,,,,,,,,2026-05-28,,0.02,0.15,0.62,8.53,15.52,15.52,-3.24,-3.24,50.44
8281.T,ゼビオホールディングス,2026-07-28,1111.0,1117.0,1215.0,False,-8.07,0.69,0.7,,,,,2025-03-28,325.0,-2.37,True,4.61,False,True,5.07,-11.59,False,crossed,30.0,,,-4.48,False,-1.35,widening,False,,-0.98,1072.0,1122.0,2026-02-27,-4.46,False,2026-06-15,2026-03-26,3ヶ月,0.76,0.0,0.36,4.48,14.53,20.61,11.88,2.02,-0.27
9202.T,ＡＮＡホールディングス,2026-07-28,3130.0,3143.0,3419.0,False,-8.07,0.89,0.97,,,,,2026-02-27,101.0,5.03,True,5.73,True,True,8.65,-17.6,False,crossed,24.0,,,1.64,False,3.38,widening,False,,-8.02,2920.0,3403.0,2026-02-27,-14.19,False,2026-06-23,2026-03-30,3ヶ月,0.73,0.12,0.01,7.2,23.55,23.55,16.05,2.19,6.08
7607.T,進和,2026-07-28,3150.0,3185.0,3465.0,False,-8.08,0.5,0.73,,,,,2025-09-26,202.0,-0.63,True,0.58,False,True,5.65,-8.74,False,crossed,19.0,,,2.03,False,-4.34,narrowing,False,,-6.67,3200.0,3375.0,2026-02-27,-5.19,False,2026-06-30,2026-04-02,,0.45,0.06,0.3,7.13,13.81,16.05,5.18,-1.1,-1.1
5936.T,東洋シヤッター,2026-07-28,915.0,919.0,1000.0,False,-8.1,0.59,0.34,,,,,2026-02-27,101.0,12.0,False,-1.14,True,True,4.55,-7.25,False,crossed,9.0,,,-2.05,False,-2.69,narrowing,False,,-7.85,928.0,993.0,2026-02-27,-6.55,False,2026-07-14,2026-04-07,,0.17,0.57,0.15,5.92,11.98,11.98,1.44,-5.57,12.27
8088.T,岩谷産業,2026-07-28,1973.0,2003.0,2179.5,False,-8.1,0.68,0.89,,,,,2026-05-15,51.0,27.74,True,7.29,True,True,5.87,-5.8,True,crossed,0.0,,,,True,,,False,,-6.63,1973.0,2113.0,2026-05-15,-6.63,False,2026-07-28,2026-06-23,,0.0,0.07,0.76,13.39,17.19,17.19,4.78,8.44,28.28
3320.T,クロスプラス,2026-07-28,1339.0,1348.0,1467.0,False,-8.11,0.89,1.1,,,,,2026-02-27,101.0,10.12,False,-0.35,True,True,5.08,-9.03,False,imminent,,-0.09,,,False,,,,,,,,,,,,2026-03-30,,0.01,0.59,0.12,8.42,15.18,15.18,-0.22,-6.23,9.84
6743.T,大同信号,2026-07-28,883.0,894.0,973.0,False,-8.12,0.69,0.9,,,,,2026-02-06,114.0,74.85,True,13.09,True,True,9.94,-16.46,False,crossed,39.0,,,0.85,False,-0.19,narrowing,False,,-7.73,827.0,957.0,2026-02-06,-13.58,True,2026-06-02,2026-03-30,,0.2,0.0,0.73,8.94,23.09,23.09,11.07,9.01,75.55
4528.T,小野薬品工業,2026-07-28,2422.0,2457.0,2674.5,False,-8.13,0.54,0.77,,,,,2026-02-27,101.0,47.82,True,6.49,True,True,7.98,-8.15,False,crossed,3.0,,,,False,,,False,,-9.44,2398.5,2674.5,2026-02-27,-10.32,False,2026-07-23,2026-05-11,,0.0,0.1,0.75,16.15,19.31,19.31,3.06,6.98,45.77
4042.T,東ソー,2026-07-28,2739.5,2835.0,3086.0,False,-8.13,0.72,0.84,,,,,2026-06-16,29.0,23.01,True,9.44,True,False,7.99,-15.24,False,crossed,47.0,,,3.01,True,-4.58,widening,True,8.0,-1.05,2620.5,2768.5,2026-05-13,-5.35,False,2026-05-21,2026-03-31,,0.36,0.35,0.66,11.67,16.97,16.97,15.88,7.01,23.35
5869.T,早稲田学習研究会,2026-07-28,1231.0,1243.0,1353.0,False,-8.13,0.39,0.52,,,,,2026-02-27,101.0,16.24,False,-1.61,False,False,5.68,-6.29,False,diverging,,-4.06,-2.73,,True,,,,,,,,,,,,2026-06-05,,0.52,0.23,0.3,13.11,13.76,13.76,-6.1,-1.91,16.9
3418.T,バルニバービ,2026-07-28,1138.0,1140.0,1241.0,False,-8.14,1.26,1.32,,,,,2023-07-06,746.0,-4.53,True,3.82,True,True,2.68,-4.26,False,crossed,27.0,,,-0.99,True,-2.08,widening,True,10.0,1.43,1112.0,1122.0,2026-04-17,-0.89,False,2026-06-18,2026-06-03,3ヶ月,0.7,0.5,0.07,2.06,3.88,18.64,3.45,2.71,-4.93
7600.T,日本エム・ディ・エム,2026-07-28,906.0,923.0,1005.0,False,-8.16,0.42,0.6,,,,,2026-07-14,9.0,61.21,True,48.92,True,True,17.06,-16.49,False,crossed,49.0,,,11.11,True,16.25,narrowing,True,3.0,23.6,720.0,733.0,2026-05-18,-1.77,False,2026-05-19,2026-05-12,,0.7,0.74,0.5,23.37,36.74,36.74,55.67,80.48,63.24
2493.T,イーサポートリンク,2026-07-28,940.0,943.0,1027.0,False,-8.18,0.43,1.71,,,,,2025-04-16,312.0,2.96,False,-2.62,True,True,3.16,-8.05,False,imminent,,-2.46,,,False,,,,,,,,,,,,2026-05-20,,0.3,0.55,0.17,10.17,12.18,12.18,-6.28,-6.28,3.3
8508.T,Ｊトラスト,2026-07-28,786.0,830.0,904.0,False,-8.19,1.07,0.75,,,,,2026-07-15,8.0,73.89,True,36.76,True,True,9.13,-8.56,False,,,,,,,,,,,,,,,,,,,,0.71,0.94,0.82,14.61,14.61,15.64,29.06,58.15,70.87
7510.T,たけびし,2026-07-28,2479.0,2500.0,2723.0,False,-8.19,1.2,1.17,,,,,2026-03-02,100.0,34.36,True,8.91,True,True,7.12,-9.63,False,crossed,5.0,,,2.44,False,1.69,,False,,-7.74,2420.0,2687.0,2026-03-02,-9.94,False,2026-07-21,2026-04-24,,0.44,0.13,0.65,8.98,19.99,19.99,8.54,2.57,34.44
3201.T,日本毛織,2026-07-28,1894.0,1940.0,2113.0,False,-8.19,0.67,1.02,,,,,2026-02-26,102.0,34.71,True,5.39,True,True,8.41,-14.27,False,crossed,1.0,,,,False,,,False,,-9.64,1927.0,2096.0,2026-02-27,-8.06,False,2026-07-27,2026-04-03,,0.02,0.37,0.47,13.57,20.09,20.09,8.48,-1.3,36.55
3382.T,セブン＆アイ・ホールディングス,2026-07-28,2215.5,2219.0,2417.0,False,-8.19,0.88,1.34,,,,,2024-11-20,409.0,0.7,True,7.25,True,True,6.66,-11.89,False,crossed,8.0,,,5.91,False,11.65,widening,False,,-6.72,1964.0,2375.0,2026-02-13,-17.31,False,2026-07-15,2026-03-13,,0.62,0.4,0.01,5.8,22.78,22.78,15.81,-0.67,0.77
7677.T,ヤシマキザイ,2026-07-27,2800.0,2800.0,3050.0,False,-8.2,0.0,0.4,,,,,2026-01-19,127.0,12.4,True,3.58,False,True,6.44,-8.93,False,crossed,35.0,,,-3.74,False,-1.2,narrowing,False,,-8.2,2673.0,3050.0,2026-01-19,-12.36,False,2026-06-05,2026-02-26,,0.22,0.16,0.06,8.73,16.08,19.38,11.11,-2.81,12.4
6218.T,エンシュウ,2026-07-28,626.0,637.0,694.0,False,-8.21,0.25,4.35,,,,,2026-07-06,15.0,45.58,True,11.79,True,True,5.63,-7.53,True,,,,,,,,,,,,,,,,,,,1年,0.61,0.64,0.87,10.97,10.97,11.25,12.59,15.07,45.92
4243.T,ニックス,2026-07-28,914.0,915.0,997.0,False,-8.22,0.31,0.51,,,,,2025-10-10,192.0,20.42,True,6.99,True,True,6.2,-12.64,False,crossed,44.0,,,-5.33,True,-8.92,widening,True,22.0,-4.09,919.0,953.0,2026-02-24,-3.57,False,2026-05-26,2026-04-07,,0.61,0.24,0.65,6.88,16.58,16.65,6.28,6.16,21.87
6819.T,伊豆シャボテンリゾート,2026-07-28,478.0,480.0,523.0,False,-8.22,0.96,0.92,,,,,2025-02-27,345.0,-4.02,False,-0.14,False,True,3.11,-5.42,False,imminent,,-0.07,,,False,,,,,,,,,,,,2026-04-10,,0.0,0.59,0.36,6.22,9.6,12.96,-0.83,-4.4,-3.63
4365.T,松本油脂製薬,2026-07-28,19680.0,19730.0,21500.0,False,-8.23,0.37,3.24,,,,,2026-07-01,18.0,-0.1,False,-0.63,True,False,1.78,-4.14,False,crossed,38.0,,,1.14,False,-9.29,widening,True,0.0,-2.57,20200.0,20200.0,2026-06-03,0.0,False,2026-06-03,2025-09-29,,0.14,0.34,0.26,5.8,5.8,5.8,-0.1,-0.1,-0.1
5033.T,ヌーラボ,2026-07-28,856.0,870.0,948.0,False,-8.23,0.75,0.49,,,,,2025-04-30,303.0,-3.93,True,10.4,True,True,10.21,-8.21,False,crossed,24.0,,,5.22,True,-6.76,widening,True,0.0,-2.95,882.0,882.0,2026-06-23,0.0,False,2026-06-23,2026-05-22,,0.65,0.37,0.13,12.97,12.97,28.62,15.83,12.93,-1.61
8996.T,ハウスフリーダム,2026-07-28,1032.0,1037.0,1130.0,False,-8.23,0.35,0.88,,,,,2026-02-12,111.0,27.09,True,4.45,True,True,5.78,-5.84,True,crossed,1.0,,,,False,,,False,,-7.69,1037.0,1118.0,2026-02-12,-7.25,False,2026-07-27,2026-05-20,,0.0,0.02,0.61,7.19,14.58,14.58,0.29,11.33,26.47
7806.T,ＭＴＧ,2026-07-28,7540.0,7690.0,8380.0,False,-8.23,0.44,1.12,,,,,2026-07-03,16.0,82.79,True,33.74,True,True,16.58,-20.0,False,crossed,110.0,,,-2.04,True,18.67,narrowing,True,0.0,40.15,5380.0,5380.0,2026-02-13,0.0,False,2026-02-13,2026-02-12,,0.73,0.84,0.73,13.37,13.37,29.13,20.26,74.54,85.26
6517.T,デンヨー,2026-07-28,3590.0,3670.0,4000.0,False,-8.25,0.91,1.05,,,,,2026-05-15,51.0,24.61,True,3.52,True,False,7.04,-11.94,False,diverging,,-0.38,-0.07,,True,,,,,,,,,,,,2026-07-27,,0.11,0.1,0.69,12.92,13.25,13.25,1.84,-2.05,26.19
2464.T,Ａｏｂａ‐ＢＢＴ,2026-07-28,331.0,333.0,363.0,False,-8.26,0.66,0.64,,,,,2025-09-22,205.0,-4.61,False,-1.89,False,True,2.47,-5.59,False,imminent,,-1.82,,,False,,,,,,,,,,,,2026-05-07,,0.26,0.56,0.61,9.36,13.89,13.89,-2.07,-2.36,-4.89
7840.T,フランスベッドホールディングス,2026-07-28,1268.0,1277.0,1392.0,False,-8.26,0.71,0.69,,,,,2026-03-27,82.0,0.56,False,-2.63,False,True,2.79,-5.48,False,imminent,,-0.64,,,False,,,,,,,,,,,,2026-04-30,,0.0,0.58,0.13,9.67,14.8,14.8,-2.31,-4.73,0.24
6358.T,酒井重工業,2026-07-28,2150.0,2188.0,2385.0,False,-8.26,1.21,1.06,,,,,2024-01-22,614.0,4.98,True,1.84,True,True,3.87,-10.08,False,crossed,8.0,,,2.59,False,-1.53,narrowing,False,,-9.47,2158.0,2375.0,2026-02-12,-9.14,False,2026-07-15,2026-03-27,,0.43,0.25,0.0,5.71,14.53,14.53,5.65,-3.85,4.67
4728.T,トーセ,2026-07-28,640.0,644.0,702.0,False,-8.26,0.32,1.0,,,,,2025-01-10,376.0,-4.33,False,-0.41,False,True,2.48,-6.32,False,crossed,22.0,,,0.47,False,-3.83,widening,False,,-5.33,643.0,676.0,2026-01-08,-4.88,False,2026-06-25,2026-03-19,,0.35,0.23,0.42,2.33,5.42,10.33,0.63,-3.47,-3.61
1840.T,土屋ホールディングス,2026-07-28,241.0,244.0,266.0,False,-8.27,0.38,0.62,,,,,2025-10-29,180.0,2.99,True,3.4,False,True,6.03,-8.33,False,crossed,21.0,,,2.14,False,-0.15,narrowing,False,,-4.37,234.0,252.0,2026-02-27,-7.14,False,2026-06-26,2026-04-21,3ヶ月,0.81,0.0,0.13,4.85,14.29,18.87,6.17,5.24,2.99
2736.T,フェスタリアホールディングス,2026-07-28,670.0,676.0,737.0,False,-8.28,1.36,1.84,,,,,2025-07-23,246.0,-0.74,True,7.06,True,True,5.19,-12.71,False,,,,,,,,,,,,,,,,,,,6ヶ月,0.4,0.75,0.12,6.93,8.02,22.94,-1.18,10.93,-2.05
9476.T,中央経済社ホールディングス,2026-07-28,1019.0,1019.0,1111.0,False,-8.28,1.35,0.84,,,,,2026-07-06,15.0,72.71,True,12.16,True,True,6.82,-3.76,True,crossed,16.0,,,0.1,True,-4.92,widening,True,0.0,-2.58,1046.0,1046.0,2026-07-03,0.0,False,2026-07-03,2026-06-25,,0.41,0.56,0.91,8.08,8.08,20.8,1.6,23.22,72.71
9441.T,ベルパーク,2026-07-28,2850.0,2953.0,3220.0,False,-8.29,9.77,1.78,,,,,2026-04-13,71.0,33.74,True,3.96,False,False,7.96,-10.13,False,,,,,,,,,,,,,,,,,,,,0.62,0.0,0.14,22.77,24.59,24.59,-8.21,8.9,29.55
3636.T,三菱総合研究所,2026-07-28,4895.0,4915.0,5360.0,False,-8.3,0.91,0.81,,,,,2026-02-10,112.0,7.35,True,1.95,False,True,5.24,-7.26,False,imminent,,-0.52,,,False,,,,,,,,,,,,2026-03-12,,0.05,0.44,0.31,8.35,16.86,17.17,2.62,-3.26,7.23
3093.T,トレジャー・ファクトリー,2026-07-28,2145.0,2154.0,2349.0,False,-8.3,0.7,1.51,,,,,2026-07-06,15.0,14.71,True,19.75,True,True,9.4,-12.33,False,crossed,39.0,,,-0.16,True,9.29,widening,True,6.0,13.01,1845.0,1898.0,2026-02-27,-2.79,False,2026-06-02,2026-04-14,,0.78,0.58,0.15,12.35,14.86,24.69,28.37,20.78,17.92
3461.T,パルマ,2026-07-28,591.0,596.0,650.0,False,-8.31,0.65,1.33,,,,,2026-04-27,61.0,11.93,True,8.88,False,True,4.22,-7.09,False,crossed,67.0,,,-2.65,True,-9.18,widening,True,0.0,4.6,565.0,565.0,2026-04-17,0.0,False,2026-04-17,2026-03-30,,0.21,0.51,0.1,10.41,10.41,19.29,7.45,6.1,12.14
3096.T,オーシャンシステム,2026-07-28,1622.0,1650.0,1800.0,False,-8.33,0.75,0.69,,,,,2026-03-03,99.0,23.72,True,3.01,True,False,6.47,-8.11,False,diverging,,-0.95,-0.52,,False,,,,,,,,,,,,2026-04-23,,0.01,0.31,0.62,6.39,12.8,13.01,2.92,4.04,23.53
8918.T,ランド,2026-07-28,10.0,11.0,12.0,False,-8.33,0.87,1.33,,,,,2025-07-01,261.0,11.11,True,4.17,True,False,10.14,-11.11,False,crossed,111.0,,,0.0,True,-10.57,widening,True,1.0,0.0,9.0,10.0,2026-01-07,-10.0,False,2026-02-12,2025-12-16,,0.01,0.34,0.27,9.09,10.0,20.0,0.0,11.11,11.11
5122.T,オカモト,2026-07-28,5710.0,5710.0,6230.0,False,-8.35,0.51,0.67,,,,,2026-04-08,74.0,17.37,True,2.89,True,False,5.46,-5.23,False,diverging,,-3.36,-2.52,,False,,,,,,,,,,,,2026-05-15,,0.18,0.25,0.47,11.04,15.07,15.07,1.6,-2.06,17.73
2153.T,Ｅ・Ｊホールディングス,2026-07-28,1759.0,1775.0,1937.0,False,-8.36,0.49,1.12,,,,,2026-02-27,101.0,15.42,True,2.39,False,True,5.51,-10.17,False,crossed,2.0,,,,False,,,False,,-9.19,1740.0,1937.0,2026-02-27,-10.17,False,2026-07-24,2026-04-06,,0.08,0.52,0.09,9.08,19.88,19.88,4.45,-3.72,9.6
1944.T,きんでん,2026-07-28,7669.0,7862.0,8580.0,False,-8.37,2.11,0.69,,,,,2026-03-03,99.0,71.76,True,8.71,True,True,13.56,-17.86,False,crossed,19.0,,,2.47,False,-6.26,narrowing,False,,-10.04,7946.0,8525.0,2026-05-07,-6.79,False,2026-06-30,2026-04-08,,0.01,0.0,0.72,23.37,23.37,23.37,6.32,1.12,71.64
2789.T,カルラ,2026-07-28,468.0,470.0,513.0,False,-8.38,0.79,1.12,,,,,2025-10-06,196.0,2.63,False,-1.21,False,True,1.95,-4.93,False,crossed,21.0,,,0.0,False,-2.06,widening,False,,-5.45,463.0,495.0,2026-01-05,-6.46,False,2026-06-26,2026-02-26,,0.67,0.3,0.05,1.73,8.28,8.47,1.74,-5.26,1.74
9247.T,ＴＲＥホールディングス,2026-07-28,2021.0,2120.0,2314.0,False,-8.38,0.59,0.51,,,,,2026-07-15,8.0,48.17,True,18.82,True,True,9.57,-12.69,False,crossed,28.0,,,9.06,False,1.87,narrowing,True,0.0,6.48,1898.0,1898.0,2026-06-17,0.0,False,2026-06-17,2026-03-30,,0.81,0.33,0.58,12.42,21.25,21.25,22.48,17.36,49.37
9163.T,ナレルグループ,2026-07-28,2301.0,2317.0,2529.0,False,-8.38,0.74,0.43,,,,,,,2.13,False,-0.05,False,True,4.19,-9.02,False,crossed,2.0,,,,False,,,False,,-5.93,2277.0,2446.0,2026-04-08,-6.91,False,2026-07-24,2026-05-08,,0.08,0.44,0.2,11.77,14.47,16.39,-2.95,-2.87,2.49
2117.T,ウェルネオシュガー,2026-07-28,2787.0,2794.0,3050.0,False,-8.39,1.15,0.75,,,,,2026-02-25,103.0,23.43,True,1.38,True,True,5.74,-6.54,True,crossed,1.0,,,,False,,,False,,-8.02,2760.0,3030.0,2026-02-19,-8.91,False,2026-07-27,2026-04-07,,0.1,0.62,0.19,7.21,17.23,17.23,3.15,-4.06,22.99
8025.T,ツカモトコーポレーション,2026-07-28,1305.0,1311.0,1431.0,False,-8.39,0.27,2.29,,,,,2026-01-05,137.0,0.23,False,-0.62,False,True,3.86,-5.72,False,crossed,8.0,,,0.39,False,-0.54,widening,False,,-8.81,1297.0,1431.0,2026-01-05,-9.36,False,2026-07-15,2026-03-24,,0.41,0.54,0.45,7.89,14.68,16.77,5.75,-4.88,-1.73
7376.T,ＢＣＣ,2026-07-28,1160.0,1200.0,1310.0,False,-8.4,2.26,1.25,,,,,2026-05-08,56.0,87.4,True,44.68,True,False,16.35,-14.44,False,,,,,,,,,,,,,,,,,,,,0.2,0.71,0.57,27.17,27.17,27.17,16.82,92.69,87.4
7371.T,Ｚｅｎｋｅｎ,2026-07-28,728.0,741.0,809.0,False,-8.41,0.25,1.03,,,,,2025-09-04,216.0,8.33,True,4.95,False,False,7.16,-15.87,False,crossed,34.0,,,2.87,True,-6.17,narrowing,True,2.0,-2.28,731.0,745.0,2026-03-05,-1.88,False,2026-06-09,2026-04-21,,0.44,0.27,0.06,7.65,9.53,21.38,6.28,2.82,7.06
9083.T,神姫バス,2026-07-28,1967.0,1979.0,2161.0,False,-8.42,0.87,0.85,,,,,2026-02-19,106.0,8.08,True,0.72,True,True,3.52,-6.59,True,imminent,,-0.93,,,False,,,,,,,,,,,,2026-04-06,,0.16,0.48,0.21,7.5,12.82,12.82,-0.66,-1.65,10.97
2224.T,コモ,2026-07-28,3670.0,3695.0,4035.0,False,-8.43,3.0,0.87,,,,,2026-02-26,102.0,17.07,True,3.46,True,True,5.0,-10.25,False,crossed,16.0,,,-0.27,False,-2.34,widening,False,,-8.36,3670.0,4005.0,2026-02-26,-8.36,False,2026-07-03,2026-04-17,,0.54,0.13,0.64,3.59,12.86,12.86,1.8,3.38,16.69
7091.T,リビングプラットフォーム,2026-07-28,1196.0,1214.0,1326.0,False,-8.45,1.22,1.22,,,,,2026-05-19,49.0,37.16,True,4.17,True,True,4.5,-5.48,True,imminent,,-1.15,,,True,,,,,,,,,,,,2026-06-03,,0.1,0.0,0.82,12.96,13.54,13.54,-6.85,4.55,36.22
5463.T,丸一鋼管,2026-07-28,1794.5,1819.0,1987.0,False,-8.45,0.37,1.15,,,,,2026-07-06,15.0,47.94,True,17.14,True,True,8.69,-12.52,False,crossed,50.0,,,-4.32,True,-15.36,widening,True,34.0,-6.66,1900.0,1922.5,2026-05-15,-1.17,False,2026-05-18,2026-03-27,,0.33,0.43,0.83,17.92,17.92,17.92,22.83,14.45,48.92
8052.T,椿本興業,2026-07-28,2862.0,2879.0,3145.0,False,-8.46,0.53,0.85,,,,,2026-02-27,101.0,16.01,True,3.13,False,True,6.85,-13.51,False,crossed,8.0,,,1.06,False,-0.49,widening,False,,-8.56,2843.0,3130.0,2026-02-27,-9.17,False,2026-07-15,2026-04-01,,0.19,0.32,0.01,9.93,15.97,15.97,6.04,-2.65,15.96
7215.T,ファルテック,2026-07-28,417.0,421.0,460.0,False,-8.48,0.44,1.0,,,,,2026-05-15,51.0,16.16,True,8.31,True,False,7.87,-10.92,False,crossed,50.0,,,6.91,True,-6.85,widening,True,10.0,-7.95,405.0,453.0,2026-05-15,-10.6,False,2026-05-18,2026-04-02,,0.08,0.41,0.35,10.6,11.14,15.88,10.03,9.74,15.83
9635.T,武蔵野興業,2026-07-27,2547.0,2547.0,2783.0,False,-8.48,0.8,1.13,,,,,2025-08-29,219.0,20.08,True,5.1,True,True,6.33,-9.16,False,imminent,,-0.1,,,False,,,,,,,,,,,,2026-05-19,,0.01,0.0,0.65,3.29,5.8,13.52,-0.2,5.68,20.08
3420.T,ケー・エフ・シー,2026-07-28,1598.0,1598.0,1746.0,False,-8.48,0.03,2.67,,,,,2025-08-08,234.0,0.63,True,1.71,False,True,5.0,-9.51,False,crossed,9.0,,,-4.16,False,-5.03,widening,False,,-7.31,1660.0,1724.0,2026-02-27,-3.71,False,2026-07-14,2026-04-08,,0.33,0.23,0.34,4.9,13.28,13.87,4.1,-2.56,-1.54
9347.T,日本管財ホールディングス,2026-07-28,2820.0,2832.0,3095.0,False,-8.5,1.0,0.81,,,,,2026-04-09,73.0,2.29,True,1.56,False,True,4.23,-6.19,False,imminent,,-2.44,,,False,,,,,,,,,,,,2026-05-27,,0.22,0.2,0.0,10.75,14.52,14.52,-2.52,0.18,2.88
8113.T,ユニ・チャーム,2026-07-28,1007.0,1010.0,1104.0,False,-8.51,0.56,0.68,,,,,2023-08-09,723.0,-0.89,True,6.36,False,True,6.83,-13.0,False,crossed,9.0,,,-0.33,False,3.19,widening,False,,-8.04,963.7999877929688,1095.0,2026-02-25,-11.98,False,2026-07-14,2026-04-03,,0.29,0.07,0.14,8.34,19.15,19.15,5.78,7.82,-1.37
7419.T,ノジマ,2026-07-28,1465.0,1470.0,1607.0,False,-8.53,0.76,0.84,,,,,2026-06-10,33.0,31.78,True,18.49,True,False,11.85,-15.73,False,crossed,60.0,,,4.64,False,6.95,widening,True,5.0,14.45,1228.0,1280.0,2026-04-21,-4.06,False,2026-04-28,2026-02-09,,0.05,0.62,0.25,17.84,17.84,22.51,16.64,18.91,33.99
4088.T,エア・ウォーター,2026-07-28,2600.0,2697.0,2949.0,False,-8.55,1.17,0.68,,,,,2026-06-25,22.0,18.29,True,12.19,True,True,9.07,-15.32,False,crossed,48.0,,,5.8,False,-4.56,narrowing,True,1.0,2.99,2481.0,2524.5,2026-02-12,-1.72,False,2026-05-20,2026-03-05,,0.49,0.41,0.01,16.13,24.92,28.65,16.28,9.22,18.72
3361.T,トーエル,2026-07-28,872.0,884.0,967.0,False,-8.58,1.25,0.62,,,,,2026-03-13,91.0,9.69,True,0.62,True,True,3.43,-5.91,True,crossed,1.0,,,,False,,,False,,-9.82,883.0,967.0,2026-03-13,-8.69,False,2026-07-27,2026-05-15,,0.26,0.08,0.49,8.5,13.13,13.13,-5.01,1.87,9.27
5757.T,ＣＫサンエツ,2026-07-28,5100.0,5330.0,5830.0,False,-8.58,1.35,0.54,,,,,2026-06-22,25.0,31.95,True,15.42,True,True,7.96,-12.16,False,crossed,45.0,,,3.89,True,1.6,narrowing,True,16.0,3.45,4625.0,4930.0,2026-05-14,-6.19,False,2026-05-25,2026-04-10,3ヶ月,0.76,0.58,0.62,9.25,14.06,14.06,22.89,17.78,32.47
9508.T,九州電力,2026-07-28,1821.5,1844.0,2017.5,False,-8.6,0.76,1.29,,,,,2026-02-27,101.0,41.75,True,7.0,True,True,9.48,-10.23,False,crossed,1.0,,,,False,,,False,,-9.56,1842.5,2014.0,2026-02-27,-8.52,False,2026-07-27,2026-05-01,,0.02,0.23,0.5,13.82,21.67,21.67,6.3,2.07,41.86
8127.T,ヤマトインターナショナル,2026-07-28,592.0,595.0,651.0,False,-8.6,0.4,1.2,,,,,2026-05-20,48.0,47.26,False,-0.31,True,True,13.71,-5.56,False,imminent,,-0.29,,,True,,,,,,,,,,,,2026-06-24,,0.01,0.1,0.37,9.88,12.4,26.41,-0.67,-1.33,49.87
1780.T,ヤマウラ,2026-07-28,1540.0,1550.0,1696.0,False,-8.61,1.26,1.06,,,,,2026-02-26,102.0,18.28,True,3.77,True,True,6.36,-9.11,False,crossed,6.0,,,3.69,False,2.33,narrowing,False,,-8.28,1492.0,1679.0,2026-02-27,-11.14,False,2026-07-17,2026-04-21,,0.22,0.31,0.12,11.74,21.2,21.2,6.72,2.05,18.83
6186.T,一蔵,2026-07-27,378.0,381.0,417.0,False,-8.63,0.32,0.39,,,,,2024-01-30,607.0,-5.03,False,-0.42,False,True,2.2,-5.38,False,crossed,7.0,,,-0.26,False,-3.09,widening,False,,-7.8,386.0,410.0,2026-01-19,-5.85,False,2026-07-15,2026-04-02,,0.01,0.39,0.5,6.82,6.82,10.0,-4.55,-2.58,-3.57
9020.T,東日本旅客鉄道,2026-07-28,3832.0,3847.0,4211.0,False,-8.64,0.88,0.84,,,,,2026-01-13,132.0,19.68,True,3.12,False,True,6.51,-6.54,False,crossed,0.0,,,,False,,,False,,-8.63,3832.0,4194.0,2026-01-13,-8.63,False,2026-07-28,2026-02-16,,0.0,0.51,0.0,13.41,17.55,21.9,10.72,-3.43,21.38
9678.T,カナモト,2026-07-28,5080.0,5180.0,5670.0,False,-8.64,0.79,0.58,,,,,2026-06-10,33.0,49.85,True,18.0,True,False,5.93,-4.98,False,,,,,,,,,,,,,,,,,,,6ヶ月・1年,0.38,0.88,0.91,10.07,10.07,10.07,10.43,29.43,47.89
3068.T,ＷＤＩ,2026-07-28,3000.0,3010.0,3295.0,False,-8.65,1.27,0.54,,,,,2024-03-27,570.0,1.08,False,-1.73,False,True,3.64,-8.38,False,crossed,3.0,,,,False,,,False,,-8.54,2999.0,3280.0,2026-02-17,-8.57,False,2026-07-23,2026-03-25,,0.03,0.67,0.03,4.87,13.11,13.11,1.45,-7.41,0.03
7747.T,朝日インテック,2026-07-28,3535.0,3600.0,3941.0,False,-8.65,1.08,1.01,,,,,2026-06-30,19.0,54.77,True,13.55,True,False,12.22,-12.51,False,crossed,95.0,,,-1.23,True,-7.14,widening,True,16.0,5.02,3166.0,3366.0,2026-02-27,-5.94,False,2026-03-09,2026-02-12,,0.12,0.65,0.82,12.55,12.55,17.74,5.37,26.16,54.5
2792.T,ハニーズホールディングス,2026-07-28,1450.0,1457.0,1595.0,False,-8.65,0.99,0.88,,,,,2024-04-01,567.0,-2.29,False,-1.59,False,True,3.42,-5.58,False,imminent,,-1.6,,,False,,,,,,,,,,,,2026-03-23,,0.18,0.61,0.51,11.28,14.33,17.02,0.69,-3.4,-0.89
4548.T,生化学工業,2026-07-28,745.0,749.0,820.0,False,-8.66,1.31,0.78,,,,,2026-05-22,46.0,17.14,True,4.45,True,False,6.22,-7.36,False,imminent,,-1.13,,,True,,,,,,,,,,,,2026-06-25,,0.01,0.04,0.68,13.45,13.45,13.45,4.34,3.91,17.88
6788.T,日本トリム,2026-07-28,4655.0,4740.0,5190.0,False,-8.67,0.6,0.69,,,,,2026-02-12,111.0,2.76,False,-0.75,False,True,5.8,-15.78,False,crossed,22.0,,,0.22,False,-0.26,narrowing,False,,-9.79,4515.0,5160.0,2026-02-12,-12.5,False,2026-06-25,2026-03-19,,0.69,0.29,0.08,8.73,22.0,22.0,8.76,-6.9,3.22
7916.T,光村印刷,2026-07-28,1869.0,1831.0,2005.0,False,-8.68,0.04,0.71,,,,,2026-01-13,132.0,36.42,True,3.54,True,True,7.04,-5.9,False,imminent,,-1.86,,,True,,,,,,,,,,,,2026-06-09,,0.3,0.13,0.61,11.61,11.61,11.83,-4.69,-4.15,35.63
7723.T,愛知時計電機,2026-07-28,3005.0,3050.0,3340.0,False,-8.68,0.66,0.97,,,,,2026-02-27,101.0,25.52,True,3.95,True,True,7.9,-12.81,False,crossed,10.0,,,1.99,False,-1.6,widening,False,,-10.03,3010.0,3340.0,2026-02-27,-9.88,False,2026-07-13,2026-04-17,,0.18,0.09,0.51,7.29,15.06,15.06,3.8,5.36,28.47
8365.T,富山銀行,2026-07-28,2375.0,2425.0,2656.0,False,-8.7,0.88,1.02,,,,,2026-02-05,115.0,55.23,True,13.27,True,True,8.43,-12.59,False,crossed,8.0,,,-1.97,False,-3.9,widening,False,,-7.87,2442.0,2578.0,2026-02-20,-5.28,True,2026-07-15,2026-04-28,,0.53,0.13,0.7,8.16,22.27,22.27,10.72,8.8,54.82
2479.T,ジェイテック,2026-07-28,241.0,241.0,264.0,False,-8.71,0.91,0.69,,,,,2023-07-24,735.0,-3.6,True,0.17,False,True,4.82,-8.53,False,imminent,,-0.21,,,False,,,,,,,,,,,,2026-04-06,,0.02,0.5,0.2,9.47,14.73,16.67,1.26,-4.74,-3.98
6334.T,明治機械,2026-07-28,480.0,482.0,528.0,False,-8.71,0.46,1.3,,,,,2026-07-07,14.0,64.38,True,19.95,True,True,7.16,-3.79,False,crossed,45.0,,,2.05,True,0.42,narrowing,True,0.0,9.09,440.0,440.0,2026-05-25,0.0,False,2026-05-25,2026-04-20,3ヶ月,0.79,0.6,0.89,6.85,7.28,16.41,20.0,18.81,66.67
4678.T,秀英予備校,2026-07-28,322.0,324.0,355.0,False,-8.73,0.26,0.72,,,,,2026-03-30,81.0,7.33,True,3.15,True,True,4.75,-5.3,True,crossed,1.0,,,,False,,,False,,-7.74,322.0,349.0,2026-03-02,-7.74,False,2026-07-27,2026-05-07,,0.05,0.27,0.36,12.06,14.33,14.33,-0.62,2.22,6.62
9201.T,日本航空,2026-07-28,2974.0,2986.0,3272.0,False,-8.74,0.9,1.0,,,,,2026-02-27,101.0,1.19,True,5.14,False,True,8.72,-20.71,False,crossed,28.0,,,-1.84,False,0.61,narrowing,False,,-7.87,2826.5,3228.0,2026-02-27,-12.44,False,2026-06-17,2026-03-17,3ヶ月,0.79,0.02,0.36,10.5,24.32,24.37,20.5,0.32,0.13
7792.T,コラントッテ,2026-07-28,1450.0,1456.0,1596.0,False,-8.77,0.62,0.97,,,,,2025-11-12,171.0,-0.14,False,-0.22,False,True,3.75,-9.68,False,crossed,38.0,,,-1.87,False,-6.3,widening,False,,-5.97,1444.0,1542.0,2026-02-05,-6.36,False,2026-06-03,2026-03-13,,0.16,0.1,0.12,4.93,11.61,13.73,5.07,-4.54,2.84
7525.T,リックス,2026-07-28,3580.0,3630.0,3980.0,False,-8.79,1.37,1.15,,,,,2026-02-10,112.0,13.11,False,-0.75,True,True,5.43,-11.67,False,crossed,14.0,,,1.0,False,-0.19,narrowing,False,,-9.82,3515.0,3970.0,2026-01-16,-11.46,False,2026-07-07,2026-03-18,,0.67,0.39,0.05,4.96,15.7,16.12,6.23,-7.73,13.65
2698.T,キャンドゥ,2026-07-28,3565.0,3580.0,3925.0,False,-8.79,0.57,1.23,,,,,2024-07-26,487.0,-0.7,True,5.11,False,True,3.62,-4.85,False,crossed,24.0,,,4.52,False,3.57,widening,False,,-0.56,3320.0,3585.0,2026-02-13,-7.39,False,2026-06-23,2026-03-10,3ヶ月,0.8,0.0,0.5,3.81,12.69,19.85,11.93,4.09,0.28
5189.T,櫻護謨,2026-07-28,3550.0,3785.0,4150.0,False,-8.8,0.99,3.04,,,,,2026-07-17,6.0,84.9,True,24.28,True,True,13.58,-9.74,False,crossed,7.0,,,-3.98,True,-9.76,widening,True,0.0,-8.74,3890.0,3890.0,2026-07-16,0.0,False,2026-07-16,2026-06-02,,0.14,0.22,0.82,27.27,27.27,27.27,-7.79,33.26,84.22
7984.T,コクヨ,2026-07-28,880.6,889.2,975.0,False,-8.8,0.8,0.96,,,,,2026-02-13,110.0,-1.85,True,1.4,False,True,5.79,-8.72,False,crossed,3.0,,,,False,,,False,,-8.54,855.5999755859375,962.8,2026-02-12,-11.13,False,2026-07-23,2026-03-04,,0.36,0.39,0.46,9.61,18.66,18.66,2.47,-5.03,-1.97
8032.T,日本紙パルプ商事,2026-07-28,1106.0,1126.0,1235.0,False,-8.83,0.88,0.72,,,,,2026-05-15,51.0,72.54,True,13.02,True,True,8.52,-10.48,False,imminent,,-0.93,,,True,,,,,,,,,,,,2026-06-30,,0.11,0.26,0.88,12.72,12.72,12.72,1.28,12.86,72.81
9723.T,京都ホテル,2026-07-28,635.0,639.0,701.0,False,-8.84,0.65,0.96,,,,,2024-05-14,539.0,0.63,False,-0.69,False,True,2.09,-3.35,False,,,,,,,,,,,,,,,,,,,,0.14,0.15,0.02,4.72,10.57,10.57,-0.78,-0.94,-2.16
4205.T,日本ゼオン,2026-07-28,2173.5,2238.0,2455.0,False,-8.84,0.66,0.97,,,,,2026-06-25,22.0,40.45,True,12.62,True,True,10.3,-17.89,False,crossed,48.0,,,5.15,True,-3.74,widening,True,18.0,-5.77,2058.0,2306.5,2026-05-14,-10.77,False,2026-05-20,2026-04-03,,0.49,0.46,0.77,10.77,18.96,18.96,24.77,12.04,40.73
1879.T,新日本建設,2026-07-28,2111.0,2132.0,2339.0,False,-8.85,0.8,0.99,,,,,2026-05-15,51.0,23.52,True,4.66,True,False,8.53,-12.09,False,,,,,,,,,,,,,,,,,,,,0.0,0.14,0.64,11.99,13.18,13.18,9.72,0.86,23.96
7987.T,ナカバヤシ,2026-07-28,581.0,586.0,643.0,False,-8.86,1.66,0.77,,,,,2026-02-27,101.0,13.26,True,0.55,False,True,5.64,-8.86,False,crossed,0.0,,,,False,,,False,,-9.64,581.0,643.0,2026-02-27,-9.64,False,2026-07-28,2026-04-14,,0.04,0.58,0.04,6.54,15.55,15.55,1.93,-3.17,13.26
2653.T,イオン九州,2026-07-28,2849.0,2857.0,3135.0,False,-8.87,1.29,1.13,,,,,2024-02-27,590.0,0.28,False,-0.18,False,True,2.66,-4.43,False,crossed,9.0,,,0.46,True,-0.34,widening,False,,-4.17,2822.0,2973.0,2026-01-05,-5.08,False,2026-07-14,2026-07-10,,0.09,0.27,0.49,1.87,6.32,11.43,2.67,-2.0,0.96
2209.T,井村屋グループ,2026-07-28,2423.0,2446.0,2684.0,False,-8.87,0.77,0.73,,,,,2025-10-27,182.0,-1.66,False,-0.7,False,True,3.58,-5.92,False,crossed,11.0,,,0.88,False,-0.37,widening,False,,-7.45,2394.0,2618.0,2026-02-10,-8.56,False,2026-07-10,2026-03-17,,0.48,0.42,0.5,7.15,16.12,16.57,4.26,-3.43,-1.02
5911.T,横河ブリッジホールディングス,2026-07-28,2905.0,2975.0,3265.0,False,-8.88,2.87,1.04,,,,,2026-02-09,113.0,10.71,False,-1.49,True,True,4.08,-7.66,False,imminent,,-0.09,,,False,,,,,,,,,,,,2026-03-26,,0.0,0.7,0.13,10.41,15.54,15.54,0.28,-8.5,10.92
5981.T,東京製綱,2026-07-28,1926.0,1970.0,2162.0,False,-8.88,1.04,0.36,,,,,2026-06-16,29.0,48.96,True,10.85,True,False,9.28,-9.93,False,crossed,29.0,,,-5.97,True,-13.52,widening,True,0.0,-8.72,2110.0,2110.0,2026-06-16,0.0,False,2026-06-16,2026-05-12,,0.54,0.21,0.83,10.09,20.14,20.14,15.68,12.96,47.02
4792.T,山田コンサルティンググループ,2026-07-28,1721.0,1732.0,1901.0,False,-8.89,1.06,0.59,,,,,2024-09-02,462.0,4.3,True,1.06,False,True,3.88,-5.38,False,crossed,14.0,,,0.18,False,-0.26,narrowing,False,,-6.37,1691.0,1838.0,2026-01-13,-8.0,False,2026-07-07,2026-02-18,,0.62,0.13,0.43,2.34,9.75,15.26,6.83,-3.59,4.3
6005.T,三浦工業,2026-07-28,3166.0,3255.0,3573.0,False,-8.9,1.01,0.92,,,,,2024-12-27,382.0,7.27,True,0.63,True,True,3.23,-6.18,True,imminent,,-1.48,,,True,,,,,,,,,,,,2026-06-15,,0.23,0.0,0.52,8.46,16.58,16.58,-1.68,-2.52,8.54
6099.T,エラン,2026-07-28,791.0,798.0,876.0,False,-8.9,0.73,0.69,,,,,2023-12-18,635.0,-1.0,True,7.68,False,True,6.91,-7.47,False,crossed,13.0,,,3.55,True,2.19,widening,True,5.0,2.86,760.0,769.0,2026-02-27,-1.17,False,2026-07-08,2026-05-25,,0.51,0.16,0.39,11.32,12.35,23.56,8.06,14.64,0.38
4221.T,大倉工業,2026-07-28,5140.0,5220.0,5730.0,False,-8.9,1.08,0.84,,,,,2025-10-28,181.0,21.08,True,4.26,False,True,7.71,-10.69,False,crossed,39.0,,,0.63,False,1.13,narrowing,False,,-1.91,4755.0,5240.0,2026-02-27,-9.26,False,2026-06-02,2026-03-27,,0.18,0.03,0.0,6.4,14.31,21.64,13.09,4.37,20.09
3080.T,ジェーソン,2026-07-28,773.0,777.0,853.0,False,-8.91,1.03,1.05,,,,,2026-02-25,103.0,10.27,True,1.21,True,True,2.81,-5.07,True,crossed,14.0,,,0.0,False,-1.65,widening,False,,-9.17,770.0,851.0,2026-02-25,-9.52,False,2026-07-07,2026-03-18,,0.48,0.3,0.34,2.51,13.75,13.75,1.98,-7.09,11.87
8152.T,ソマール,2026-07-28,7450.0,7770.0,8530.0,False,-8.91,1.32,0.88,,,,,2026-05-22,46.0,40.04,True,19.69,True,True,15.63,-17.69,False,crossed,44.0,,,-6.99,True,-15.37,widening,False,,-9.48,8010.0,8230.0,2026-05-22,-2.67,False,2026-05-26,2026-04-07,,0.45,0.46,0.53,15.07,23.27,23.27,35.95,23.55,41.37
8194.T,ライフコーポレーション,2026-07-28,2541.0,2556.0,2806.0,False,-8.91,0.69,1.01,,,,,2026-02-13,110.0,7.94,False,-0.0,False,False,4.52,-6.58,False,,,,,,,,,,,,,,,,,,,,0.01,0.21,0.12,11.04,14.96,14.96,-0.97,-5.26,7.17
9990.T,サックスバー　ホールディングス,2026-07-28,772.0,776.0,852.0,False,-8.92,1.46,1.56,,,,,2024-12-13,392.0,-6.31,False,-0.2,False,True,4.27,-8.35,False,crossed,8.0,,,0.39,False,0.42,widening,False,,-9.18,760.0,850.0,2026-02-27,-10.59,False,2026-07-15,2026-04-10,,0.48,0.57,0.25,5.75,17.06,17.06,3.9,-5.97,-5.39
6546.T,フルテック,2026-07-28,1130.0,1134.0,1245.0,False,-8.92,1.15,1.04,,,,,2026-02-25,103.0,0.0,False,-2.46,False,True,3.6,-4.95,False,crossed,10.0,,,-1.67,False,-1.87,narrowing,False,,-6.84,1135.0,1213.0,2026-01-26,-6.43,False,2026-07-13,2026-01-15,,0.0,0.26,0.37,7.35,10.63,11.94,-3.42,-4.07,-0.53
6176.T,ブランジスタ,2026-07-28,910.0,927.0,1018.0,False,-8.94,1.78,0.71,,,,,2026-03-06,96.0,22.64,True,9.9,True,True,6.91,-12.41,False,crossed,0.0,,,,True,,,False,,-9.18,910.0,1002.0,2026-03-06,-9.18,False,2026-07-28,2026-07-17,,0.0,0.45,0.44,12.46,17.76,27.56,3.17,28.71,23.98
2305.T,スタジオアリス,2026-07-28,1980.0,1983.0,2178.0,False,-8.95,0.37,0.66,,,,,2025-08-20,227.0,-7.43,True,1.54,False,True,3.81,-8.98,False,crossed,8.0,,,-0.41,False,0.12,narrowing,False,,-2.85,1955.0,2038.0,2026-01-16,-4.07,False,2026-07-15,2025-09-18,3ヶ月,0.77,0.32,0.73,4.09,14.11,20.01,11.11,-1.98,-6.52
3169.T,ミサワ,2026-07-28,646.0,650.0,714.0,False,-8.96,0.9,1.28,,,,,2024-12-27,382.0,2.05,False,-2.64,False,False,3.78,-8.53,False,crossed,54.0,,,0.93,False,-10.83,widening,False,,-7.85,646.0,701.0,2026-01-27,-7.85,False,2026-05-12,2026-01-29,,0.0,0.16,0.05,3.6,10.7,12.08,-0.31,-7.32,2.38
3204.T,トーア紡コーポレーション,2026-07-28,507.0,507.0,557.0,False,-8.98,0.29,1.34,,,,,2026-01-20,127.0,25.5,True,1.66,True,True,5.96,-9.36,False,imminent,,-0.29,,,True,,,,,,,,,,,,2026-06-16,,0.13,0.0,0.63,7.06,14.13,15.98,-0.59,0.8,26.12
9856.T,ケーユーホールディングス,2026-07-28,1214.0,1226.0,1347.0,False,-8.98,1.8,0.95,,,,,2026-02-25,103.0,6.96,True,0.71,False,True,4.74,-11.92,False,crossed,0.0,,,,False,,,False,,-9.0,1214.0,1334.0,2026-02-27,-9.0,False,2026-07-28,2026-03-31,,0.23,0.66,0.0,4.89,15.37,15.37,4.84,-6.11,7.43
5975.T,東プレ,2026-07-28,2715.0,2744.0,3015.0,False,-8.99,0.43,0.73,,,,,2026-02-27,101.0,37.75,True,8.72,True,False,10.41,-21.53,False,crossed,35.0,,,4.0,False,-3.54,narrowing,False,,-9.95,2651.0,3015.0,2026-02-27,-12.07,False,2026-06-08,2026-04-06,,0.39,0.01,0.7,6.15,22.02,22.02,15.38,4.34,36.23
3447.T,信和,2026-07-28,987.0,991.0,1089.0,False,-9.0,0.3,1.0,,,,,2026-03-02,100.0,29.53,True,4.63,True,True,9.13,-8.92,False,crossed,4.0,,,,False,,,False,,-9.03,995.0,1085.0,2026-03-02,-8.29,False,2026-07-22,2026-04-27,,0.09,0.29,0.4,13.37,20.0,20.0,-0.9,2.92,28.85
5695.T,パウダーテック,2026-07-28,2980.0,2980.0,3275.0,False,-9.01,0.59,0.63,,,,,2026-06-29,20.0,44.59,True,18.01,True,True,6.63,-11.19,False,crossed,32.0,,,12.11,True,7.72,narrowing,True,3.0,5.67,2635.0,2820.0,2026-02-26,-6.56,False,2026-06-11,2026-05-27,3ヶ月,0.8,0.6,0.79,9.72,13.01,13.01,12.54,22.53,44.59
9845.T,パーカーコーポレーション,2026-07-28,1590.0,1596.0,1754.0,False,-9.01,0.67,1.15,,,,,2026-02-25,103.0,69.15,True,10.73,True,True,14.22,-19.93,False,crossed,7.0,,,3.01,False,3.17,widening,False,,-9.35,1526.0,1754.0,2026-02-25,-13.0,False,2026-07-16,2026-04-02,,0.23,0.3,0.37,14.79,28.73,28.73,14.14,1.99,70.05
5988.T,パイオラックス,2026-07-28,1703.0,1715.0,1885.0,False,-9.02,0.73,0.97,,,,,2024-02-28,589.0,-3.02,True,1.62,False,True,5.16,-12.17,False,crossed,8.0,,,1.09,False,1.74,widening,False,,-6.17,1655.0,1815.0,2026-01-15,-8.82,False,2026-07-15,2026-03-19,,0.52,0.44,0.61,6.41,17.03,19.69,7.24,-5.23,-2.96
6367.T,ダイキン工業,2026-07-28,23830.0,24055.0,26440.0,False,-9.02,0.75,1.03,,,,,2026-07-07,14.0,26.22,True,14.16,True,True,8.15,-8.17,False,crossed,70.0,,,5.56,True,1.9,narrowing,True,2.0,15.48,20490.0,20635.0,2026-04-10,-0.7,False,2026-04-14,2026-03-30,,0.24,0.82,0.67,12.1,12.1,14.98,10.5,21.99,29.58
9869.T,加藤産業,2026-07-28,6410.0,6440.0,7080.0,False,-9.04,0.76,0.91,,,,,2026-04-08,74.0,13.25,True,2.38,True,True,4.42,-8.21,False,crossed,0.0,,,,False,,,False,,-7.77,6410.0,6950.0,2026-04-08,-7.77,False,2026-07-28,2026-04-23,,0.15,0.54,0.11,6.67,17.41,17.41,8.83,-5.74,11.09
4645.T,市進ホールディングス,2026-07-28,432.0,432.0,475.0,False,-9.05,0.66,0.86,,,,,2024-01-17,617.0,3.35,False,-1.57,False,True,2.39,-4.64,False,crossed,33.0,,,-2.07,False,-6.26,widening,False,,-7.49,435.0,467.0,2026-01-09,-6.85,False,2026-06-10,2026-02-26,,0.22,0.21,0.17,3.2,9.39,12.63,0.23,-5.05,3.35
9948.T,アークス,2026-07-28,3665.0,3670.0,4035.0,False,-9.05,1.03,1.1,,,,,2026-02-25,103.0,19.19,True,6.36,True,True,6.09,-10.05,False,crossed,2.0,,,,False,,,False,,-8.49,3495.0,4005.0,2026-02-25,-12.73,False,2026-07-24,2026-05-07,,0.18,0.33,0.39,8.73,20.35,20.35,4.86,3.82,19.19
4246.T,ダイキョーニシカワ,2026-07-28,1014.0,1022.0,1124.0,False,-9.07,0.58,0.84,,,,,2026-05-29,41.0,47.38,True,16.48,True,False,10.48,-12.29,False,crossed,55.0,,,17.16,True,3.37,narrowing,True,3.0,7.42,886.0,944.0,2026-02-27,-6.14,False,2026-05-11,2026-04-27,,0.18,0.6,0.84,9.8,12.39,12.39,18.04,20.28,47.81
3663.T,セルシス,2026-07-28,1886.0,1922.0,2114.0,False,-9.08,0.68,0.97,,,,,2026-07-10,11.0,16.13,True,18.81,True,True,9.88,-13.37,False,crossed,57.0,,,-1.87,False,18.93,narrowing,True,17.0,11.93,1445.0,1685.0,2026-01-06,-14.24,False,2026-05-07,2025-11-05,3ヶ月,0.82,0.71,0.02,11.85,17.1,34.52,37.76,23.59,19.37
7610.T,テイツー,2026-07-28,147.0,150.0,165.0,False,-9.09,0.66,1.61,,,,,2026-07-16,7.0,-5.77,True,3.19,False,True,6.94,-12.1,False,crossed,15.0,,,-1.34,False,-3.53,widening,False,,-6.37,149.0,157.0,2026-02-27,-5.1,False,2026-07-06,2026-03-31,,0.48,0.05,0.01,9.79,17.83,17.83,2.8,0.68,-3.92
2923.T,サトウ食品,2026-07-28,8750.0,8800.0,9680.0,False,-9.09,1.13,0.43,,,,,2025-09-11,211.0,22.38,True,13.56,False,True,9.21,-14.89,False,crossed,22.0,,,3.82,False,7.96,widening,True,5.0,8.7,7860.0,8050.0,2026-03-13,-2.36,False,2026-06-25,2026-04-13,3ヶ月,0.78,0.13,0.02,10.32,16.02,30.17,22.38,15.13,21.02
6718.T,アイホン,2026-07-28,2822.0,2845.0,3130.0,False,-9.11,0.53,0.98,,,,,2026-01-19,128.0,1.88,False,-0.19,False,True,3.58,-8.55,False,crossed,0.0,,,,False,,,False,,-9.41,2822.0,3115.0,2026-01-16,-9.41,False,2026-07-28,2026-03-04,,0.0,0.52,0.11,7.57,14.21,15.31,1.26,-7.32,1.95
5423.T,東京製鐵,2026-07-28,1792.0,1793.0,1973.0,False,-9.12,1.08,1.3,,,,,2026-04-03,77.0,7.24,True,12.49,True,True,5.97,-12.17,False,,,,,,,,,,,,,,,,,,,,0.05,0.5,0.34,9.38,12.93,20.55,5.23,9.2,6.73
8214.T,ＡＯＫＩホールディングス,2026-07-28,1714.0,1731.0,1905.0,False,-9.13,1.17,0.97,,,,,2026-01-20,127.0,2.51,True,1.06,False,True,5.13,-11.23,False,crossed,14.0,,,0.18,False,-0.44,widening,False,,-9.79,1687.0,1900.0,2026-01-20,-11.21,False,2026-07-07,2026-03-12,,0.47,0.33,0.22,8.7,21.09,22.0,10.94,-8.64,2.45
7877.T,永大化工,2026-07-28,2147.0,2171.0,2389.0,False,-9.13,0.22,1.15,,,,,2026-02-19,106.0,34.86,True,11.58,True,True,9.32,-14.77,False,crossed,13.0,,,5.0,False,1.34,widening,False,,-7.7,2080.0,2326.0,2026-02-18,-10.58,False,2026-07-08,2026-04-16,,0.29,0.0,0.73,11.29,17.41,17.41,10.67,14.2,36.93
8016.T,オンワードホールディングス,2026-07-28,760.0,765.0,842.0,False,-9.14,0.57,1.23,,,,,2026-02-25,103.0,26.25,True,4.36,True,True,7.0,-13.22,False,imminent,,-0.69,,,False,,,,,,,,,,,,2026-05-18,,0.0,0.22,0.55,6.35,15.61,15.61,1.88,1.33,27.3
8167.T,リテールパートナーズ,2026-07-28,1383.0,1389.0,1529.0,False,-9.16,0.97,1.01,,,,,2025-08-20,227.0,-3.82,True,4.31,False,True,4.88,-9.22,False,crossed,20.0,,,-0.44,False,-1.3,narrowing,False,,-2.54,1361.0,1419.0,2026-02-10,-4.09,False,2026-06-29,2026-03-18,,0.34,0.01,0.38,7.62,13.6,19.55,8.47,0.88,-5.08
3548.T,バロックジャパンリミテッド,2026-07-28,739.0,743.0,818.0,False,-9.17,1.05,1.04,,,,,2026-02-25,103.0,-8.2,False,-2.08,False,True,2.18,-3.62,False,crossed,5.0,,,0.0,False,-0.75,,False,,-9.21,739.0,814.0,2026-02-25,-9.21,False,2026-07-21,2026-03-16,,0.38,0.52,0.42,2.86,12.41,12.41,0.68,-6.1,-7.51
6189.T,グローバルキッズＣＯＭＰＡＮＹ,2026-07-28,1010.0,1020.0,1123.0,False,-9.17,0.64,0.65,,,,,2026-03-06,96.0,43.47,True,14.76,True,True,9.1,-6.06,False,crossed,3.0,,,,True,,,False,,-8.6,1012.0,1105.0,2026-03-10,-8.42,True,2026-07-23,2026-06-01,,0.08,0.21,0.69,10.04,16.47,16.47,-1.17,29.99,45.11
1736.T,オーテック,2026-07-28,2470.0,2536.0,2792.0,False,-9.17,0.37,1.92,,,,,2026-01-20,127.0,77.19,True,6.04,True,True,6.82,-7.88,True,crossed,17.0,,,3.28,False,-3.68,widening,False,,-11.47,2500.0,2790.0,2026-01-20,-10.39,True,2026-07-02,2026-03-26,,0.58,0.07,0.66,10.54,17.19,19.35,5.42,-8.72,73.33
7313.T,テイ・エス　テック,2026-07-28,1821.0,1833.0,2018.5,False,-9.19,0.7,0.67,,,,,2026-02-27,101.0,4.39,False,-0.12,False,False,5.09,-11.94,False,imminent,,-0.59,,,False,,,,,,,,,,,,2026-03-27,,0.0,0.53,0.14,7.54,15.56,15.56,5.96,-6.45,3.76
5337.T,ダントーホールディングス,2026-07-28,801.0,840.0,925.0,False,-9.19,0.41,4.49,,,,,2025-07-10,254.0,-11.69,True,22.05,True,True,19.42,-29.74,False,crossed,117.0,,,21.06,False,18.88,narrowing,True,0.0,41.77,565.0,565.0,2026-02-03,0.0,True,2026-02-03,2025-08-25,,0.14,0.72,0.1,20.0,23.91,45.12,-7.93,48.06,-11.0
7305.T,新家工業,2026-07-28,2639.0,2656.0,2925.0,False,-9.2,1.18,0.83,,,,,2026-02-27,101.0,8.16,True,3.46,False,True,6.82,-16.24,False,crossed,8.0,,,2.39,False,0.62,narrowing,False,,-9.78,2593.0,2925.0,2026-02-27,-11.35,False,2026-07-15,2026-04-07,,0.39,0.4,0.03,5.68,16.51,16.51,6.89,-2.98,8.27
1446.T,キャンディル,2026-07-28,536.0,543.0,598.0,False,-9.2,0.98,0.87,,,,,2026-02-25,103.0,-4.96,False,-2.29,False,True,4.02,-11.49,False,crossed,9.0,,,0.19,False,-1.85,widening,False,,-10.07,539.0,596.0,2026-02-24,-9.56,False,2026-07-14,2026-04-06,,0.6,0.58,0.21,1.88,12.92,12.92,3.08,-7.27,-5.96
3839.T,ＯＤＫソリューションズ,2026-07-28,636.0,641.0,706.0,False,-9.21,1.45,0.82,,,,,2026-03-25,84.0,7.8,True,1.84,False,True,2.72,-3.91,False,crossed,13.0,,,-0.48,False,-0.93,widening,False,,-2.6,630.0,653.0,2026-03-24,-3.52,False,2026-07-08,2026-04-14,,0.51,0.04,0.21,2.37,6.89,7.0,1.6,0.32,7.25
6292.T,カワタ,2026-07-28,825.0,826.0,910.0,False,-9.23,1.32,0.75,,,,,2025-10-31,178.0,12.86,True,2.19,False,False,5.32,-13.97,False,crossed,40.0,,,-0.12,True,-7.82,widening,True,10.0,-1.55,830.0,838.0,2026-02-27,-0.95,False,2026-06-01,2026-04-07,,0.23,0.03,0.02,3.79,7.16,17.77,4.83,0.86,12.7
4394.T,エクスモーション,2026-07-28,547.0,550.0,606.0,False,-9.24,0.13,10.96,,,,,2026-07-07,14.0,28.71,True,32.46,True,True,9.29,-5.3,False,crossed,12.0,,,0.0,True,-4.58,widening,False,,-5.36,563.0,578.0,2026-07-08,-2.6,False,2026-07-09,2026-06-19,,0.34,0.44,0.13,13.96,13.96,13.96,27.51,38.48,29.77
8850.T,スターツコーポレーション,2026-07-28,4830.0,4855.0,5350.0,False,-9.25,0.64,0.9,,,,,2026-02-27,101.0,3.87,True,0.42,False,True,6.11,-11.05,False,imminent,,-0.46,,,False,,,,,,,,,,,,2026-04-07,,0.0,0.52,0.05,9.33,17.23,17.23,0.31,-2.42,3.65
3035.T,ケイティケイ,2026-07-28,810.0,812.0,895.0,False,-9.27,0.54,2.28,,,,,2026-07-01,18.0,19.82,True,16.5,True,True,5.94,-7.04,True,,,,,,,,,,,,,,,,,,,6ヶ月,0.21,0.81,0.61,10.54,10.54,14.89,2.02,22.17,20.0
6982.T,リード,2026-07-28,616.0,616.0,679.0,False,-9.28,0.18,0.89,,,,,2026-03-12,92.0,4.41,True,2.16,False,True,5.4,-10.3,False,imminent,,-0.41,,,False,,,,,,,,,,,,2026-04-21,,0.02,0.45,0.03,7.61,14.78,14.78,2.84,-0.16,3.01
7917.T,ＺＡＣＲＯＳ,2026-07-28,1353.0,1404.0,1548.0,False,-9.3,0.62,1.03,,,,,2026-02-27,101.0,41.49,True,7.75,True,True,12.0,-17.06,False,crossed,7.0,,,-3.19,True,-5.2,widening,False,,-12.26,1412.0,1542.0,2026-02-27,-8.43,False,2026-07-16,2026-05-25,,0.1,0.01,0.77,12.96,20.3,20.3,-2.73,11.63,41.68
1724.T,シンクレイヤ,2026-07-28,680.0,682.0,752.0,False,-9.31,0.88,0.49,,,,,2026-01-23,124.0,4.13,False,-4.04,True,False,3.62,-5.51,False,diverging,,-2.44,-1.92,,False,,,,,,,,,,,,2026-05-20,,0.81,0.67,0.26,5.95,8.72,8.85,-5.95,-8.36,3.03
7480.T,スズデン,2026-07-28,2356.0,2407.0,2654.0,False,-9.31,0.55,1.29,,,,,2026-07-06,15.0,38.26,True,26.6,True,True,6.68,-5.32,True,crossed,56.0,,,0.4,True,7.66,narrowing,True,0.0,18.99,1980.0,1980.0,2026-05-08,0.0,False,2026-05-08,2026-05-01,3ヶ月・6ヶ月,0.86,0.81,0.58,10.14,10.14,10.14,35.87,34.25,39.66
2612.T,かどや製油,2026-07-28,1773.0,1788.0,1972.0,False,-9.33,0.21,0.74,,,,,2026-07-06,15.0,46.13,True,18.6,True,True,12.0,-11.26,False,crossed,19.0,,,-1.47,True,-5.94,narrowing,True,0.0,-3.17,1831.0,1831.0,2026-06-30,0.0,False,2026-06-30,2026-05-18,,0.64,0.31,0.8,10.18,18.2,18.2,13.0,32.97,46.13
9790.T,福井コンピュータホールディングス,2026-07-28,3145.0,3160.0,3485.0,False,-9.33,0.9,0.92,,,,,2025-04-23,307.0,1.94,False,-1.23,False,True,5.85,-9.75,False,imminent,,-1.83,,,False,,,,,,,,,,,,2026-05-25,,0.16,0.27,0.0,9.66,11.63,14.31,-6.54,-5.41,2.44
9009.T,京成電鉄,2026-07-28,1310.0,1315.5,1451.0,False,-9.34,0.68,1.03,,,,,2024-02-26,591.0,5.09,True,6.9,False,True,8.15,-13.35,False,crossed,10.0,,,2.26,False,4.26,widening,False,,-3.96,1239.5,1364.0,2026-02-18,-9.13,False,2026-07-13,2026-03-31,,0.55,0.22,0.48,10.25,23.57,27.65,14.31,3.68,6.5
7196.T,Ｃａｓａ,2026-07-28,784.0,786.0,867.0,False,-9.34,1.52,1.55,,,,,2023-08-04,726.0,-8.2,True,6.41,False,True,3.58,-7.49,False,crossed,69.0,,,-0.67,True,-9.24,widening,True,30.0,3.43,747.0,758.0,2026-01-15,-1.45,False,2026-04-15,2026-02-27,3ヶ月・6ヶ月,0.91,0.77,0.09,1.44,6.48,18.17,6.23,3.7,-8.3
8060.T,キヤノンマーケティングジャパン,2026-07-28,3544.0,3573.0,3941.0,False,-9.34,0.81,0.77,,,,,2026-04-23,63.0,40.08,True,3.33,True,True,3.47,-3.37,True,imminent,,-1.9,,,True,,,,,,,,,,,,2026-06-19,,0.28,0.05,0.71,13.76,13.76,13.76,-3.51,3.02,39.47
2875.T,東洋水産,2026-07-28,11240.0,11245.0,12405.0,False,-9.35,0.79,0.71,,,,,2026-03-02,100.0,20.42,True,3.72,True,True,6.4,-10.53,False,imminent,,-0.35,,,False,,,,,,,,,,,,2026-04-03,,0.02,0.48,0.11,12.55,21.01,21.01,3.83,0.36,19.06
4272.T,日本化薬,2026-07-28,1949.0,1987.5,2192.5,False,-9.35,0.7,0.87,,,,,2026-05-26,44.0,46.05,True,9.21,True,False,10.01,-12.44,False,crossed,47.0,,,2.77,True,-15.08,widening,False,,-10.62,2072.5,2180.5,2026-05-13,-4.95,False,2026-05-21,2026-04-10,,0.07,0.35,0.87,10.62,13.97,13.97,11.92,8.07,45.88
3772.T,ウェルス・マネジメント,2026-07-28,1052.0,1055.0,1164.0,False,-9.36,0.68,0.58,,,,,2025-10-27,182.0,4.68,False,-1.22,False,False,3.4,-4.93,False,diverging,,-1.02,-0.24,,True,,,,,,,,,,,,2026-06-11,,0.53,0.08,0.0,5.82,7.19,10.69,-1.31,-1.68,4.99
4175.T,ｃｏｌｙ,2026-07-28,2644.0,2699.0,2978.0,False,-9.37,0.82,0.67,,,,,2025-07-25,244.0,46.89,True,30.09,True,True,9.13,-11.41,False,crossed,86.0,,,4.85,False,19.15,widening,True,2.0,33.33,1938.0,1983.0,2026-03-19,-2.27,True,2026-03-23,2025-11-06,,0.71,0.61,0.02,17.66,20.96,33.24,32.66,48.54,47.71
2573.T,北海道コカ・コーラボトリング,2026-07-28,4000.0,4010.0,4425.0,False,-9.38,0.84,0.52,,,,,2026-04-09,73.0,17.3,False,-1.68,True,False,5.01,-7.83,False,diverging,,-4.18,-0.1,,True,,,,,,,,,,,,2026-06-23,,0.76,0.01,0.6,8.53,10.72,10.72,-4.53,0.13,18.17
2897.T,日清食品ホールディングス,2026-07-28,3019.0,3039.0,3354.0,False,-9.39,1.11,0.7,,,,,2023-12-07,642.0,2.51,True,4.44,True,True,5.51,-8.83,False,crossed,4.0,,,,False,,,False,,-8.98,2887.0,3317.0,2026-02-13,-12.96,False,2026-07-22,2026-04-01,,0.29,0.5,0.0,10.71,22.73,22.73,5.17,-2.86,2.95
6778.T,アルチザネットワークス,2026-07-28,656.0,675.0,745.0,False,-9.4,1.38,1.84,,,,,2026-07-07,14.0,-1.8,True,5.28,True,True,4.74,-5.63,False,crossed,22.0,,,3.58,True,-5.45,widening,True,0.0,-2.09,670.0,670.0,2026-06-25,0.0,False,2026-06-25,2026-05-28,,0.57,0.54,0.09,11.95,11.95,17.66,5.64,12.52,-0.61
421A.T,ムービン・ストラテジック・キャリア,2026-07-28,3670.0,3895.0,4300.0,False,-9.42,1.2,0.74,,,,,,,,,,,True,20.28,-19.72,False,,,,,,,,,,,,,,,,,,,3ヶ月,0.93,0.55,,11.78,39.71,,73.6,27.21,
7130.T,ヤマエグループホールディングス,2026-07-28,2880.0,2921.0,3225.0,False,-9.43,0.49,0.92,,,,,2026-02-12,111.0,12.02,True,3.19,True,True,5.97,-9.79,False,crossed,4.0,,,,False,,,False,,-9.72,3005.0,3190.0,2026-02-12,-5.8,False,2026-07-22,2026-05-19,,0.08,0.01,0.35,11.34,14.67,20.03,0.17,2.49,12.59
2784.T,アルフレッサ　ホールディングス,2026-07-28,2413.0,2432.0,2685.5,False,-9.44,0.51,0.95,,,,,2026-02-27,101.0,16.82,True,2.34,True,True,6.02,-6.43,True,imminent,,-1.5,,,False,,,,,,,,,,,,2026-03-31,,0.04,0.67,0.07,10.52,20.14,20.14,1.0,-6.02,17.22
9726.T,ＫＮＴ－ＣＴホールディングス,2026-07-28,1877.0,1916.0,2116.0,False,-9.45,0.85,0.82,,,,,2026-05-07,57.0,78.25,True,8.16,True,False,14.91,-10.3,False,diverging,,-2.19,-0.2,,True,,,,,,,,,,,,2026-07-09,,0.36,0.4,0.67,14.2,16.45,16.45,-6.15,1.73,80.48
4301.T,アミューズ,2026-07-28,1954.0,1972.0,2178.0,False,-9.46,0.57,0.69,,,,,2026-01-22,125.0,22.12,True,1.11,False,True,8.03,-8.15,False,imminent,,-0.07,,,False,,,,,,,,,,,,2026-04-10,,0.02,0.62,0.01,12.38,18.28,19.54,-0.41,-7.92,22.12
3550.T,スタジオアタオ,2026-07-28,218.0,220.0,243.0,False,-9.47,0.11,2.31,,,,,2025-10-10,192.0,-2.24,True,0.65,False,True,6.05,-14.47,False,,,,,,,,,,,,,,,,,,,,0.01,0.03,0.04,8.44,10.13,17.5,-3.11,1.4,-0.91
9364.T,上組,2026-07-28,5261.0,5267.0,5818.0,False,-9.47,0.5,1.05,,,,,2026-03-02,100.0,29.52,True,2.62,True,True,5.68,-8.72,False,crossed,2.0,,,,False,,,False,,-9.54,5153.0,5816.0,2026-02-27,-11.4,False,2026-07-24,2026-04-21,,0.02,0.5,0.4,12.37,20.31,20.31,0.17,-3.38,29.77
6071.T,ＩＢＪ,2026-07-28,818.0,831.0,918.0,False,-9.48,0.42,0.6,,,,,2025-08-05,237.0,-3.31,True,5.96,False,True,8.72,-13.26,False,crossed,54.0,,,10.71,False,-1.32,widening,True,4.0,0.86,747.0,811.0,2026-01-07,-7.89,False,2026-05-12,2025-10-28,,0.46,0.55,0.19,8.94,13.88,27.03,11.75,11.75,-3.31
8917.T,ファースト住建,2026-07-28,1141.0,1146.0,1266.0,False,-9.48,2.36,0.56,,,,,2025-09-18,207.0,12.08,False,-0.48,False,True,6.54,-9.21,False,crossed,2.0,,,,False,,,False,,-9.44,1132.0,1260.0,2026-02-27,-10.16,False,2026-07-24,2026-04-07,,0.18,0.48,0.01,13.5,19.68,19.87,-1.81,-4.04,12.3
2408.T,ＫＧ情報,2026-07-28,854.0,859.0,949.0,False,-9.48,0.04,0.59,,,,,2026-06-01,40.0,38.86,True,13.95,True,True,5.85,-4.18,True,,,,,,,,,,,,,,,,,,,,0.35,0.7,0.87,14.78,14.78,14.78,12.22,16.35,38.86
3396.T,フェリシモ,2026-07-28,865.0,867.0,958.0,False,-9.5,0.34,1.23,,,,,2025-10-01,199.0,5.49,True,0.76,True,True,2.66,-4.49,True,crossed,8.0,,,-0.46,False,-1.04,narrowing,False,,-3.78,864.0,899.0,2026-04-07,-3.89,False,2026-07-15,2026-05-08,,0.44,0.14,0.01,4.09,8.79,11.83,1.53,0.46,5.49
2215.T,第一屋製パン,2026-07-28,600.0,600.0,663.0,False,-9.5,0.46,0.62,,,,,2024-02-02,605.0,14.07,False,-1.54,False,False,5.25,-3.37,False,imminent,,-0.11,,,False,,,,,,,,,,,,2026-03-12,,0.0,0.48,0.06,4.35,7.41,10.65,0.33,-3.07,14.5
8144.T,デンキョーグループホールディングス,2026-07-28,1273.0,1276.0,1410.0,False,-9.5,0.47,0.55,,,,,2026-03-02,100.0,5.73,False,-1.49,True,False,4.09,-4.43,False,diverging,,-2.89,-1.5,,False,,,,,,,,,,,,2026-05-28,,0.71,0.04,0.48,7.66,10.22,10.22,-6.88,1.11,5.82
7444.T,ハリマ共和物産,2026-07-28,1985.0,1990.0,2199.0,False,-9.5,0.26,0.21,,,,,2026-02-12,111.0,3.49,True,0.35,True,True,3.39,-6.97,True,crossed,1.0,,,,False,,,False,,-9.73,1990.0,2199.0,2026-02-12,-9.5,False,2026-07-27,2026-04-13,,0.0,0.66,0.23,4.29,12.69,12.69,0.1,-4.15,4.14
1383.T,ベルグアース,2026-07-28,3035.0,3045.0,3365.0,False,-9.51,1.22,0.73,,,,,2025-04-24,306.0,2.74,False,-0.95,False,True,4.02,-9.63,False,imminent,,-1.71,,,False,,,,,,,,,,,,2026-05-08,,0.01,0.57,0.0,15.19,16.58,16.58,-8.17,-5.3,2.4
3944.T,古林紙工,2026-07-28,2651.0,2651.0,2930.0,False,-9.52,3.03,0.58,,,,,2026-02-09,113.0,31.3,True,9.19,True,True,5.85,-10.34,False,crossed,14.0,,,4.95,False,10.2,widening,False,,-6.69,2362.0,2841.0,2026-02-09,-16.86,False,2026-07-07,2026-04-06,,0.35,0.36,0.37,7.36,18.3,18.3,12.81,8.74,31.24
2411.T,ゲンダイエージェンシー,2026-07-28,463.0,465.0,514.0,False,-9.53,0.58,1.91,,,,,2026-01-23,124.0,12.93,False,-0.3,True,True,3.83,-6.49,False,crossed,2.0,,,,False,,,False,,-7.95,464.0,503.0,2026-01-23,-7.75,False,2026-07-24,2026-03-31,,0.03,0.5,0.22,6.79,12.72,12.72,-1.7,-7.58,13.2
3843.T,フリービット,2026-07-28,1564.0,1595.0,1763.0,False,-9.53,0.79,0.48,,,,,2025-08-19,228.0,15.85,True,0.72,False,True,4.76,-6.87,False,crossed,12.0,,,1.34,False,-1.61,widening,False,,-10.83,1562.0,1754.0,2026-01-15,-10.95,False,2026-07-09,2026-02-26,,0.65,0.21,0.16,8.74,20.42,22.01,5.04,-7.84,15.0
9360.T,鈴与シンワート,2026-07-28,2950.0,2985.0,3300.0,False,-9.55,0.3,0.57,,,,,2025-08-08,234.0,-3.91,False,-0.59,False,True,3.69,-5.6,False,imminent,,-0.22,,,False,,,,,,,,,,,,2026-03-03,,0.03,0.51,0.42,9.38,14.59,16.04,0.0,-7.23,-2.64
5632.T,三菱製鋼,2026-07-28,2119.0,2198.0,2430.0,False,-9.55,1.12,0.71,,,,,2026-06-23,24.0,31.37,True,9.7,True,False,9.15,-16.15,False,crossed,46.0,,,0.61,True,-10.06,widening,True,16.0,-2.31,2144.0,2169.0,2026-05-15,-1.15,False,2026-05-22,2026-04-02,,0.44,0.44,0.66,14.56,16.29,16.29,18.45,6.48,30.64
9478.T,ＳＥホールディングス・アンド・インキュベーションズ,2026-07-28,507.0,520.0,575.0,False,-9.57,1.28,1.55,,,,,2026-07-24,2.0,46.53,True,11.42,True,True,7.41,-4.77,False,,,,,,,,,,,,,,,,,,,,0.0,0.61,0.91,10.81,12.45,12.45,3.26,21.58,46.11
6396.T,宇野澤組鐵工所,2026-07-27,4250.0,4250.0,4700.0,False,-9.57,0.0,1.59,,,,,2026-02-16,108.0,41.76,True,7.84,True,True,8.28,-11.8,False,crossed,19.0,,,-1.5,False,3.48,widening,False,,-9.38,4000.0,4690.0,2026-03-03,-14.71,False,2026-06-29,2026-04-02,,0.38,0.28,0.49,3.75,21.96,21.96,14.09,2.78,42.62
7244.T,市光工業,2026-07-28,531.0,538.0,595.0,False,-9.58,0.71,0.96,,,,,2026-02-19,106.0,41.6,True,4.71,True,False,8.05,-14.04,False,diverging,,-1.24,-0.17,,True,,,,,,,,,,,,2026-07-13,,0.06,0.02,0.64,12.65,19.93,19.93,4.73,-0.93,40.48
3657.T,ポールトゥウィンホールディングス,2026-07-28,341.0,349.0,386.0,False,-9.59,1.36,1.05,,,,,2021-04-02,1299.0,-10.03,True,7.5,False,True,5.56,-11.04,False,crossed,19.0,,,2.79,False,2.8,widening,True,18.0,-0.87,323.0,344.0,2026-01-15,-6.1,False,2026-06-30,2026-02-09,,0.68,0.06,0.56,8.12,17.73,26.11,10.71,1.79,-8.33
9744.T,メイテックグループホールディングス,2026-07-28,3357.0,3361.0,3718.0,False,-9.6,0.84,0.93,,,,,2026-01-14,131.0,6.03,True,2.23,False,True,4.75,-4.94,False,crossed,6.0,,,1.56,False,2.12,widening,False,,-9.25,3259.0,3699.0,2026-01-15,-11.9,False,2026-07-17,2026-02-27,,0.48,0.55,0.08,6.25,18.92,19.71,6.91,-7.67,6.07
6424.T,高見沢サイバネティックス,2026-07-28,899.0,903.0,999.0,False,-9.61,1.33,0.56,,,,,2023-03-09,827.0,-8.27,False,-2.11,False,True,2.42,-4.84,False,imminent,,-0.64,,,False,,,,,,,,,,,,2026-03-18,,0.1,0.75,0.66,5.51,13.25,14.11,-0.77,-5.57,-8.27
7438.T,コンドーテック,2026-07-28,1560.0,1580.0,1748.0,False,-9.61,0.86,0.97,,,,,2025-10-28,181.0,2.03,True,1.94,False,True,4.29,-8.81,False,crossed,14.0,,,-2.11,False,-2.23,narrowing,False,,-2.56,1563.0,1601.0,2026-01-06,-2.37,False,2026-07-07,2025-11-18,,0.65,0.0,0.48,6.41,9.73,19.62,7.0,2.9,2.9
1941.T,中電工,2026-07-28,5040.0,5170.0,5720.0,False,-9.62,0.6,0.7,,,,,2026-06-26,21.0,45.88,True,8.06,True,True,7.54,-11.28,False,crossed,38.0,,,5.97,True,-1.16,widening,True,7.0,-1.95,4775.0,5140.0,2026-02-27,-7.1,False,2026-06-03,2026-05-20,,0.43,0.41,0.87,11.44,13.04,13.04,8.39,7.12,45.66
8075.T,神鋼商事,2026-07-28,2537.0,2588.0,2865.0,False,-9.67,0.88,0.79,,,,,2026-02-09,113.0,24.42,True,3.73,True,True,6.65,-17.23,False,crossed,25.0,,,-2.21,False,-0.39,narrowing,False,,-9.72,2448.0,2810.0,2026-02-12,-12.88,False,2026-06-22,2026-03-24,,0.59,0.27,0.27,6.78,18.93,18.93,11.37,-5.3,23.88
3302.T,帝国繊維,2026-07-28,3315.0,3410.0,3775.0,False,-9.67,0.79,0.87,,,,,2025-11-20,165.0,18.27,True,3.22,True,True,7.32,-9.18,False,crossed,41.0,,,2.39,False,-1.94,widening,True,1.0,0.0,3140.0,3315.0,2026-05-12,-5.28,False,2026-05-29,2026-01-08,,0.56,0.35,0.0,7.99,18.01,26.75,20.77,0.15,18.22
7751.T,キヤノン,2026-07-28,4475.0,4546.0,5033.0,False,-9.68,1.75,0.94,,,,,2024-12-24,385.0,11.6,True,0.1,False,True,4.83,-8.5,False,crossed,6.0,,,6.36,False,-0.68,narrowing,False,,-9.21,4466.0,4929.0,2026-02-10,-9.39,False,2026-07-17,2026-03-16,,0.57,0.34,0.0,6.72,18.75,18.75,11.21,-4.22,11.93
8050.T,セイコーグループ,2026-07-28,7430.0,7550.0,8360.0,False,-9.69,0.75,0.9,,,,,2026-06-30,19.0,255.5,True,40.03,True,True,25.3,-17.43,False,,,,,,,,,,,,,,,,,,,3ヶ月,0.74,0.69,0.92,10.69,22.19,22.19,22.61,95.78,251.72
2331.T,ＡＬＳＯＫ,2026-07-28,1192.5,1205.5,1335.0,False,-9.7,0.89,0.87,,,,,2026-04-08,74.0,14.94,True,1.8,False,True,7.38,-5.6,False,imminent,,-2.36,,,False,,,,,,,,,,,,2026-05-14,,0.11,0.45,0.02,13.16,19.32,19.32,-1.61,-3.13,14.61
3524.T,日東製網,2026-07-28,1465.0,1480.0,1639.0,False,-9.7,2.28,0.6,,,,,2024-03-29,568.0,3.31,False,-4.06,False,False,3.97,-7.74,False,imminent,,-2.1,,,False,,,,,,,,,,,,2026-04-01,,0.11,0.81,0.0,9.74,14.58,14.58,-5.54,-8.44,3.75
4540.T,ツムラ,2026-07-28,3916.0,3976.0,4403.0,False,-9.7,1.13,1.27,,,,,2024-10-08,438.0,9.2,True,1.88,True,True,5.35,-10.6,False,crossed,9.0,,,-0.72,False,-0.6,narrowing,False,,-7.55,3889.0,4236.0,2026-01-08,-8.19,False,2026-07-14,2026-03-16,,0.28,0.42,0.08,6.46,15.94,16.74,5.75,-5.18,9.35
6863.T,ニレコ,2026-07-28,2738.0,2799.0,3100.0,False,-9.71,0.9,1.03,,,,,2026-07-06,15.0,38.42,True,23.51,True,True,10.28,-14.59,False,crossed,47.0,,,3.67,True,2.63,narrowing,True,3.0,8.78,2450.0,2517.0,2026-05-18,-2.66,False,2026-05-21,2026-04-09,,0.72,0.62,0.67,12.44,15.87,15.87,32.78,25.77,40.19
6393.T,油研工業,2026-07-28,3020.0,3060.0,3390.0,False,-9.73,0.34,1.39,,,,,2026-02-12,111.0,10.34,False,-0.66,True,True,4.38,-9.04,False,crossed,3.0,,,,False,,,False,,-10.91,3035.0,3390.0,2026-02-12,-10.47,False,2026-07-23,2026-03-31,,0.03,0.65,0.05,8.16,17.37,17.37,0.94,-9.45,9.7
4644.T,イマジニア,2026-07-28,1049.0,1058.0,1172.0,False,-9.73,5.44,1.11,,,,,2025-09-12,210.0,5.11,False,-0.38,False,True,2.88,-7.45,False,crossed,14.0,,,0.0,False,-2.04,widening,False,,-4.9,1049.0,1103.0,2026-01-28,-4.9,False,2026-07-07,2026-04-01,3ヶ月,0.78,0.45,0.0,2.25,9.34,9.34,3.15,-3.94,5.32
9468.T,ＫＡＤＯＫＡＷＡ,2026-07-28,3555.0,3581.0,3967.0,False,-9.73,0.89,0.66,,,,,2024-12-13,392.0,-6.25,True,6.37,True,True,11.65,-11.38,False,crossed,7.0,,,-5.28,True,-4.29,narrowing,False,,-8.78,3675.0,3897.0,2026-04-03,-5.7,False,2026-07-16,2026-06-08,,0.16,0.24,0.01,15.54,20.25,28.1,-3.4,10.16,-4.87
7769.T,リズム,2026-07-28,3920.0,3940.0,4365.0,False,-9.74,0.62,0.91,,,,,2025-02-10,356.0,29.59,True,5.81,True,True,8.07,-19.82,False,crossed,22.0,,,1.06,False,0.48,widening,False,,-10.19,3775.0,4365.0,2026-02-27,-13.52,False,2026-06-25,2026-04-01,3ヶ月,0.85,0.21,0.38,5.31,22.34,22.34,14.79,-4.51,29.8
6964.T,サンコー,2026-07-28,682.0,685.0,759.0,False,-9.75,0.82,0.87,,,,,2026-02-25,103.0,22.0,True,5.2,True,True,6.27,-9.13,False,imminent,,-0.77,,,False,,,,,,,,,,,,2026-05-22,,0.1,0.04,0.71,9.93,12.47,12.47,-1.16,6.07,21.14
7087.T,ウイルテック,2026-07-28,1352.0,1358.0,1505.0,False,-9.77,0.76,1.13,,,,,2026-01-23,124.0,55.76,True,2.67,False,True,16.17,-5.81,False,crossed,14.0,,,-0.44,False,-1.89,widening,False,,-2.31,1350.0,1384.0,2026-01-21,-2.46,False,2026-07-07,2026-03-31,,0.69,0.18,0.29,3.34,8.17,9.71,4.56,-0.73,55.58
9928.T,ミロク情報サービス,2026-07-28,1829.0,1845.0,2045.0,False,-9.78,0.84,0.9,,,,,2026-01-07,135.0,0.72,True,1.03,False,True,4.73,-6.96,False,crossed,11.0,,,-0.22,False,-0.92,widening,False,,-9.63,1817.0,2024.0,2026-01-06,-10.23,False,2026-07-10,2026-02-19,,0.54,0.1,0.29,5.15,15.37,17.54,5.18,-6.97,0.72
7949.T,小松ウオール工業,2026-07-28,2760.0,2760.0,3060.0,False,-9.8,2.41,0.99,,,,,2026-02-27,101.0,16.31,True,4.74,False,True,6.81,-15.69,False,crossed,9.0,,,1.81,False,4.74,widening,False,,-9.8,2603.0,3060.0,2026-02-27,-14.93,False,2026-07-14,2026-03-31,,0.32,0.53,0.0,11.21,22.09,22.09,13.16,-6.5,16.31
8252.T,丸井グループ,2026-07-28,3027.0,3037.0,3367.0,False,-9.8,0.65,0.79,,,,,2025-09-11,211.0,2.26,True,0.1,False,True,5.5,-9.19,False,crossed,1.0,,,,False,,,False,,-6.31,2991.5,3231.0,2026-01-06,-7.41,False,2026-07-27,2026-02-16,,0.01,0.44,0.39,12.19,16.46,19.94,1.42,-1.05,1.46
8078.T,阪和興業,2026-07-28,1700.0,1738.0,1927.0,False,-9.81,0.64,0.75,,,,,2026-05-29,41.0,41.9,True,8.42,True,False,8.92,-13.43,False,crossed,54.0,,,1.33,True,-12.45,widening,True,10.0,-5.24,1728.0,1794.0,2026-02-27,-3.68,False,2026-05-12,2026-04-10,,0.0,0.19,0.87,13.26,15.94,15.94,3.98,6.78,42.38
5482.T,愛知製鋼,2026-07-28,3160.0,3170.0,3515.0,False,-9.82,0.87,0.75,,,,,2026-02-27,101.0,45.56,True,6.72,True,True,10.99,-19.86,False,crossed,25.0,,,-0.81,False,-2.09,narrowing,False,,-9.84,3100.0,3505.0,2026-02-27,-11.55,False,2026-06-22,2026-04-01,,0.66,0.17,0.38,6.52,24.02,24.02,17.43,-7.74,45.89
8097.T,三愛オブリ,2026-07-28,2333.0,2357.0,2614.0,False,-9.83,0.72,1.07,,,,,2026-04-08,74.0,21.07,True,6.26,True,True,7.13,-7.85,False,imminent,,-0.87,,,False,,,,,,,,,,,,2026-05-15,,0.01,0.28,0.24,12.69,20.99,20.99,3.09,5.37,20.82
4290.T,プレステージ・インターナショナル,2026-07-28,687.0,687.0,762.0,False,-9.84,1.43,0.8,,,,,2026-01-19,128.0,12.81,True,1.7,False,True,4.4,-5.71,False,imminent,,-0.53,,,False,,,,,,,,,,,,2026-02-26,,0.0,0.45,0.0,8.73,16.29,17.28,3.93,-7.16,10.63
3543.T,コメダホールディングス,2026-07-28,2902.0,2912.0,3230.0,False,-9.85,1.2,0.88,,,,,2025-09-26,202.0,-1.69,False,-0.99,False,True,4.44,-7.44,False,imminent,,-2.07,,,False,,,,,,,,,,,,2026-05-29,,0.23,0.15,0.42,12.93,15.55,16.99,-4.22,0.62,-1.12
4926.T,シーボン,2026-07-28,1235.0,1235.0,1370.0,False,-9.85,0.09,0.92,,,,,2026-02-25,103.0,8.71,False,-0.19,True,True,3.94,-7.72,False,crossed,6.0,,,-1.36,False,-2.09,narrowing,False,,-9.59,1250.0,1366.0,2026-02-26,-8.49,False,2026-07-17,2026-04-20,,0.38,0.5,0.18,3.92,12.15,12.15,2.07,-2.6,8.71
4014.T,カラダノート,2026-07-28,538.0,539.0,598.0,False,-9.87,0.9,0.36,,,,,,,2.87,True,19.96,True,True,7.5,-9.37,False,crossed,29.0,,,0.0,False,11.9,narrowing,True,13.0,7.6,461.0,500.0,2026-06-11,-7.8,False,2026-06-16,2026-01-29,3ヶ月,0.9,0.14,0.09,8.6,16.13,32.53,34.16,15.95,4.26
3607.T,クラウディアホールディングス,2026-07-28,356.0,364.0,404.0,False,-9.9,0.69,2.52,,,,,2026-06-30,19.0,-2.47,True,2.84,True,False,5.69,-8.45,False,,,,,,,,,,,,,,,,,,,,0.0,0.13,0.02,12.66,12.66,22.36,-5.57,-1.11,-3.52
2747.T,北雄ラッキー,2026-07-28,3135.0,3135.0,3480.0,False,-9.91,1.35,1.04,,,,,2026-02-17,108.0,1.79,False,-0.01,False,True,2.78,-6.66,False,crossed,15.0,,,-0.97,True,-0.4,narrowing,False,,-4.42,3080.0,3280.0,2026-01-09,-6.1,False,2026-07-06,2026-06-18,,0.07,0.21,0.19,3.26,8.4,8.96,2.45,-3.09,1.79
6445.T,ジャノメ,2026-07-28,1302.0,1336.0,1483.0,False,-9.91,0.77,0.92,,,,,2026-03-02,100.0,16.35,True,5.64,True,True,9.9,-15.32,False,crossed,20.0,,,7.21,False,-1.99,widening,False,,-12.15,1290.0,1482.0,2026-02-27,-12.96,False,2026-06-29,2026-04-20,,0.62,0.01,0.38,11.6,25.51,25.51,16.88,6.11,15.02
7938.T,リーガルコーポレーション,2026-07-28,2238.0,2243.0,2490.0,False,-9.92,0.47,0.97,,,,,2024-06-18,514.0,-6.98,False,-3.34,False,True,3.73,-7.1,False,imminent,,-0.64,,,False,,,,,,,,,,,,2026-03-18,,0.0,0.77,0.54,9.19,17.37,17.37,-0.67,-9.39,-6.79
5199.T,不二ラテックス,2026-07-28,1996.0,1997.0,2217.0,False,-9.92,0.31,0.89,,,,,2026-02-25,103.0,4.12,True,0.82,False,True,3.48,-4.99,False,imminent,,-0.04,,,False,,,,,,,,,,,,2026-04-16,,0.04,0.48,0.01,5.4,12.88,12.88,2.2,-0.3,2.78
7678.T,あさくま,2026-07-28,6270.0,6350.0,7050.0,False,-9.93,1.43,1.19,,,,,2026-05-29,41.0,43.64,True,19.96,True,True,8.07,-3.91,False,crossed,84.0,,,3.67,True,4.1,narrowing,True,0.0,21.04,5180.0,5180.0,2026-03-25,0.0,False,2026-03-25,2026-03-23,,0.26,0.84,0.85,16.64,16.64,16.64,15.47,28.75,43.48
4994.T,大成ラミックグループ,2026-07-28,2530.0,2548.0,2829.0,False,-9.93,0.74,0.59,,,,,2026-02-27,101.0,-0.32,False,-0.72,False,True,6.34,-11.37,False,crossed,9.0,,,1.74,False,0.97,narrowing,False,,-10.09,2474.0,2814.0,2026-02-27,-12.08,False,2026-07-14,2026-03-26,,0.41,0.45,0.36,9.23,23.45,23.45,7.16,-6.57,-0.47
2391.T,プラネット,2026-07-28,1216.0,1221.0,1356.0,False,-9.96,1.37,1.23,,,,,2026-02-25,103.0,-6.03,False,-1.85,False,True,1.61,-2.75,False,imminent,,-0.51,,,False,,,,,,,,,,,,2026-03-25,,0.1,0.61,0.41,5.09,13.28,13.28,-0.82,-5.52,-6.32
3816.T,大和コンピューター,2026-07-28,1138.0,1139.0,1265.0,False,-9.96,0.36,0.48,,,,,2024-03-01,587.0,-1.04,True,0.16,False,True,4.47,-6.46,False,imminent,,-0.4,,,False,,,,,,,,,,,,2026-05-26,,0.05,0.13,0.36,6.14,8.21,14.23,1.07,1.25,-1.73
4523.T,エーザイ,2026-07-28,4790.0,4816.0,5349.0,False,-9.96,0.79,0.82,,,,,2023-06-12,764.0,21.02,True,4.72,False,True,11.01,-15.0,False,imminent,,-0.82,,,False,,,,,,,,,,,,2026-05-18,,0.01,0.33,0.06,21.37,28.96,30.05,1.16,6.47,21.51
5576.T,オービーシステム,2026-07-28,2912.0,2917.0,3240.0,False,-9.97,0.63,2.17,,,,,2026-01-19,128.0,-1.12,True,3.6,True,True,5.82,-8.76,False,crossed,51.0,,,5.06,False,-5.65,widening,False,,-7.56,2789.0,3150.0,2026-01-19,-11.46,False,2026-05-15,2026-02-26,,0.29,0.13,0.05,7.37,19.62,20.88,4.19,-6.67,0.28
5464.T,モリ工業,2026-07-28,940.0,957.0,1063.0,False,-9.97,0.64,0.89,,,,,2024-04-15,557.0,6.94,False,-3.88,False,True,3.73,-7.54,False,imminent,,-0.01,,,False,,,,,,,,,,,,2026-03-04,,0.06,0.67,0.01,5.18,12.51,13.42,0.0,-10.22,6.46
7506.T,ハウス　オブ　ローゼ,2026-07-28,1399.0,1399.0,1554.0,False,-9.97,0.51,0.9,,,,,2026-01-16,129.0,2.12,True,1.13,False,True,1.98,-4.89,False,crossed,9.0,,,0.58,False,-0.65,widening,False,,-9.97,1390.0,1554.0,2026-01-16,-10.55,False,2026-07-14,2026-04-10,,0.52,0.33,0.0,1.82,6.05,13.13,3.32,-0.21,2.27
1960.T,サンテック,2026-07-28,1460.0,1507.0,1674.0,False,-9.98,0.9,0.86,,,,,2026-02-10,112.0,64.79,True,4.55,True,True,14.75,-14.3,False,crossed,11.0,,,-8.14,True,-5.78,widening,False,,-12.42,1524.0,1667.0,2026-02-10,-8.58,False,2026-07-10,2026-06-17,,0.02,0.0,0.61,17.37,20.94,20.94,4.96,-1.95,63.13
9536.T,西部ガスホールディングス,2026-07-28,2352.0,2371.0,2634.0,False,-9.98,0.7,1.01,,,,,2026-04-09,73.0,30.52,True,5.14,True,True,7.3,-12.14,False,imminent,,-0.38,,,False,,,,,,,,,,,,2026-05-12,,0.11,0.31,0.53,12.79,17.94,17.94,-4.78,1.91,29.37
9005.T,東急,2026-07-28,1801.0,1810.0,2011.0,False,-10.0,0.87,0.65,,,,,2026-03-02,100.0,7.39,True,1.49,False,True,7.59,-10.58,False,crossed,1.0,,,,False,,,False,,-9.9,1792.0,1999.0,2026-02-18,-10.36,False,2026-07-27,2026-04-23,,0.47,0.39,0.08,6.22,20.11,20.11,6.44,-0.3,8.69
9142.T,九州旅客鉄道,2026-07-28,3781.0,3793.0,4215.0,False,-10.01,0.84,0.96,,,,,2024-10-07,439.0,3.11,False,-0.81,False,True,5.0,-5.07,False,imminent,,-0.33,,,False,,,,,,,,,,,,2026-02-20,,0.0,0.73,0.43,8.21,17.94,18.66,3.42,-6.13,3.31
3028.T,アルペン,2026-07-28,2251.0,2256.0,2507.0,False,-10.01,0.87,0.66,,,,,2025-08-07,235.0,-3.8,True,3.73,False,True,5.13,-7.42,False,crossed,23.0,,,-1.37,False,6.49,widening,False,,-2.0,2045.0,2297.0,2026-01-05,-10.97,False,2026-06-24,2026-01-14,3ヶ月,0.83,0.11,0.7,5.63,15.64,24.28,12.78,0.76,-2.85
2702.T,日本マクドナルドホールディングス,2026-07-28,7900.0,7900.0,8780.0,False,-10.02,0.7,0.5,,,,,2026-05-13,53.0,35.97,True,10.35,True,True,6.03,-5.19,True,imminent,,-2.49,,,True,,,,,,,,,,,,2026-06-08,,0.28,0.08,0.69,17.35,17.35,17.35,-2.47,17.73,36.68
9983.T,ファーストリテイリング,2026-07-28,77980.0,79770.0,88690.0,False,-10.06,1.05,1.24,,,,,2026-07-08,13.0,76.67,True,17.86,True,True,11.13,-10.72,False,,,,,,,,,,,,,,,,,,,,0.47,0.8,0.94,13.29,13.29,13.29,11.26,28.15,73.6
5018.T,ＭＯＲＥＳＣＯ,2026-07-28,2103.0,2141.0,2381.0,False,-10.08,0.92,3.31,,,,,2026-07-13,10.0,69.6,True,21.49,True,True,10.97,-17.11,False,crossed,25.0,,,-0.53,False,7.59,narrowing,True,14.0,-4.32,1884.0,2198.0,2026-02-17,-14.29,True,2026-06-22,2026-04-15,,0.69,0.0,0.74,14.54,26.98,26.98,25.4,10.28,68.92
4286.T,ＣＬホールディングス,2026-07-28,1139.0,1168.0,1299.0,False,-10.08,0.92,0.6,,,,,2026-02-16,109.0,46.03,True,4.53,True,True,10.94,-13.17,False,imminent,,-0.9,,,True,,,,,,,,,,,,2026-06-23,,0.17,0.04,0.53,14.75,22.1,22.1,-0.78,5.95,47.73
6505.T,東洋電機製造,2026-07-28,2356.0,2387.0,2655.0,False,-10.09,0.95,2.72,,,,,2026-04-14,70.0,46.15,True,9.61,True,True,12.4,-11.84,False,,,,,,,,,,,,,,,,,,,,0.13,0.06,0.29,25.98,30.15,30.15,-4.11,16.52,25.32
8233.T,高島屋,2026-07-28,2276.5,2345.0,2608.5,False,-10.1,0.46,0.93,,,,,2026-06-26,21.0,102.63,True,17.65,True,True,12.39,-9.07,False,crossed,36.0,,,6.24,False,7.39,narrowing,True,13.0,-4.81,2004.0,2391.5,2026-02-12,-16.2,False,2026-06-05,2026-03-30,,0.77,0.23,0.78,14.07,26.99,26.99,22.85,19.38,102.27
5121.T,藤倉コンポジット,2026-07-28,2432.0,2489.0,2769.0,False,-10.11,1.28,0.59,,,,,2026-03-05,97.0,64.99,True,5.39,True,False,8.91,-12.47,False,crossed,22.0,,,-0.27,True,-8.92,widening,False,,-11.56,2575.0,2750.0,2026-03-06,-6.36,False,2026-06-25,2026-05-21,,0.05,0.09,0.81,9.25,14.51,14.51,-2.49,10.55,64.55
9896.T,ＪＫホールディングス,2026-07-28,1402.0,1437.0,1599.0,False,-10.13,0.76,1.05,,,,,2026-02-25,103.0,15.77,True,0.99,True,True,6.43,-8.72,False,crossed,16.0,,,0.9,False,-5.65,widening,False,,-10.42,1450.0,1565.0,2026-02-24,-7.35,False,2026-07-03,2026-04-21,,0.41,0.14,0.49,10.49,18.72,18.72,2.19,-6.47,16.16
7343.T,ブロードマインド,2026-07-28,1230.0,1258.0,1400.0,False,-10.14,0.27,0.65,,,,,2024-05-08,543.0,14.1,False,-1.29,False,True,6.57,-15.66,False,crossed,2.0,,,,False,,,False,,-11.7,1214.0,1393.0,2026-01-19,-12.85,False,2026-07-24,2026-03-31,,0.04,0.67,0.01,7.9,18.75,18.81,0.16,-10.22,13.99
7297.T,カーメイト,2026-07-28,884.0,885.0,985.0,False,-10.15,0.33,1.17,,,,,2026-02-27,101.0,4.74,True,1.23,True,True,4.94,-6.83,True,crossed,4.0,,,,False,,,False,,-8.87,875.0,970.0,2026-02-26,-9.79,False,2026-07-22,2026-04-07,,0.15,0.39,0.05,4.22,13.4,13.4,2.08,1.03,4.25
3034.T,クオールホールディングス,2026-07-28,2119.0,2160.0,2404.0,False,-10.15,0.99,1.19,,,,,2025-12-01,159.0,10.02,True,6.69,False,True,8.76,-8.94,False,crossed,29.0,,,-1.61,False,9.0,widening,False,,-2.08,1862.0,2164.0,2026-02-04,-13.96,False,2026-06-16,2026-01-28,3ヶ月,0.77,0.0,0.22,7.46,20.75,28.39,19.45,1.48,9.91
75505.T,ゼンショーホールディングス第１回社債型種類株式,2026-07-28,4941.0,4941.0,5500.0,False,-10.16,0.07,0.65,,,,,,,,,,,True,0.41,-0.93,False,,,,,,,,,,,,,,,,,,,,0.32,0.67,,2.1,5.04,,-0.58,-1.91,
2907.T,あじかん,2026-07-28,1518.0,1518.0,1690.0,False,-10.18,0.17,2.97,,,,,2026-07-10,11.0,22.62,True,11.33,True,True,4.85,-5.65,True,crossed,20.0,,,6.85,False,-0.9,narrowing,True,3.0,0.66,1488.0,1508.0,2026-03-27,-1.33,False,2026-06-29,2026-04-24,3ヶ月,0.79,0.18,0.64,11.22,13.4,13.4,12.78,10.48,20.29
4095.T,日本パーカライジング,2026-07-28,1662.0,1685.0,1876.0,False,-10.18,0.73,0.45,,,,,2026-06-17,28.0,26.87,True,11.0,True,True,6.1,-9.45,False,crossed,36.0,,,5.35,True,-8.44,widening,True,0.0,-2.24,1700.0,1700.0,2026-06-05,0.0,False,2026-06-05,2026-04-07,,0.53,0.38,0.67,12.17,12.17,12.17,15.26,9.34,26.1
5958.T,三洋工業,2026-07-28,4765.0,4850.0,5400.0,False,-10.19,13.58,1.15,,,,,2026-03-03,99.0,17.95,True,5.9,True,True,8.93,-14.95,False,crossed,9.0,,,-5.64,False,-1.82,narrowing,False,,-10.09,4790.0,5300.0,2026-03-06,-9.62,False,2026-07-14,2026-04-20,,0.37,0.22,0.28,12.01,23.3,23.3,3.14,2.36,18.24
5388.T,クニミネ工業,2026-07-28,1246.0,1257.0,1400.0,False,-10.21,0.21,2.26,,,,,2026-02-19,106.0,14.94,True,0.8,True,True,4.59,-5.23,True,crossed,9.0,,,-2.98,False,-3.72,narrowing,False,,-8.58,1277.0,1363.0,2026-02-12,-6.31,False,2026-07-14,2026-04-13,,0.26,0.51,0.54,4.55,11.37,11.37,0.0,-4.67,17.55
6230.T,ＳＡＮＥＩ,2026-07-28,2145.0,2168.0,2415.0,False,-10.23,0.84,1.3,,,,,2024-07-30,485.0,5.46,False,-0.81,True,True,4.3,-5.13,False,crossed,27.0,,,-0.64,False,-6.87,widening,True,11.0,-5.38,2199.0,2267.0,2026-01-14,-3.0,False,2026-06-18,2026-03-30,,0.58,0.02,0.47,7.3,8.27,11.22,-0.74,-5.09,5.46
7081.T,コーユーレンティア,2026-07-28,1331.0,1333.0,1485.0,False,-10.24,0.18,0.83,,,,,2025-12-22,144.0,24.04,True,3.41,True,True,4.9,-8.38,False,crossed,37.0,,,-0.38,False,-5.24,narrowing,False,,-5.74,1315.0,1412.0,2026-02-12,-6.87,False,2026-06-04,2026-03-24,,0.18,0.06,0.65,5.0,11.76,11.76,3.5,-3.41,24.04
7986.T,日本アイ・エス・ケイ,2026-07-28,1855.0,1857.0,2069.0,False,-10.25,0.52,0.77,,,,,2026-03-26,83.0,13.32,True,0.94,True,True,4.44,-5.9,True,imminent,,-0.78,,,False,,,,,,,,,,,,2026-05-22,,0.02,0.02,0.63,9.65,12.89,12.89,-2.01,3.92,13.32
3773.T,アドバンスト・メディア,2026-07-28,1061.0,1077.0,1200.0,False,-10.25,0.64,0.85,,,,,2025-06-26,264.0,-5.27,True,0.43,True,True,5.27,-13.0,False,crossed,6.0,,,-4.53,False,-6.74,widening,False,,-10.77,1127.0,1189.0,2026-07-07,-5.21,False,2026-07-17,2026-05-21,,0.21,0.0,0.0,19.11,24.06,25.58,-3.72,3.31,-4.5
4922.T,コーセーホールディングス,2026-07-28,5781.0,5833.0,6500.0,False,-10.26,0.69,0.95,,,,,2023-04-14,802.0,0.56,True,3.94,False,True,8.43,-12.78,False,imminent,,-1.7,,,False,,,,,,,,,,,,2026-05-11,,0.05,0.44,0.13,14.4,20.15,20.15,3.2,3.86,0.4
2384.T,ＳＢＳホールディングス,2026-07-28,4480.0,4575.0,5100.0,False,-10.29,0.72,0.98,,,,,2026-05-19,49.0,47.13,True,10.55,True,False,8.35,-11.57,False,diverging,,-1.46,-0.15,,True,,,,,,,,,,,,2026-07-08,,0.04,0.42,0.84,17.53,17.53,17.53,10.48,12.99,48.1
8150.T,三信電気,2026-07-28,2870.0,2937.0,3275.0,False,-10.32,0.66,0.71,,,,,2026-02-04,116.0,20.28,False,-1.69,True,True,6.88,-16.36,False,crossed,7.0,,,2.31,False,0.86,narrowing,False,,-12.37,2817.0,3275.0,2026-01-15,-13.98,False,2026-07-16,2026-03-13,,0.24,0.51,0.05,7.97,19.97,20.7,7.69,-11.56,19.53
7512.T,イオン北海道,2026-07-28,860.0,860.0,959.0,False,-10.32,0.61,0.97,,,,,2026-01-20,127.0,-3.48,False,-2.32,False,True,2.91,-4.62,False,imminent,,-0.38,,,False,,,,,,,,,,,,2026-03-13,,0.02,0.7,0.43,5.81,15.08,15.17,2.14,-9.38,-2.82
5918.T,瀧上工業,2026-07-28,7120.0,7120.0,7940.0,False,-10.33,1.79,1.81,,,,,2026-03-23,86.0,8.04,False,-1.52,False,False,3.33,-5.17,False,diverging,,-0.37,-0.01,,True,,,,,,,,,,,,2026-07-15,,0.07,0.05,0.02,4.97,7.7,13.21,0.28,-1.93,8.37
7628.T,オーハシテクニカ,2026-07-28,1150.0,1160.0,1294.0,False,-10.36,0.45,0.68,,,,,2026-02-12,111.0,10.42,True,1.27,False,True,6.75,-11.79,False,crossed,9.0,,,1.86,False,0.39,narrowing,False,,-10.44,1131.0,1284.0,2026-02-12,-11.92,False,2026-07-14,2026-03-26,,0.39,0.33,0.01,8.79,20.02,20.02,2.77,-6.58,8.95
7185.T,ヒロセ通商,2026-07-28,3880.0,3895.0,4345.0,False,-10.36,0.54,0.93,,,,,2024-07-17,494.0,-9.98,True,4.2,False,True,2.92,-4.34,False,crossed,12.0,,,0.13,True,-1.86,widening,True,3.0,-0.39,3885.0,3895.0,2026-07-07,-0.26,False,2026-07-09,2026-06-11,,0.37,0.49,0.16,3.28,3.66,20.95,2.24,5.15,-10.19
5992.T,中央発條,2026-07-28,3705.0,3765.0,4200.0,False,-10.36,1.06,2.29,,,,,2026-05-29,41.0,92.17,True,3.74,True,False,6.53,-7.63,False,,,,,,,,,,,,,,,,,,,,0.04,0.6,0.59,10.77,10.77,12.63,0.0,4.22,85.99
8844.T,コスモスイニシア,2026-07-28,1335.0,1355.0,1512.0,False,-10.38,0.49,1.66,,,,,2025-08-07,235.0,-5.59,True,9.6,False,True,6.6,-12.39,False,crossed,39.0,,,1.65,True,8.62,narrowing,True,20.0,4.05,1155.0,1283.0,2026-02-27,-9.98,False,2026-06-02,2026-05-25,,0.67,0.36,0.19,9.31,17.3,29.64,18.14,16.49,-2.2
2933.T,紀文食品,2026-07-28,1093.0,1097.0,1224.0,False,-10.38,0.88,0.86,,,,,2024-03-26,571.0,-0.18,True,2.13,False,True,2.92,-6.2,False,crossed,20.0,,,0.09,False,-0.29,narrowing,False,,-3.53,1065.0,1133.0,2026-02-12,-6.0,False,2026-06-29,2026-03-16,3ヶ月,0.85,0.1,0.48,2.49,10.15,16.21,6.12,-0.73,-0.55
4204.T,積水化学工業,2026-07-28,2713.5,2746.5,3065.0,False,-10.39,0.63,0.54,,,,,2026-02-18,107.0,6.16,True,2.71,False,True,8.0,-14.51,False,crossed,13.0,,,1.86,False,1.0,widening,False,,-11.12,2637.5,3053.0,2026-02-18,-13.61,False,2026-07-08,2026-04-02,3ヶ月,0.74,0.34,0.2,8.22,25.96,25.96,12.17,-3.57,6.35
5542.T,新報国マテリアル,2026-07-28,793.0,793.0,885.0,False,-10.4,0.34,0.86,,,,,2026-04-28,60.0,-4.0,True,0.42,True,False,6.2,-8.48,False,diverging,,-1.1,-0.04,,True,,,,,,,,,,,,2026-07-06,,0.38,0.11,0.09,7.47,10.13,12.79,-4.11,3.12,-2.82
3221.T,ヨシックスホールディングス,2026-07-28,3215.0,3270.0,3650.0,False,-10.41,1.43,1.57,,,,,2026-02-27,101.0,26.38,True,2.86,True,True,7.34,-6.87,False,imminent,,-1.01,,,False,,,,,,,,,,,,2026-05-12,,0.01,0.24,0.64,8.55,16.21,16.21,-1.83,-0.31,25.73
5079.T,ノバック,2026-07-28,2605.0,2633.0,2940.0,False,-10.44,0.57,0.74,,,,,2026-02-12,111.0,3.46,False,-3.53,False,True,4.71,-7.88,False,imminent,,-2.38,,,False,,,,,,,,,,,,2026-04-03,,0.05,0.68,0.1,16.25,18.31,18.31,-8.27,-8.27,2.8
2819.T,エバラ食品工業,2026-07-28,2521.0,2540.0,2836.0,False,-10.44,1.43,0.7,,,,,2023-03-10,826.0,-0.9,False,-0.12,False,True,3.83,-7.17,False,crossed,0.0,,,,False,,,False,,-9.93,2521.0,2799.0,2026-02-09,-9.93,False,2026-07-28,2026-04-06,,0.0,0.65,0.13,7.46,16.68,16.68,1.65,-3.63,-1.14
7097.T,さくらさくプラス,2026-07-28,2996.0,3000.0,3350.0,False,-10.45,1.12,1.29,,,,,2026-01-06,136.0,9.9,True,5.44,True,True,8.06,-10.45,False,crossed,61.0,,,2.91,False,-11.13,widening,False,,-8.52,2954.0,3275.0,2026-01-06,-9.8,False,2026-04-27,2026-02-26,,0.0,0.27,0.41,10.08,18.97,20.82,1.56,-5.93,9.26
4202.T,ダイセル,2026-07-28,1458.0,1484.5,1658.0,False,-10.46,1.34,0.8,,,,,2026-02-25,103.0,15.94,True,6.96,True,True,9.43,-25.25,False,crossed,24.0,,,5.75,False,8.65,narrowing,False,,-11.82,1296.5,1653.5,2026-02-19,-21.59,False,2026-06-23,2026-03-30,3ヶ月,0.83,0.12,0.0,8.95,31.06,31.06,21.15,-1.59,16.08
8291.T,日産東京販売ホールディングス,2026-07-28,557.0,565.0,631.0,False,-10.46,0.4,0.67,,,,,2026-06-23,24.0,10.52,True,5.56,True,False,3.7,-7.13,False,crossed,51.0,,,1.1,True,-8.05,widening,True,9.0,-0.89,546.0,562.0,2026-05-13,-2.85,False,2026-05-15,2026-04-03,,0.13,0.37,0.62,7.16,7.99,7.99,6.91,1.27,8.58
4714.T,リソー教育グループ,2026-07-28,202.0,205.0,229.0,False,-10.48,0.54,1.31,,,,,2025-01-08,378.0,-9.01,True,0.83,False,True,4.82,-12.44,False,crossed,12.0,,,-4.33,False,-4.62,narrowing,False,,-8.18,208.0,220.0,2026-01-16,-5.45,False,2026-07-09,2026-03-12,,0.27,0.2,0.59,5.74,11.32,17.54,3.59,-4.72,-8.18
7555.T,大田花き,2026-07-28,742.0,742.0,829.0,False,-10.49,0.12,2.13,,,,,2026-05-28,42.0,-0.4,False,-0.94,False,False,3.53,-8.38,False,diverging,,-1.11,-0.06,,True,,,,,,,,,,,,2026-07-09,,0.04,0.0,0.0,9.39,9.39,9.39,0.0,-1.46,-0.54
7864.T,フジシールインターナショナル,2026-07-28,3100.0,3115.0,3480.0,False,-10.49,0.47,0.9,,,,,2026-02-12,111.0,12.16,True,8.69,True,True,8.12,-10.42,False,crossed,25.0,,,0.53,False,5.24,widening,False,,-7.6,2837.0,3355.0,2026-02-10,-15.44,False,2026-06-22,2026-03-02,3ヶ月,0.87,0.03,0.06,6.02,26.2,26.2,23.65,-4.76,12.16
9445.T,フォーバルテレコム,2026-07-28,537.0,537.0,600.0,False,-10.5,0.52,0.39,,,,,2025-10-08,194.0,4.68,False,-4.34,False,True,3.15,-3.35,False,imminent,,-1.45,,,False,,,,,,,,,,,,2026-03-30,,0.35,0.78,0.06,7.65,12.63,13.21,-2.54,-5.62,5.29
7228.T,デイトナ,2026-07-28,3840.0,3875.0,4330.0,False,-10.51,0.6,0.67,,,,,2025-10-08,194.0,5.64,False,-0.57,False,True,3.71,-4.45,False,crossed,7.0,,,0.0,False,-1.28,widening,False,,-2.78,3850.0,3950.0,2026-03-02,-2.53,False,2026-07-16,2025-11-27,,0.22,0.14,0.21,6.68,9.87,15.24,0.66,0.0,5.49
4599.T,ステムリム,2026-07-28,293.0,298.0,333.0,False,-10.51,0.59,1.06,,,,,2023-04-13,803.0,-1.68,True,0.76,False,True,6.4,-9.57,False,crossed,13.0,,,0.66,True,-4.54,widening,False,,-10.4,301.0,327.0,2026-06-29,-7.95,False,2026-07-08,2026-05-29,,0.06,0.03,0.0,10.97,14.81,25.6,-3.3,2.81,-1.01
4929.T,アジュバンホールディングス,2026-07-28,739.0,740.0,827.0,False,-10.52,0.3,1.6,,,,,2025-07-07,257.0,-7.51,False,-2.96,False,True,3.22,-8.19,False,imminent,,-0.92,,,False,,,,,,,,,,,,2026-04-06,,0.14,0.76,0.14,4.02,12.45,12.99,-1.07,-6.34,-5.62
9110.T,ＮＳユナイテッド海運,2026-07-28,7480.0,7570.0,8460.0,False,-10.52,0.74,0.95,,,,,2026-05-07,57.0,90.09,True,10.41,True,False,9.91,-17.77,False,diverging,,-5.23,-0.46,,True,,,,,,,,,,,,2026-06-19,,0.39,0.05,0.76,23.23,23.23,23.23,5.8,6.86,92.29
8273.T,イズミ,2026-07-28,1032.0,1032.0,1153.3,False,-10.52,0.83,0.75,,,,,2023-09-26,691.0,-2.03,True,3.8,False,True,5.82,-11.91,False,crossed,3.0,,,,False,,,False,,-4.71,983.0,1083.0,2026-04-08,-9.23,False,2026-07-23,2026-05-01,,0.32,0.36,0.37,10.31,18.84,23.23,7.84,-2.33,0.19
7606.T,ユナイテッドアローズ,2026-07-28,2457.0,2466.0,2756.0,False,-10.52,0.55,0.99,,,,,2026-05-11,55.0,12.81,True,3.36,True,False,8.6,-9.86,False,diverging,,-1.12,-0.04,,True,,,,,,,,,,,,2026-07-01,,0.07,0.15,0.52,12.2,13.09,16.22,2.33,0.41,13.7
5261.T,リソルホールディングス,2026-07-28,7960.0,7990.0,8930.0,False,-10.53,0.65,0.77,,,,,2026-02-27,101.0,53.97,True,11.55,True,True,10.7,-20.49,False,crossed,12.0,,,-0.13,False,1.24,widening,False,,-10.86,7730.0,8930.0,2026-02-27,-13.44,False,2026-07-09,2026-04-14,,0.61,0.27,0.61,8.8,25.76,25.76,10.56,4.19,53.67
3861.T,王子ホールディングス,2026-07-28,883.0,886.2,990.7,False,-10.55,0.63,0.72,,,,,2026-02-26,102.0,16.58,True,4.47,True,True,7.24,-13.94,False,crossed,3.0,,,,False,,,False,,-10.62,869.2000122070312,987.9,2026-03-02,-12.02,False,2026-07-23,2026-04-02,,0.1,0.6,0.09,10.4,22.27,22.27,7.39,-3.75,17.7
3069.T,ＪＦＬＡホールディングス,2026-07-28,159.0,161.0,180.0,False,-10.56,1.55,0.63,,,,,2026-02-12,111.0,-6.47,True,1.1,False,True,5.86,-9.14,False,imminent,,-2.16,,,False,,,,,,,,,,,,2026-05-15,,0.19,0.45,0.0,16.09,18.44,18.44,-4.79,-1.24,-6.47
3198.T,ＳＦＰホールディングス,2026-06-29,2225.0,2225.0,2488.0,False,-10.57,0.0,1.04,,,,,2026-04-13,51.0,0.54,True,1.93,False,False,3.41,-4.44,False,diverging,,-1.18,-0.0,,True,,,,,,,,,,,,2026-06-17,,0.52,0.19,0.08,10.45,10.77,13.75,-4.09,6.46,0.18
3187.T,ミラタップ,2026-07-28,342.0,347.0,388.0,False,-10.57,0.31,2.0,,,,,2023-01-11,867.0,-1.72,True,26.67,False,True,15.67,-13.7,False,crossed,13.0,,,4.3,False,20.69,widening,True,0.0,22.58,279.0,279.0,2026-07-08,0.0,False,2026-07-08,2026-03-25,,0.55,0.0,0.55,12.16,19.13,38.96,36.8,27.61,-1.16
1430.T,ファーストコーポレーション,2026-07-28,1012.0,1029.0,1151.0,False,-10.6,0.33,1.04,,,,,2026-02-27,101.0,16.19,True,1.18,False,True,8.43,-14.85,False,,,,,,,,,,,,,,,,,,,,0.16,0.36,0.13,24.25,25.44,25.44,-7.24,-0.59,14.74
4612.T,日本ペイントホールディングス,2026-07-28,1207.5,1208.5,1352.0,False,-10.61,1.41,0.84,,,,,2025-08-08,234.0,-1.59,True,16.72,True,True,9.61,-16.52,False,crossed,28.0,,,-6.68,False,3.74,widening,False,,-2.5,1114.5,1238.5,2026-02-18,-10.01,False,2026-06-17,2026-03-31,,0.6,0.0,0.08,9.24,22.29,27.45,23.11,16.78,-1.11
7781.T,平山ホールディングス,2026-07-28,789.0,800.0,895.0,False,-10.61,0.37,2.36,,,,,2026-07-02,17.0,52.61,True,14.45,True,True,6.28,-6.77,True,crossed,18.0,,,5.61,True,2.71,narrowing,True,1.0,-3.43,749.0,817.0,2026-03-02,-8.32,False,2026-07-01,2026-05-12,,0.7,0.24,0.87,7.66,15.85,15.85,14.76,19.09,52.46
2163.T,アルトナー,2026-07-28,2014.0,2018.0,2258.0,False,-10.63,0.73,0.73,,,,,2026-01-07,135.0,2.91,True,1.0,True,True,3.03,-6.7,True,crossed,16.0,,,0.65,False,-2.24,narrowing,False,,-9.93,2012.0,2236.0,2026-01-07,-10.02,False,2026-07-03,2026-03-02,3ヶ月,0.73,0.19,0.0,2.57,13.69,15.43,5.67,-7.15,3.49
2587.T,サントリービバレッジ＆フード,2026-07-28,4819.0,4825.0,5399.0,False,-10.63,0.44,0.87,,,,,2026-02-12,111.0,7.38,True,3.37,False,True,4.53,-8.75,False,crossed,11.0,,,2.62,False,4.4,widening,False,,-8.12,4547.0,5245.0,2026-02-06,-13.31,False,2026-07-10,2026-03-13,,0.43,0.35,0.15,8.76,20.76,20.76,8.58,-3.89,8.17
5965.T,フジマック,2026-07-28,1169.0,1184.0,1325.0,False,-10.64,0.64,1.06,,,,,2026-04-16,68.0,19.41,True,2.5,True,True,4.66,-4.75,True,,,,,,,,,,,,,,,,,,,,0.33,0.0,0.55,12.14,15.26,15.26,-8.17,3.18,19.77
4847.T,インテリジェント　ウェイブ,2026-07-28,1009.0,1015.0,1136.0,False,-10.65,0.41,0.94,,,,,2024-02-13,599.0,-6.23,True,3.61,False,True,4.29,-5.98,False,crossed,0.0,,,,False,,,False,,-7.85,1009.0,1095.0,2026-05-12,-7.85,False,2026-07-28,2026-05-22,,0.0,0.1,0.55,17.08,17.08,19.36,2.85,3.49,-5.79
5884.T,クラダシ,2026-07-28,542.0,554.0,620.0,False,-10.65,1.02,0.79,,,,,2025-08-05,237.0,29.98,True,14.04,True,False,10.54,-14.34,False,crossed,109.0,,,0.0,False,-1.89,narrowing,True,0.0,19.38,454.0,454.0,2026-02-16,0.0,True,2026-02-16,2025-10-27,,0.12,0.84,0.14,12.9,12.9,39.35,5.24,28.44,31.55
9628.T,燦ホールディングス,2026-07-28,1474.0,1492.0,1670.0,False,-10.66,0.8,1.02,,,,,2025-08-07,235.0,-7.7,True,3.88,False,True,6.79,-12.08,False,crossed,8.0,,,-0.42,False,1.49,widening,False,,-3.53,1436.0,1528.0,2026-01-16,-6.02,False,2026-07-15,2026-03-27,,0.22,0.34,0.42,7.38,15.05,21.4,7.04,0.0,-6.47
1899.T,福田組,2026-07-28,3885.0,3975.0,4450.0,False,-10.67,0.94,0.83,,,,,2026-04-02,78.0,54.17,True,0.94,True,True,8.65,-10.62,False,,,,,,,,,,,,,,,,,,,,0.26,0.13,0.51,17.81,19.22,19.22,-4.55,-4.07,54.17
8125.T,ワキタ,2026-07-28,1888.0,1914.0,2143.0,False,-10.69,0.67,1.02,,,,,2026-02-25,103.0,10.47,True,1.32,False,True,5.53,-8.15,False,crossed,3.0,,,,False,,,False,,-11.49,1882.0,2133.0,2026-02-24,-11.77,False,2026-07-23,2026-03-30,,0.08,0.58,0.0,10.95,23.77,23.77,4.83,-6.81,10.15
6339.T,新東工業,2026-07-28,1131.0,1170.0,1310.0,False,-10.69,1.14,0.75,,,,,2026-05-29,41.0,29.26,True,3.74,True,False,12.52,-24.57,False,crossed,45.0,,,-2.53,False,-19.12,widening,True,3.0,-10.52,1263.0,1264.0,2026-05-22,-0.08,False,2026-05-25,2026-03-19,,0.2,0.1,0.43,12.26,24.57,24.57,15.17,-2.33,30.75
7299.T,フジオーゼックス,2026-07-28,1876.0,2009.0,2250.0,False,-10.71,5.02,1.32,,,,,2026-02-17,108.0,29.47,True,2.8,True,True,9.09,-17.05,False,crossed,0.0,,,,False,,,False,,-14.61,1876.0,2197.0,2026-03-02,-14.61,False,2026-07-28,2026-04-03,,0.09,0.62,0.21,11.46,27.81,27.81,6.89,-7.9,28.85
8934.T,サンフロンティア不動産,2026-07-28,2551.0,2576.0,2885.0,False,-10.71,0.53,0.82,,,,,2026-04-13,71.0,20.9,True,3.05,True,True,7.41,-11.62,False,imminent,,-0.83,,,False,,,,,,,,,,,,2026-05-21,,0.0,0.15,0.36,15.86,20.63,20.63,-3.48,1.59,22.0
9502.T,中部電力,2026-07-28,2866.5,2934.0,3286.0,False,-10.71,0.96,1.21,,,,,2026-07-09,12.0,57.5,True,12.7,True,True,7.55,-6.76,False,crossed,110.0,,,-1.7,True,-11.98,widening,True,4.0,8.54,2618.0,2641.0,2026-02-12,-0.87,False,2026-02-13,2026-02-04,6ヶ月・1年,0.61,0.78,0.93,11.91,11.91,11.91,10.19,25.15,56.68
8244.T,近鉄百貨店,2026-07-28,1863.0,1865.0,2089.0,False,-10.72,0.52,1.42,,,,,2023-09-14,698.0,3.21,True,2.61,False,True,4.74,-7.3,False,crossed,28.0,,,0.62,False,-0.24,narrowing,True,18.0,-1.22,1785.0,1886.0,2026-01-20,-5.36,False,2026-06-17,2025-11-10,3ヶ月,0.85,0.0,0.42,6.7,14.45,21.8,15.64,-1.06,1.25
9363.T,大運,2026-07-28,524.0,524.0,587.0,False,-10.73,0.78,0.75,,,,,2026-03-19,87.0,19.91,True,6.04,True,False,3.37,-3.68,False,crossed,31.0,,,-2.3,True,-4.8,widening,False,,-9.34,522.0,578.0,2026-03-18,-9.69,False,2026-06-12,2026-05-01,,0.23,0.14,0.76,7.51,16.96,16.98,7.38,6.29,21.02
7309.T,シマノ,2026-07-28,19205.0,19420.0,21755.0,False,-10.73,1.11,0.99,,,,,2024-08-20,471.0,-4.45,True,13.88,True,True,4.3,-4.93,False,crossed,15.0,,,-1.63,True,5.58,widening,True,14.0,2.15,17820.0,18800.0,2026-02-10,-5.21,False,2026-07-06,2026-06-08,,0.45,0.03,0.0,10.86,17.45,30.78,15.55,12.24,-4.43
8919.T,カチタス,2026-07-28,3320.0,3410.0,3820.0,False,-10.73,0.59,0.9,,,,,2026-05-15,51.0,35.68,True,4.89,True,False,11.42,-12.73,False,diverging,,-1.42,-0.23,,True,,,,,,,,,,,,2026-07-10,,0.07,0.1,0.7,15.33,15.94,15.94,10.48,3.91,35.62
5932.T,三協立山,2026-07-28,650.0,657.0,736.0,False,-10.73,0.63,1.37,,,,,2026-02-12,111.0,5.69,True,0.85,False,True,5.86,-9.2,False,imminent,,-1.66,,,False,,,,,,,,,,,,2026-05-15,,0.04,0.37,0.1,9.7,17.24,17.24,-2.69,-0.46,7.62
4350.T,メディカルシステムネットワーク,2026-07-28,489.0,498.0,558.0,False,-10.75,1.01,1.05,,,,,2026-04-02,78.0,1.45,False,-3.15,True,False,3.65,-7.44,False,imminent,,-2.68,,,False,,,,,,,,,,,,2026-05-14,,0.08,0.43,0.06,12.43,17.48,17.48,-5.23,-5.05,2.52
6592.T,マブチモーター,2026-07-28,1661.5,1702.0,1907.0,False,-10.75,1.04,0.83,,,,,2026-03-02,100.0,56.6,True,9.47,True,True,10.23,-14.92,False,crossed,12.0,,,-0.37,False,0.67,narrowing,False,,-11.86,1622.5,1885.0,2026-03-02,-13.93,False,2026-07-09,2026-05-01,,0.45,0.0,0.76,7.84,21.78,21.78,3.84,12.0,55.57
3388.T,明治電機工業,2026-07-28,2183.0,2245.0,2516.0,False,-10.77,1.34,0.87,,,,,2026-02-12,111.0,17.18,False,-2.43,True,True,7.85,-19.66,False,crossed,11.0,,,1.48,False,-0.42,narrowing,False,,-13.03,2158.0,2510.0,2026-02-19,-14.02,False,2026-07-10,2026-03-26,,0.46,0.4,0.02,8.71,19.92,19.92,7.59,-10.64,17.18
3050.T,ＤＣＭホールディングス,2026-07-28,1545.0,1558.0,1746.0,False,-10.77,0.64,0.94,,,,,2026-02-24,104.0,12.2,False,-0.51,False,True,6.39,-10.79,False,imminent,,-0.03,,,False,,,,,,,,,,,,2026-03-30,,0.04,0.67,0.04,8.41,18.3,18.3,3.07,-6.08,11.63
8141.T,新光商事,2026-07-28,1579.0,1581.0,1772.0,False,-10.78,0.41,0.26,,,,,2026-05-11,55.0,66.56,True,25.53,True,True,9.49,-3.43,False,,,,,,,,,,,,,,,,,,,,0.03,0.8,0.8,14.66,14.66,14.66,4.09,44.86,66.74
3284.T,フージャースホールディングス,2026-07-28,1252.0,1258.0,1410.0,False,-10.78,0.69,0.95,,,,,2026-02-12,111.0,-4.86,False,-0.25,False,True,4.29,-10.46,False,crossed,7.0,,,-0.4,False,0.03,narrowing,False,,-10.89,1239.0,1405.0,2026-02-12,-11.81,False,2026-07-16,2026-03-17,,0.22,0.53,0.51,9.75,19.64,19.64,6.92,-6.64,-4.43
8081.T,カナデン,2026-07-28,2466.0,2516.0,2820.0,False,-10.78,1.21,1.15,,,,,2026-05-15,51.0,20.94,True,9.29,True,True,7.87,-13.25,False,crossed,58.0,,,8.0,True,-5.23,widening,True,1.0,4.4,2313.0,2362.0,2026-02-27,-2.07,False,2026-05-01,2026-04-02,,0.24,0.67,0.82,8.99,13.25,13.25,8.16,12.14,21.54
3360.T,シップヘルスケアホールディングス,2026-07-28,2507.0,2532.5,2839.0,False,-10.8,0.91,0.8,,,,,2026-02-09,113.0,22.68,True,3.55,True,True,8.28,-12.54,False,crossed,2.0,,,,False,,,False,,-11.04,2393.5,2818.0,2026-02-12,-15.06,False,2026-07-24,2026-03-18,,0.14,0.56,0.0,15.78,29.65,29.65,6.64,-6.54,21.88
3981.T,ビーグリー,2026-07-28,1220.0,1222.0,1370.0,False,-10.8,0.14,0.7,,,,,2024-12-16,391.0,-7.92,False,-2.89,False,False,3.79,-6.25,False,imminent,,-2.32,,,False,,,,,,,,,,,,2026-05-21,,0.62,0.56,0.51,8.86,10.26,14.14,-4.91,-2.87,-8.61
2820.T,やまみ,2026-07-28,4755.0,4870.0,5460.0,False,-10.81,0.63,0.83,,,,,2026-02-13,110.0,2.37,True,4.51,False,True,9.79,-17.68,False,crossed,27.0,,,-1.96,False,-6.27,widening,False,,-11.78,4845.0,5390.0,2026-02-18,-10.11,False,2026-06-18,2026-03-31,,0.72,0.04,0.01,15.27,34.14,34.14,14.58,-1.76,1.17
6151.T,日東工器,2026-07-28,1691.0,1730.0,1940.0,False,-10.82,1.17,0.48,,,,,2024-11-26,405.0,-8.1,False,-1.96,False,True,6.61,-13.88,False,crossed,17.0,,,-0.18,False,-3.13,widening,False,,-12.7,1702.0,1937.0,2026-01-16,-12.13,False,2026-07-02,2026-03-23,,0.42,0.4,0.32,6.58,18.21,18.59,4.51,-11.84,-8.0
4977.T,新田ゼラチン,2026-07-28,1291.0,1326.0,1487.0,False,-10.83,1.34,0.91,,,,,2026-02-26,102.0,45.71,True,5.67,True,True,9.89,-17.92,False,crossed,24.0,,,3.45,False,-2.71,widening,False,,-12.36,1277.0,1473.0,2026-02-25,-13.31,False,2026-06-23,2026-04-08,3ヶ月,0.81,0.03,0.69,5.68,21.86,21.86,7.23,0.23,42.81
6113.T,アマダ,2026-07-28,2694.0,2875.0,3224.0,False,-10.83,0.73,0.88,,,,,2026-05-15,51.0,67.28,True,15.35,True,False,13.37,-16.96,False,,,,,,,,,,,,,,,,,,,,0.19,0.73,0.87,15.81,18.77,18.77,6.52,33.43,67.12
2934.T,ジェイフロンティア,2026-07-28,1765.0,1828.0,2050.0,False,-10.83,0.65,3.35,,,,,2023-09-19,696.0,-7.35,True,15.66,False,True,12.06,-15.54,False,crossed,6.0,,,3.74,True,0.55,narrowing,True,5.0,-2.22,1740.0,1805.0,2026-07-15,-3.6,False,2026-07-17,2026-06-30,,0.0,0.49,0.09,17.67,17.67,39.48,5.06,21.89,-7.45
1926.T,ライト工業,2026-07-28,3850.0,3905.0,4380.0,False,-10.84,0.67,1.04,,,,,2026-02-27,101.0,33.4,True,3.48,True,False,8.7,-12.06,False,crossed,33.0,,,0.88,True,-8.71,widening,False,,-11.6,3975.0,4355.0,2026-02-27,-8.73,False,2026-06-10,2026-05-12,,0.01,0.08,0.81,7.02,12.97,12.97,1.58,5.91,34.15
9996.T,サトー商会,2026-07-28,2210.0,2210.0,2479.0,False,-10.85,0.11,1.5,,,,,2026-03-17,89.0,6.76,True,1.47,True,True,6.61,-8.28,False,imminent,,-1.34,,,False,,,,,,,,,,,,2026-04-17,,0.05,0.57,0.08,14.56,20.62,20.62,-2.3,-4.78,6.35
4021.T,日産化学,2026-07-28,7423.0,7762.0,8707.0,False,-10.85,0.77,1.02,,,,,2026-07-03,16.0,65.8,True,17.24,True,True,12.86,-15.65,False,,,,,,,,,,,,,,,,,,,,0.6,0.77,0.83,14.16,16.73,16.73,11.46,36.58,64.63
4262.T,ニフティライフスタイル,2026-07-28,1359.0,1363.0,1529.0,False,-10.86,0.63,0.33,,,,,2025-08-04,238.0,11.94,False,-1.87,False,False,4.12,-7.52,False,diverging,,-3.0,-1.83,,False,,,,,,,,,,,,2026-04-13,,0.59,0.64,0.0,12.65,13.54,14.98,-3.07,-1.88,13.25
4709.T,ＩＤホールディングス,2026-07-28,1129.0,1136.0,1274.5,False,-10.87,0.5,0.68,,,,,2025-07-31,240.0,-2.76,True,9.67,False,True,7.02,-12.83,False,crossed,48.0,,,-3.47,False,-0.48,narrowing,True,19.0,2.92,1037.0,1097.0,2026-01-13,-5.47,False,2026-05-20,2026-02-09,,0.58,0.38,0.29,7.74,17.35,30.37,27.43,6.56,-2.17
3768.T,リスクモンスター,2026-07-28,561.0,566.0,635.0,False,-10.87,1.73,0.67,,,,,2026-01-28,121.0,13.1,True,2.4,True,True,6.23,-6.62,True,crossed,1.0,,,,False,,,False,,-9.37,571.0,619.0,2026-02-10,-7.75,False,2026-07-27,2026-04-08,,0.06,0.33,0.6,11.63,14.05,14.05,-4.92,-1.06,12.65
7552.T,ハピネット,2026-07-28,3225.0,3235.0,3630.0,False,-10.88,1.04,0.68,,,,,2025-09-26,202.0,17.06,True,9.9,False,True,10.61,-15.64,False,crossed,19.0,,,3.82,False,4.37,widening,True,19.0,1.26,3010.0,3185.0,2026-02-27,-5.49,False,2026-06-30,2026-04-09,3ヶ月,0.74,0.02,0.28,7.59,20.85,29.58,20.11,12.02,17.92
8892.T,エスコン,2026-07-28,1120.0,1129.0,1267.0,False,-10.89,1.14,0.88,,,,,2026-01-07,135.0,8.0,True,1.52,True,True,6.02,-6.47,True,imminent,,-1.47,,,True,,,,,,,,,,,,2026-06-08,,0.27,0.36,0.36,12.42,14.27,15.99,-1.41,-8.65,8.84
7443.T,横浜魚類,2026-07-28,640.0,646.0,725.0,False,-10.9,0.43,1.97,,,,,2026-03-06,96.0,7.2,True,0.29,True,True,5.58,-15.02,False,crossed,13.0,,,-1.71,False,-2.66,widening,False,,-11.11,645.0,720.0,2026-02-26,-10.42,False,2026-07-08,2026-04-13,,0.51,0.37,0.24,4.54,15.28,15.28,0.16,-1.84,7.93
4409.T,東邦化学工業,2026-07-28,735.0,736.0,826.0,False,-10.9,0.33,2.04,,,,,2025-07-07,257.0,-10.15,False,-1.65,False,True,3.36,-8.39,False,crossed,3.0,,,,False,,,False,,-7.89,743.0,798.0,2026-03-26,-6.89,False,2026-07-23,2026-04-24,,0.06,0.41,0.45,4.51,9.77,13.33,-0.68,-2.0,-10.37
9969.T,ショクブン,2026-07-28,236.0,237.0,266.0,False,-10.9,0.49,0.75,,,,,2026-03-23,86.0,-4.45,False,-3.9,False,True,3.06,-8.43,False,crossed,3.0,,,,False,,,False,,-10.94,237.0,265.0,2026-03-18,-10.57,False,2026-07-23,2026-04-07,,0.09,0.67,0.32,6.33,16.23,16.23,0.0,-8.17,-4.07
6485.T,前澤給装工業,2026-07-28,1566.0,1592.0,1787.0,False,-10.91,0.55,0.97,,,,,2026-01-16,129.0,24.88,True,1.68,True,True,6.76,-11.09,False,crossed,7.0,,,-0.52,False,-0.12,narrowing,False,,-11.43,1552.0,1768.0,2026-01-15,-12.22,False,2026-07-16,2026-04-03,,0.25,0.53,0.18,11.51,21.37,22.17,4.54,-8.21,24.98
6870.T,日本フェンオール,2026-07-28,2431.0,2538.0,2849.0,False,-10.92,1.19,1.56,,,,,2026-07-01,18.0,45.05,True,18.36,True,True,8.62,-14.67,False,,,,,,,,,,,,,,,,,,,,0.46,0.85,0.84,15.25,15.25,15.25,23.09,33.06,43.17
4197.T,アスマーク,2026-07-28,2303.0,2333.0,2619.0,False,-10.92,0.53,0.27,,,,,2024-02-20,594.0,-4.16,False,-2.35,False,True,2.94,-5.96,False,imminent,,-2.15,,,True,,,,,,,,,,,,2026-06-04,,0.29,0.28,0.55,10.13,10.13,17.68,-2.87,-2.37,-3.72
8278.T,フジ,2026-07-28,2053.0,2053.0,2305.0,False,-10.93,1.32,1.01,,,,,2026-04-09,73.0,1.63,True,0.52,False,True,2.62,-2.48,False,imminent,,-2.29,,,False,,,,,,,,,,,,2026-05-25,,0.21,0.35,0.0,10.71,17.72,17.72,0.05,-2.93,1.73
6183.T,ベルシステム２４ホールディングス,2026-07-28,1375.0,1385.0,1555.0,False,-10.93,0.97,1.69,,,,,2026-04-28,60.0,7.42,False,-2.05,True,False,3.4,-5.01,False,diverging,,-3.54,-1.78,,True,,,,,,,,,,,,2026-06-05,,0.67,0.32,0.33,13.95,13.95,13.95,-7.16,-5.5,8.18
1897.T,金下建設,2026-07-28,3085.0,3130.0,3515.0,False,-10.95,0.86,1.21,,,,,2026-04-28,60.0,12.1,False,-1.37,True,True,4.41,-5.52,False,imminent,,-2.7,,,True,,,,,,,,,,,,2026-06-02,,0.48,0.26,0.57,14.22,14.22,14.22,-9.53,0.49,10.18
6246.T,テクノスマート,2026-07-28,1850.0,1887.0,2119.0,False,-10.95,0.77,0.95,,,,,2025-09-22,205.0,13.57,False,-4.77,False,True,5.03,-7.99,False,crossed,7.0,,,-0.85,False,-2.62,widening,False,,-11.86,1880.0,2099.0,2026-02-06,-10.43,False,2026-07-16,2026-03-19,,0.08,0.56,0.01,11.04,18.2,18.2,-0.38,-10.45,13.92
5974.T,中国工業,2026-07-28,862.0,862.0,968.0,False,-10.95,1.65,0.68,,,,,2026-01-08,134.0,59.63,True,11.8,True,True,6.74,-8.05,False,crossed,11.0,,,-0.7,True,-0.88,narrowing,False,,-10.95,856.0,968.0,2026-01-08,-11.57,False,2026-07-10,2026-05-19,,0.23,0.01,0.77,11.88,16.78,22.62,1.41,-3.47,59.63
7481.T,尾家産業,2026-07-28,2533.0,2560.0,2875.0,False,-10.96,0.84,0.46,,,,,2026-02-16,109.0,18.25,True,3.99,True,True,6.57,-8.99,False,crossed,20.0,,,-1.01,False,-7.87,widening,False,,-11.03,2665.0,2847.0,2026-02-13,-6.39,False,2026-06-29,2026-04-15,3ヶ月,0.7,0.12,0.53,5.13,21.25,21.25,7.42,-1.48,18.36
4299.T,ハイマックス,2026-07-28,1224.0,1227.0,1378.0,False,-10.96,1.03,0.8,,,,,2026-03-11,93.0,2.26,False,-0.55,False,True,4.81,-9.6,False,crossed,7.0,,,-1.72,False,-0.78,narrowing,False,,-11.18,1221.0,1378.0,2026-03-11,-11.39,False,2026-07-16,2026-04-03,,0.28,0.56,0.05,6.75,18.8,18.8,4.17,-6.49,2.77
246A.T,アスア,2026-07-28,1086.0,1086.0,1220.0,False,-10.98,0.09,0.68,,,,,2026-02-19,106.0,44.61,True,28.45,True,False,19.16,-19.65,False,crossed,108.0,,,2.94,False,1.64,narrowing,True,0.0,22.71,885.0,885.0,2026-02-17,0.0,False,2026-02-17,2025-08-27,,0.34,0.59,0.56,11.26,13.04,26.87,9.7,72.11,46.16
3953.T,大村紙業,2026-07-28,782.0,784.0,881.0,False,-11.01,0.11,1.72,,,,,2024-01-26,610.0,-3.1,False,-1.11,False,True,4.63,-11.34,False,crossed,5.0,,,2.22,False,1.47,,False,,-10.42,765.0,873.0,2026-02-27,-12.37,False,2026-07-21,2026-04-01,,0.1,0.52,0.32,6.24,15.69,15.69,-0.38,-5.21,-4.05
7463.T,アドヴァングループ,2026-07-28,923.0,938.0,1054.0,False,-11.01,0.83,0.64,,,,,2026-02-26,102.0,10.94,False,-0.19,True,True,5.05,-9.46,False,imminent,,-1.66,,,False,,,,,,,,,,,,2026-05-18,,0.13,0.44,0.23,8.77,15.72,15.72,-3.35,-7.88,11.34
5942.T,日本フイルコン,2026-07-28,622.0,636.0,715.0,False,-11.05,0.46,2.83,,,,,2026-07-01,18.0,24.15,True,7.36,True,True,4.7,-7.32,True,crossed,13.0,,,1.69,True,-6.49,widening,False,,-13.01,652.0,715.0,2026-07-01,-8.81,False,2026-07-08,2026-06-05,,0.26,0.39,0.72,13.01,13.54,13.54,1.63,8.36,23.41
2286.T,林兼産業,2026-07-28,901.0,910.0,1023.0,False,-11.05,0.37,0.79,,,,,2026-03-18,88.0,67.47,True,9.68,True,True,5.59,-3.12,True,crossed,2.0,,,,False,,,False,,-11.84,904.0,1022.0,2026-03-18,-11.55,False,2026-07-24,2026-05-26,,0.03,0.08,0.79,10.28,18.88,18.88,-0.44,17.47,67.78
7522.T,ワタミ,2026-07-28,955.0,957.0,1076.0,False,-11.06,0.76,0.89,,,,,2025-04-22,308.0,-4.6,True,0.88,False,True,3.44,-5.73,False,imminent,,-0.66,,,False,,,,,,,,,,,,2026-05-20,,0.0,0.22,0.25,6.93,13.63,16.09,1.27,-1.34,-4.31
6568.T,神戸天然物化学,2026-07-28,1259.0,1261.0,1418.0,False,-11.07,0.11,0.59,,,,,2026-01-21,126.0,15.19,True,3.62,True,True,5.95,-8.83,False,crossed,23.0,,,-0.15,True,-8.13,widening,False,,-8.1,1319.0,1370.0,2026-02-26,-3.72,False,2026-06-24,2026-05-22,,0.21,0.08,0.68,12.77,17.23,17.23,-1.79,-0.79,16.04
6279.T,瑞光,2026-07-28,911.0,924.0,1039.0,False,-11.07,0.46,0.66,,,,,2024-02-15,597.0,-6.47,False,-3.53,False,True,4.25,-11.6,False,crossed,21.0,,,-1.87,False,-2.81,widening,False,,-12.32,908.0,1039.0,2026-01-16,-12.61,False,2026-06-26,2026-03-03,,0.33,0.36,0.52,5.04,17.15,18.19,5.81,-11.12,-4.51
3788.T,ＧＭＯグローバルサイン・ホールディングス,2026-07-28,2176.0,2240.0,2519.0,False,-11.08,0.87,0.98,,,,,2020-10-15,1413.0,0.51,True,2.33,False,True,7.32,-9.55,False,crossed,14.0,,,1.02,False,-1.44,widening,False,,-9.22,2163.0,2397.0,2026-01-16,-9.76,False,2026-07-07,2026-02-05,,0.56,0.04,0.29,8.52,21.4,25.73,12.28,-6.21,3.18
9979.T,大庄,2026-07-28,1112.0,1123.0,1263.0,False,-11.08,0.75,0.68,,,,,2025-08-20,227.0,-2.63,False,-0.28,False,True,4.69,-10.49,False,crossed,23.0,,,-1.56,False,-1.47,widening,False,,-7.79,1089.0,1206.0,2026-02-20,-9.7,False,2026-06-24,2026-03-12,3ヶ月,0.72,0.28,0.57,5.23,15.84,19.25,9.56,-4.79,-2.97
6652.T,ＩＤＥＣ,2026-07-28,3280.0,3370.0,3790.0,False,-11.08,1.3,0.85,,,,,2026-05-14,52.0,43.29,True,8.95,True,True,8.29,-10.38,False,imminent,,-0.58,,,True,,,,,,,,,,,,2026-06-30,,0.2,0.32,0.86,16.82,16.82,16.82,1.86,9.77,43.29
3109.T,シキボウ,2026-07-28,1037.0,1040.0,1170.0,False,-11.11,0.99,0.85,,,,,2026-02-12,111.0,4.85,False,-1.12,True,True,4.23,-8.58,False,imminent,,-0.46,,,False,,,,,,,,,,,,2026-04-10,,0.02,0.62,0.1,7.81,14.94,14.94,-3.53,-4.95,4.85
5986.T,モリテック　スチール,2026-07-28,244.0,248.0,279.0,False,-11.11,0.57,1.17,,,,,2026-03-24,85.0,25.77,True,11.97,True,True,7.18,-6.53,False,crossed,7.0,,,0.42,True,1.07,widening,False,,-6.51,239.0,261.0,2026-02-17,-8.43,False,2026-07-16,2026-07-01,,0.12,0.21,0.53,8.98,18.01,18.01,6.09,22.0,25.13
7254.T,ユニバンス,2026-07-28,798.0,813.0,915.0,False,-11.15,0.09,1.01,,,,,2026-03-11,93.0,60.89,True,2.77,True,True,11.34,-8.02,False,imminent,,-0.54,,,False,,,,,,,,,,,,2026-04-15,,0.0,0.52,0.44,10.4,21.77,21.77,0.38,-1.85,59.92
6209.T,リケンＮＰＲ,2026-07-28,3990.0,4060.0,4570.0,False,-11.16,1.16,1.0,,,,,2026-02-27,101.0,62.86,True,7.68,True,True,10.43,-18.51,False,crossed,20.0,,,1.28,False,-1.0,narrowing,False,,-12.6,3915.0,4565.0,2026-02-27,-14.24,False,2026-06-29,2026-04-17,,0.15,0.0,0.79,7.19,19.06,19.06,4.59,6.4,62.59
4431.T,スマレジ,2026-07-28,3165.0,3225.0,3630.0,False,-11.16,1.16,0.73,,,,,2025-08-05,237.0,-3.51,True,19.85,False,True,10.67,-14.36,False,crossed,29.0,,,1.0,True,21.8,widening,False,,-1.56,2500.0,3215.0,2026-01-19,-22.24,False,2026-06-16,2026-06-02,,0.79,0.15,0.47,14.95,30.57,44.0,26.5,8.24,-6.5
7164.T,全国保証,2026-07-28,3157.0,3182.0,3582.0,False,-11.17,0.61,0.75,,,,,2025-09-11,211.0,-0.38,True,1.54,False,True,3.6,-5.93,False,crossed,1.0,,,,False,,,False,,-3.25,3133.0,3263.0,2026-04-21,-3.98,False,2026-07-27,2026-05-19,,0.01,0.23,0.43,13.17,14.1,20.62,-2.2,1.22,-0.44
9563.T,Ａｔｌａｓ　Ｔｅｃｈｎｏｌｏｇｉｅｓ,2026-07-28,299.0,302.0,340.0,False,-11.18,0.73,0.39,,,,,,,-10.75,True,1.78,False,True,3.6,-4.55,False,crossed,11.0,,,-1.34,True,-1.58,widening,False,,-5.97,299.0,318.0,2026-05-28,-5.97,False,2026-07-10,2026-07-02,,0.08,0.12,0.44,12.89,12.89,19.47,3.82,0.34,-10.48
4629.T,大伸化学,2026-07-28,1902.0,1998.0,2250.0,False,-11.2,3.2,0.96,,,,,2026-04-15,69.0,24.31,True,7.77,True,False,6.02,-9.21,False,diverging,,-4.41,-0.69,,True,,,,,,,,,,,,2026-06-29,,0.35,0.2,0.72,16.46,17.12,17.12,-4.95,10.39,24.56
2185.T,シイエム・シイ,2026-07-28,1882.0,1900.0,2140.0,False,-11.21,0.64,0.57,,,,,2026-02-10,112.0,24.06,True,5.01,True,True,4.68,-6.13,True,crossed,3.0,,,,False,,,False,,-3.98,1899.0,1960.0,2026-03-02,-3.11,False,2026-07-23,2026-05-25,,0.07,0.0,0.65,6.06,8.98,10.33,-0.9,5.91,24.88
4527.T,ロート製薬,2026-07-28,2388.5,2400.0,2703.0,False,-11.21,0.9,0.93,,,,,2023-09-15,697.0,15.5,False,-2.66,False,True,5.79,-4.53,False,crossed,2.0,,,,True,,,False,,-11.18,2350.0,2689.0,2026-01-23,-12.61,False,2026-07-24,2026-06-24,,0.0,0.13,0.0,11.12,16.29,16.29,0.29,-10.49,16.37
9265.T,ヤマシタヘルスケアホールディングス,2026-07-28,3520.0,3525.0,3970.0,False,-11.21,0.71,0.76,,,,,2026-04-06,76.0,33.13,True,4.34,True,True,7.82,-12.93,False,crossed,3.0,,,,False,,,False,,-9.4,3545.0,3885.0,2026-04-03,-8.75,False,2026-07-23,2026-04-30,,0.0,0.25,0.26,21.57,25.61,25.61,-1.26,5.71,32.88
7461.T,キムラ,2026-07-28,475.0,475.0,535.0,False,-11.21,0.12,2.23,,,,,2026-02-26,102.0,-4.62,False,-1.96,False,True,4.56,-12.88,False,crossed,12.0,,,-4.3,False,-4.4,widening,False,,-10.38,488.0,530.0,2026-02-25,-7.92,False,2026-07-09,2026-03-30,,0.53,0.45,0.42,5.3,16.42,16.42,2.37,-6.86,-4.23
8558.T,東和銀行,2026-07-28,1408.0,1441.0,1623.0,False,-11.21,0.47,1.58,,,,,2026-07-07,14.0,86.49,True,23.32,True,True,11.6,-19.58,False,crossed,48.0,,,1.83,True,2.66,narrowing,True,1.0,11.3,1257.0,1265.0,2026-02-12,-0.63,False,2026-05-20,2026-03-25,,0.58,0.5,0.82,17.19,21.74,21.74,36.17,18.22,87.48
4413.T,ボードルア,2026-07-28,2943.0,3045.0,3430.0,False,-11.22,0.54,1.38,,,,,2025-06-02,282.0,2.69,True,24.59,True,True,11.35,-13.59,False,crossed,63.0,,,-3.84,False,28.12,widening,True,18.0,22.17,2086.0,2409.0,2026-01-06,-13.41,True,2026-04-23,2025-09-16,,0.87,0.77,0.19,12.3,20.15,49.5,41.42,40.81,4.07
1979.T,大氣社,2026-07-28,4385.0,4510.0,5080.0,False,-11.22,0.94,0.88,,,,,2026-06-26,21.0,67.62,True,19.37,True,True,11.46,-16.18,False,crossed,47.0,,,5.67,True,-5.46,widening,True,0.0,3.66,4230.0,4230.0,2026-05-21,0.0,False,2026-05-21,2026-04-06,,0.62,0.63,0.87,11.68,16.18,16.18,28.22,22.32,68.07
2393.T,日本ケアサプライ,2026-07-28,3915.0,3990.0,4495.0,False,-11.23,0.77,0.39,,,,,2026-06-29,20.0,86.43,True,45.78,True,True,24.63,-8.85,False,crossed,34.0,,,11.54,False,-0.66,narrowing,True,0.0,5.1,3725.0,3725.0,2026-06-09,0.0,False,2026-06-09,2026-04-02,,0.77,0.55,0.51,12.53,16.66,16.66,70.07,63.74,86.7
9405.T,朝日放送グループホールディングス,2026-07-28,838.0,845.0,952.0,False,-11.24,0.72,0.92,,,,,2026-03-11,93.0,22.87,True,2.25,True,True,6.64,-9.01,False,imminent,,-0.92,,,False,,,,,,,,,,,,2026-05-08,,0.01,0.23,0.37,10.39,19.34,19.34,-0.36,-0.48,23.24
8103.T,明和産業,2026-07-28,910.0,924.0,1041.0,False,-11.24,1.17,0.76,,,,,2026-01-16,129.0,29.08,True,3.96,True,True,7.6,-17.03,False,crossed,41.0,,,-0.11,False,-4.1,widening,False,,-12.16,880.0,1036.0,2026-01-19,-15.06,False,2026-05-29,2026-03-13,,0.26,0.01,0.19,6.05,24.7,26.16,17.72,-10.43,30.75
7521.T,ムサシ,2026-07-27,2655.0,2689.0,3030.0,False,-11.25,0.49,0.88,,,,,2026-05-11,54.0,45.0,True,3.57,True,True,6.23,-5.11,True,imminent,,-2.46,,,True,,,,,,,,,,,,2026-06-08,,0.37,0.06,0.72,14.3,14.3,14.3,-5.72,6.16,47.83
8563.T,大東銀行,2026-07-28,1043.0,1068.0,1204.0,False,-11.3,0.66,1.12,,,,,2026-02-27,101.0,46.49,True,10.79,True,True,10.6,-19.85,False,crossed,1.0,,,,False,,,False,,-13.37,1067.0,1204.0,2026-02-27,-11.38,True,2026-07-27,2026-04-13,,0.1,0.25,0.66,7.55,21.68,21.68,8.87,9.56,46.08
6118.T,アイダエンジニアリング,2026-07-28,1186.0,1208.0,1362.0,False,-11.31,0.71,1.01,,,,,2026-05-15,51.0,33.86,True,4.2,True,True,9.11,-10.0,False,crossed,3.0,,,,True,,,False,,-11.69,1209.0,1343.0,2026-05-14,-9.98,False,2026-07-23,2026-06-12,,0.01,0.01,0.59,19.58,19.58,19.58,-0.92,-5.57,33.71
3003.T,ヒューリック,2026-07-28,1807.5,1857.0,2094.0,False,-11.32,1.17,0.91,,,,,2026-02-26,102.0,22.42,True,2.42,True,True,6.92,-11.58,False,imminent,,-0.21,,,False,,,,,,,,,,,,2026-04-15,,0.02,0.44,0.41,11.09,21.2,21.2,-1.5,1.15,23.34
166A.T,タスキホールディングス,2026-07-28,1078.0,1097.0,1237.0,False,-11.32,0.73,0.47,,,,,2026-06-25,22.0,57.6,True,25.83,True,True,13.43,-16.06,False,crossed,44.0,,,1.84,True,8.03,narrowing,True,3.0,15.42,926.0,934.0,2026-02-27,-0.86,False,2026-05-26,2026-04-07,,0.76,0.57,0.68,13.19,16.49,20.95,33.09,21.95,58.06
6533.T,Ｏｒｃｈｅｓｔｒａ　Ｈｏｌｄｉｎｇｓ,2026-07-28,1190.0,1196.0,1349.0,False,-11.34,0.24,0.28,,,,,2025-11-21,164.0,71.72,True,12.81,True,True,18.1,-11.86,False,crossed,21.0,,,-3.98,False,-6.55,widening,False,,-6.23,1232.0,1269.0,2026-01-30,-2.92,True,2026-06-26,2026-03-06,,0.56,0.0,0.5,8.88,24.35,27.27,14.75,1.62,73.72
7879.T,ノダ,2026-07-28,647.0,656.0,740.0,False,-11.35,0.54,0.85,,,,,2023-09-28,689.0,-3.14,False,-4.26,False,True,3.65,-4.84,False,imminent,,-1.15,,,False,,,,,,,,,,,,2026-04-06,,0.29,0.66,0.43,6.9,9.94,13.98,-4.29,-5.55,-2.85
4521.T,科研製薬,2026-07-28,3910.0,3940.0,4445.0,False,-11.36,0.78,0.95,,,,,2025-03-12,336.0,3.19,False,-1.74,False,False,4.54,-6.65,False,imminent,,-2.82,,,False,,,,,,,,,,,,2026-04-22,,0.48,0.67,0.1,11.01,15.22,15.22,-4.98,-6.9,2.89
300A.T,ＭＩＣ,2026-07-28,2965.0,2969.0,3350.0,False,-11.37,0.91,0.79,,,,,2026-02-12,111.0,30.04,True,3.4,True,True,11.6,-12.87,False,crossed,10.0,,,2.75,True,3.08,widening,False,,-10.15,2837.0,3300.0,2026-02-10,-14.03,False,2026-07-13,2026-06-23,,0.25,0.04,0.25,9.55,22.09,22.09,2.99,-5.27,36.89
9264.T,ポエック,2026-07-28,1707.0,1728.0,1950.0,False,-11.38,0.88,1.08,,,,,2025-07-31,240.0,-1.56,True,0.52,True,True,3.53,-7.39,False,crossed,8.0,,,-0.23,False,-1.33,widening,False,,-6.77,1710.0,1831.0,2026-01-14,-6.61,False,2026-07-15,2026-03-09,,0.12,0.25,0.24,7.85,12.29,16.85,2.22,-3.56,-0.18
2181.T,パーソルホールディングス,2026-07-28,269.3,270.6,305.4,False,-11.39,1.56,0.73,,,,,2025-08-08,234.0,-6.72,True,4.77,False,True,6.19,-7.62,False,crossed,35.0,,,2.14,False,5.1,narrowing,False,,-8.43,242.5,294.1,2026-01-07,-17.55,False,2026-06-08,2026-02-13,3ヶ月,0.71,0.01,0.51,6.5,20.11,26.39,13.77,-3.48,-6.27
3106.T,倉敷紡績,2026-07-28,9650.0,10260.0,11580.0,False,-11.4,1.21,1.18,,,,,2026-05-15,51.0,33.84,True,7.83,True,True,9.2,-16.32,False,crossed,60.0,,,3.74,True,-9.36,widening,True,9.0,-8.7,9370.0,10570.0,2026-02-09,-11.35,False,2026-04-28,2026-04-01,,0.01,0.21,0.69,22.51,22.51,22.51,6.04,3.43,32.19
254A.T,ＡＩフュージョンキャピタルグループ,2026-07-28,1263.0,1275.0,1439.0,False,-11.4,0.74,3.99,,,,,2025-02-13,354.0,-7.27,True,28.52,True,True,13.49,-14.32,False,crossed,11.0,,,-1.0,True,-4.35,widening,True,0.0,-2.77,1299.0,1299.0,2026-07-10,0.0,False,2026-07-10,2026-05-29,,0.56,0.41,0.06,10.41,22.44,36.13,27.32,41.43,-3.51
3166.T,ＯＣＨＩホールディングス,2026-07-28,1426.0,1428.0,1612.0,False,-11.41,0.49,0.67,,,,,2026-03-02,100.0,1.13,False,-1.12,True,True,4.05,-9.39,False,crossed,3.0,,,,False,,,False,,-11.54,1423.0,1612.0,2026-03-02,-11.72,False,2026-07-23,2026-04-16,,0.2,0.55,0.01,4.46,16.25,16.25,1.42,-5.06,1.42
3140.T,ＢＲＵＮＯ,2026-07-28,1004.0,1008.0,1138.0,False,-11.42,0.25,0.57,,,,,2025-08-15,230.0,0.4,False,-2.45,True,False,2.21,-2.9,False,diverging,,-2.68,-0.14,,True,,,,,,,,,,,,2026-07-09,,0.39,0.0,0.39,7.16,7.16,7.16,-4.38,-0.89,0.3
3834.T,朝日ネット,2026-07-28,639.0,643.0,726.0,False,-11.43,0.73,0.77,,,,,2025-09-26,202.0,-6.85,False,-3.79,False,True,3.21,-6.64,False,crossed,3.0,,,,False,,,False,,-10.25,636.0,712.0,2026-01-23,-10.67,False,2026-07-23,2026-03-09,,0.18,0.7,0.65,6.8,17.28,18.87,1.43,-9.75,-6.58
2449.T,プラップジャパン,2026-07-28,1075.0,1084.0,1224.0,False,-11.44,0.9,0.54,,,,,2026-01-13,132.0,5.29,False,-1.03,False,True,1.74,-1.76,False,imminent,,-0.48,,,False,,,,,,,,,,,,2026-02-19,,0.03,0.5,0.07,5.42,9.25,14.59,-1.19,-4.44,2.97
7896.T,セブン工業,2026-07-28,510.0,511.0,577.0,False,-11.44,0.64,0.71,,,,,2026-03-12,92.0,0.0,False,-1.7,False,True,2.88,-6.37,False,crossed,2.0,,,,False,,,False,,-10.84,508.0,572.0,2026-03-11,-11.19,False,2026-07-24,2026-04-17,,0.04,0.59,0.07,4.88,14.86,14.86,0.39,-4.67,0.0
6952.T,カシオ計算機,2026-07-28,1718.5,1769.5,1998.0,False,-11.44,0.68,0.68,,,,,2026-06-26,21.0,48.08,True,14.2,True,True,9.03,-10.85,False,,,,,,,,,,,,,,,,,,,,0.45,0.66,0.87,13.66,15.28,15.28,4.75,30.59,48.79
9506.T,東北電力,2026-07-28,1162.5,1171.5,1323.0,False,-11.45,0.77,1.11,,,,,2026-02-19,106.0,9.77,True,4.1,False,True,8.21,-9.69,False,crossed,4.0,,,,False,,,False,,-12.07,1140.5,1322.0,2026-02-19,-13.73,False,2026-07-22,2026-04-03,,0.21,0.34,0.02,14.99,25.6,25.6,3.01,-2.15,9.98
1878.T,大東建託,2026-07-28,3401.0,3407.0,3848.0,False,-11.46,0.74,0.82,,,,,2026-04-08,74.0,9.29,True,5.39,False,True,7.42,-11.36,False,,,,,,,,,,,,,,,,,,,,0.25,0.22,0.1,18.39,23.09,23.09,-3.27,10.89,9.36
6763.T,帝国通信工業,2026-07-28,2838.0,2904.0,3280.0,False,-11.46,1.4,0.91,,,,,2026-06-05,36.0,24.75,True,2.64,True,False,5.36,-7.66,False,,,,,,,,,,,,,,,,,,,,0.11,0.31,0.83,12.52,13.45,13.45,3.16,6.05,25.91
8065.T,佐藤商事,2026-07-28,2972.0,3010.0,3400.0,False,-11.47,0.65,0.88,,,,,2026-05-25,45.0,91.74,True,17.08,True,False,8.97,-13.18,False,,,,,,,,,,,,,,,,,,,,0.02,0.69,0.92,14.76,14.76,14.76,9.59,25.19,92.11
4052.T,フィーチャ,2026-07-28,321.0,355.0,401.0,False,-11.47,3.79,15.9,,,,,2026-07-27,1.0,-15.97,True,10.24,False,True,14.58,-13.18,False,,,,,,,,,,,,,,,,,,,,0.04,0.37,0.72,23.71,40.96,41.58,10.31,9.56,-15.53
7413.T,創健社,2026-07-28,2567.0,2567.0,2900.0,False,-11.48,0.41,1.23,,,,,2025-05-21,290.0,-1.57,False,-2.51,False,True,5.41,-12.11,False,crossed,11.0,,,0.96,False,-2.85,widening,False,,-11.33,2600.0,2895.0,2026-02-25,-10.19,False,2026-07-10,2026-04-03,,0.14,0.45,0.0,6.63,15.41,15.41,0.2,-8.84,0.08
5575.T,Ｇｌｏｂｅｅ,2026-07-28,1014.0,1100.0,1243.0,False,-11.5,0.95,13.81,,,,,2026-07-22,4.0,-10.82,True,44.56,False,True,18.88,-17.43,False,crossed,5.0,,,-6.72,True,-7.47,,True,0.0,-6.72,1087.0,1087.0,2026-07-21,0.0,False,2026-07-21,2026-06-22,,0.12,0.2,0.28,21.98,36.37,37.45,31.86,53.17,6.96
4245.T,ダイキアクシス,2026-07-28,678.0,685.0,774.0,False,-11.5,0.38,0.87,,,,,2026-02-27,101.0,0.15,False,-2.03,False,True,5.22,-5.44,False,imminent,,-1.05,,,False,,,,,,,,,,,,2026-05-14,,0.11,0.35,0.0,8.25,16.67,16.67,-3.14,-0.29,-0.29
8542.T,トマト銀行,2026-07-28,1645.0,1660.0,1876.0,False,-11.51,0.82,1.81,,,,,2026-02-12,111.0,32.45,True,7.46,True,True,6.26,-10.98,False,crossed,1.0,,,,False,,,False,,-11.7,1685.0,1863.0,2026-02-12,-9.55,False,2026-07-27,2026-04-06,,0.03,0.46,0.43,11.83,24.37,24.37,5.92,2.81,31.49
3154.T,メディアスホールディングス,2026-07-28,781.0,790.0,893.0,False,-11.53,0.57,0.52,,,,,2024-06-04,524.0,-11.65,False,-4.72,False,False,3.07,-5.9,False,diverging,,-3.57,-0.23,,True,,,,,,,,,,,,2026-07-10,,0.38,0.0,0.12,10.79,10.79,12.81,-5.56,-4.64,-10.74
7464.T,セフテック,2026-07-28,1557.0,1557.0,1760.0,False,-11.53,0.11,0.71,,,,,2023-07-26,733.0,-3.41,False,-4.15,False,False,2.92,-5.87,False,,,,,,,,,,,,,,,,,,,,0.68,0.77,0.28,7.43,13.04,13.04,-4.95,-5.69,-3.83
8871.T,ゴールドクレスト,2026-07-28,3350.0,3405.0,3850.0,False,-11.56,1.65,1.07,,,,,2026-05-15,51.0,-2.05,True,0.07,False,False,3.88,-8.95,False,imminent,,-1.65,,,True,,,,,,,,,,,,2026-06-24,,0.1,0.01,0.02,13.11,13.11,13.11,1.21,0.6,-1.76
5921.T,川岸工業,2026-07-28,4055.0,4095.0,4630.0,False,-11.56,0.29,0.59,,,,,2026-03-23,86.0,5.6,False,-5.11,False,False,3.77,-7.3,False,diverging,,-3.0,-2.4,,False,,,,,,,,,,,,2026-04-06,,0.52,0.82,0.21,9.29,13.32,14.92,-4.36,-8.88,4.65
8699.T,ＨＳホールディングス,2026-07-28,1165.0,1184.0,1339.0,False,-11.58,0.47,0.45,,,,,2026-02-05,115.0,10.01,False,-0.19,True,True,5.89,-7.64,False,crossed,12.0,,,-1.13,False,-0.87,widening,False,,-12.47,1155.0,1331.0,2026-02-03,-13.22,False,2026-07-09,2026-03-30,,0.22,0.68,0.27,6.25,16.38,16.38,3.28,-10.45,8.47
6395.T,タダノ,2026-07-28,1331.0,1371.0,1551.0,False,-11.61,0.71,0.82,,,,,2026-02-10,112.0,24.51,True,8.32,True,False,10.04,-10.86,False,diverging,,-2.56,-2.47,,False,,,,,,,,,,,,2026-05-28,,0.16,0.0,0.64,14.44,20.01,20.01,-3.83,14.35,24.98
6436.T,アマノ,2026-07-28,3716.0,4077.0,4614.0,False,-11.64,2.32,1.25,,,,,2025-07-25,244.0,-16.91,False,-5.45,False,True,3.95,-7.83,False,crossed,3.0,,,,False,,,False,,-12.87,3848.0,4265.0,2026-01-06,-9.78,False,2026-07-23,2026-02-06,,0.28,0.54,0.76,8.0,15.7,22.8,-2.08,-10.8,-17.42
7102.T,日本車輌製造,2026-07-28,3840.0,3910.0,4425.0,False,-11.64,1.67,1.41,,,,,2026-02-12,111.0,85.51,True,8.48,True,True,12.04,-19.18,False,crossed,0.0,,,,False,,,False,,-13.12,3840.0,4420.0,2026-02-12,-13.12,False,2026-07-28,2026-03-30,,0.0,0.51,0.39,16.96,30.2,30.2,9.56,-1.16,83.56
8151.T,東陽テクニカ,2026-07-28,1928.0,1972.0,2232.0,False,-11.65,1.22,0.62,,,,,2026-05-26,44.0,29.66,True,6.67,True,False,7.38,-12.61,False,crossed,48.0,,,13.1,True,-3.65,widening,True,4.0,-1.23,1824.0,1952.0,2026-02-12,-6.56,False,2026-05-20,2026-03-31,,0.17,0.35,0.8,13.05,14.75,14.75,7.65,5.7,28.7
2293.T,滝沢ハム,2026-07-28,2720.0,2730.0,3090.0,False,-11.65,0.98,1.14,,,,,2026-03-27,82.0,8.07,False,-1.23,True,True,3.43,-8.45,False,crossed,7.0,,,0.81,False,-0.95,widening,False,,-10.38,2718.0,3035.0,2026-03-27,-10.44,False,2026-07-16,2026-04-13,,0.22,0.59,0.18,3.75,13.74,13.74,0.0,-5.95,7.72
3577.T,東海染工,2026-07-28,940.0,940.0,1064.0,False,-11.65,0.33,4.04,,,,,2026-07-24,2.0,8.05,False,-0.28,True,False,3.97,-5.03,False,,,,,,,,,,,,,,,,,,,,0.41,0.81,0.35,8.34,10.06,10.06,-3.49,-5.34,7.92
4484.T,ランサーズ,2026-07-28,286.0,288.0,326.0,False,-11.66,0.48,0.52,,,,,2025-09-24,204.0,30.0,False,-1.93,False,True,9.81,-10.83,False,crossed,1.0,,,,False,,,False,,-10.06,287.0,318.0,2026-01-23,-9.75,False,2026-07-27,2026-04-01,,0.01,0.57,0.01,15.44,20.75,21.5,2.14,-9.21,31.19
417A.T,ブルーゾーンホールディングス,2026-07-28,1817.5,1818.0,2058.0,False,-11.66,0.97,1.04,,,,,2024-09-11,455.0,-5.8,True,3.39,False,True,7.83,-18.6,False,imminent,,-0.56,,,False,,,,,,,,,,,,2026-05-13,,0.08,0.29,0.05,6.08,13.01,22.8,2.25,2.33,-6.71
7634.T,星医療酸器,2026-07-27,5300.0,5300.0,6000.0,False,-11.67,0.36,1.93,,,,,2026-03-23,85.0,16.61,True,5.41,True,True,4.65,-7.01,True,imminent,,-0.76,,,False,,,,,,,,,,,,2026-05-15,,0.0,0.16,0.28,11.7,19.81,19.81,-0.75,4.33,16.48
9470.T,学研ホールディングス,2026-07-28,1020.0,1028.0,1164.0,False,-11.68,0.68,0.7,,,,,2025-11-28,160.0,8.4,False,-1.56,False,True,5.79,-7.31,False,crossed,10.0,,,0.79,False,-1.33,widening,False,,-8.27,1019.0,1112.0,2026-01-07,-8.36,False,2026-07-13,2026-02-03,,0.3,0.35,0.06,8.68,15.59,19.97,5.05,-4.14,8.28
4293.T,セプテーニ・ホールディングス,2026-07-28,504.0,514.0,582.0,False,-11.68,1.12,0.94,,,,,2026-05-28,42.0,17.21,True,13.92,True,False,14.32,-21.52,False,crossed,59.0,,,-2.14,False,7.62,narrowing,True,15.0,-1.37,421.0,511.0,2026-01-08,-17.61,False,2026-04-30,2026-02-18,,0.16,0.53,0.31,23.25,23.25,25.44,15.6,13.77,18.31
6370.T,栗田工業,2026-07-28,8291.0,8759.0,9919.0,False,-11.69,1.35,0.83,,,,,2026-06-19,26.0,47.5,True,9.83,True,True,11.95,-15.9,False,,,,,,,,,,,,,,,,,,,,0.22,0.6,0.89,13.3,17.71,17.71,6.35,13.33,47.68
7487.T,小津産業,2026-07-28,1775.0,1780.0,2016.0,False,-11.71,0.15,0.7,,,,,2026-04-09,73.0,7.32,False,-1.26,True,True,2.84,-7.85,False,imminent,,-2.26,,,True,,,,,,,,,,,,2026-06-02,,0.2,0.12,0.43,14.23,16.08,16.08,-6.43,-1.5,7.38
9466.T,アイドママーケティングコミュニケーション,2026-07-28,223.0,226.0,256.0,False,-11.72,0.33,0.68,,,,,2025-02-17,352.0,-10.8,False,-4.52,False,True,2.49,-4.47,False,imminent,,-1.52,,,False,,,,,,,,,,,,2026-04-08,,0.43,0.87,0.64,8.02,11.74,14.51,-4.29,-8.98,-10.44
3569.T,セーレン,2026-07-28,3200.0,3235.0,3665.0,False,-11.73,0.74,1.02,,,,,2026-03-02,100.0,34.68,False,-0.78,True,False,9.44,-15.13,False,,,,,,,,,,,,,,,,,,,,0.0,0.0,0.46,9.05,17.37,17.37,2.4,-1.69,34.45
8153.T,モスフードサービス,2026-07-28,3870.0,3910.0,4430.0,False,-11.74,0.8,0.74,,,,,2026-04-09,73.0,3.06,False,-3.79,False,True,4.87,-9.25,False,imminent,,-1.46,,,False,,,,,,,,,,,,2026-03-23,,0.02,0.69,0.07,13.21,21.14,21.14,-1.02,-9.58,3.48
8349.T,東北銀行,2026-07-28,1479.0,1503.0,1703.0,False,-11.74,0.94,1.13,,,,,2026-02-12,111.0,32.05,True,2.93,True,True,7.69,-14.79,False,imminent,,-0.12,,,False,,,,,,,,,,,,2026-04-02,,0.01,0.55,0.37,10.19,21.61,21.61,2.42,-4.02,31.47
4538.T,扶桑薬品工業,2026-07-28,2221.0,2233.0,2530.0,False,-11.74,0.28,0.68,,,,,2024-11-11,416.0,5.06,False,-0.42,False,True,5.68,-8.16,False,crossed,1.0,,,,False,,,False,,-11.8,2212.0,2518.0,2026-02-27,-12.15,False,2026-07-27,2026-04-16,,0.03,0.56,0.0,10.22,20.45,20.45,-0.4,-5.57,5.26
8366.T,滋賀銀行,2026-07-28,2612.0,2644.0,2996.0,False,-11.75,0.85,1.52,,,,,2026-07-10,11.0,114.8,True,45.51,True,True,9.21,-8.11,False,,,,,,,,,,,,,,,,,,,,0.88,0.87,0.9,12.07,12.83,12.83,39.75,62.03,117.67
6744.T,能美防災,2026-07-28,4395.0,4430.0,5020.0,False,-11.75,0.89,0.85,,,,,2026-05-26,44.0,16.42,True,7.56,True,False,10.69,-17.04,False,imminent,,-1.76,,,True,,,,,,,,,,,,2026-07-01,,0.05,0.09,0.45,17.21,17.21,18.57,12.55,9.19,16.12
9408.T,ＢＳＮメディアホールディングス,2026-07-28,2590.0,2590.0,2935.0,False,-11.75,0.95,1.6,,,,,2026-04-23,63.0,27.46,True,2.79,True,False,5.57,-7.5,False,diverging,,-4.25,-0.07,,True,,,,,,,,,,,,2026-07-08,,0.42,0.27,0.78,13.12,13.12,13.12,-8.48,10.45,23.27
4765.T,ＳＢＩグローバルアセットマネジメント,2026-07-28,585.0,593.0,672.0,False,-11.76,4.12,1.25,,,,,2024-02-29,588.0,-7.87,False,-1.93,False,False,3.77,-6.42,False,diverging,,-2.68,-0.05,,True,,,,,,,,,,,,2026-06-18,,0.54,0.61,0.41,11.52,13.59,16.97,-1.18,-7.87,-7.29
3123.T,サイボー,2026-07-28,645.0,645.0,731.0,False,-11.76,0.16,0.56,,,,,2026-02-18,107.0,23.8,True,2.56,True,True,6.3,-9.38,False,imminent,,-0.13,,,False,,,,,,,,,,,,2026-04-16,,0.02,0.13,0.49,7.21,16.44,16.44,2.22,1.57,17.49
6284.T,日精エー・エス・ビー機械,2026-07-28,8830.0,9070.0,10280.0,False,-11.77,0.89,0.93,,,,,2026-07-07,14.0,39.94,True,13.95,True,True,16.4,-19.98,False,crossed,111.0,,,26.67,False,9.14,narrowing,True,0.0,30.81,6750.0,6750.0,2026-02-12,0.0,False,2026-02-12,2025-11-04,,0.49,0.57,0.61,13.69,21.17,21.17,10.38,33.18,38.4
5185.T,フコク,2026-07-28,1856.0,1868.0,2118.0,False,-11.8,1.11,1.06,,,,,2026-02-12,111.0,9.43,False,-0.35,False,True,4.58,-11.41,False,crossed,11.0,,,-0.22,False,-1.15,widening,False,,-12.29,1848.0,2116.0,2026-02-12,-12.67,False,2026-07-10,2026-03-23,,0.54,0.52,0.0,4.94,18.19,18.19,4.8,-9.64,8.86
9336.T,大栄環境,2026-07-28,3805.0,3850.0,4365.0,False,-11.8,0.6,1.18,,,,,2026-05-15,51.0,27.05,False,-0.31,True,False,4.52,-5.28,False,imminent,,-1.16,,,True,,,,,,,,,,,,2026-06-25,,0.07,0.11,0.53,15.53,15.53,15.53,0.4,-7.31,26.83
2498.T,オリエンタルコンサルタンツホールディングス,2026-07-28,3175.0,3175.0,3600.0,False,-11.81,0.03,0.44,,,,,2025-08-26,223.0,23.06,True,2.7,False,True,10.94,-8.71,False,crossed,6.0,,,4.46,False,3.9,widening,False,,-4.51,3030.0,3325.0,2026-01-26,-8.87,False,2026-07-17,2026-03-11,,0.09,0.25,0.01,8.31,13.68,18.58,1.44,-1.55,23.06
1951.T,エクシオグループ,2026-07-28,2671.5,2697.0,3058.0,False,-11.81,1.0,0.83,,,,,2026-05-12,54.0,39.0,True,1.58,True,False,7.44,-10.84,False,diverging,,-3.59,-0.05,,True,,,,,,,,,,,,2026-07-01,,0.7,0.0,0.78,13.97,14.0,14.0,-6.87,-2.02,39.29
6797.T,名古屋電機工業,2026-07-28,1204.0,1208.0,1370.0,False,-11.82,2.62,1.18,,,,,2025-08-18,229.0,7.31,False,-0.73,False,True,6.79,-8.35,False,imminent,,-1.46,,,False,,,,,,,,,,,,2026-03-27,,0.42,0.67,0.11,10.48,13.71,14.62,-1.07,-5.2,6.17
3512.T,日本フエルト,2026-07-28,933.0,970.0,1100.0,False,-11.82,0.66,0.71,,,,,2026-03-11,93.0,100.65,True,12.84,True,True,12.08,-3.32,False,crossed,8.0,,,-1.59,False,-8.41,widening,False,,-12.97,1006.0,1072.0,2026-03-11,-6.16,True,2026-07-15,2026-05-15,,0.31,0.0,0.75,16.5,28.73,28.73,3.67,4.13,100.65
2796.T,ファーマライズホールディングス,2026-07-28,487.0,492.0,558.0,False,-11.83,0.54,1.02,,,,,2024-01-12,620.0,-1.81,False,-5.66,False,False,2.83,-6.13,False,diverging,,-3.91,-0.42,,True,,,,,,,,,,,,2026-06-12,,0.69,0.39,0.03,12.59,12.59,13.71,-7.06,-7.06,-1.22
7425.T,初穂商事,2026-07-28,1171.0,1210.0,1372.5,False,-11.84,0.31,3.02,,,,,2026-04-10,72.0,21.92,True,1.73,True,True,5.54,-7.2,True,imminent,,-1.07,,,True,,,,,,,,,,,,2026-06-10,,0.09,0.12,0.81,14.47,15.9,15.9,-10.13,-0.38,21.98
5658.T,日亜鋼業,2026-07-28,369.0,372.0,422.0,False,-11.85,0.58,1.52,,,,,2026-02-26,102.0,19.42,True,0.67,False,True,8.07,-11.81,False,imminent,,-0.51,,,False,,,,,,,,,,,,2026-04-06,,0.0,0.56,0.03,9.5,17.35,17.35,-2.64,-2.89,18.27
3374.T,内外テック,2026-07-28,2998.0,3200.0,3630.0,False,-11.85,1.32,0.85,,,,,2026-06-19,26.0,46.74,True,16.84,True,True,9.66,-14.08,False,crossed,55.0,,,0.5,True,-11.97,widening,True,0.0,-0.89,3025.0,3025.0,2026-05-11,0.0,False,2026-05-11,2026-04-15,,0.57,0.72,0.84,15.67,15.68,15.68,25.54,21.28,47.03
4367.T,広栄化学,2026-07-28,2592.0,2671.0,3030.0,False,-11.85,0.39,1.18,,,,,2026-05-15,51.0,14.19,True,10.6,True,False,13.48,-16.82,False,crossed,50.0,,,1.57,True,-21.32,widening,False,,-14.46,2929.0,3030.0,2026-05-15,-3.33,False,2026-05-18,2026-04-06,,0.05,0.44,0.33,18.15,18.15,18.15,18.74,14.44,14.08
1762.T,高松コンストラクショングループ,2026-07-28,3855.0,3895.0,4420.0,False,-11.88,0.96,0.97,,,,,2026-02-12,111.0,24.15,True,4.2,True,True,10.07,-15.27,False,crossed,7.0,,,2.99,False,3.73,widening,False,,-11.18,3680.0,4340.0,2026-02-12,-15.21,False,2026-07-16,2026-03-10,,0.28,0.36,0.14,11.45,23.39,23.39,14.39,-6.77,22.97
1420.T,サンヨーホームズ,2026-07-28,649.0,653.0,741.0,False,-11.88,0.73,0.82,,,,,2024-03-26,571.0,-4.84,False,-4.18,False,True,3.75,-8.54,False,crossed,7.0,,,0.0,False,-0.71,narrowing,False,,-11.58,647.0,734.0,2026-02-05,-11.85,False,2026-07-16,2026-03-30,3ヶ月,0.73,0.66,0.46,3.51,17.71,18.27,3.67,-10.36,-4.84
6364.T,ＡＩＲＭＡＮ,2026-07-28,1952.0,2000.0,2270.0,False,-11.89,0.65,0.73,,,,,2026-02-27,101.0,-5.79,True,2.61,False,True,9.97,-17.6,False,crossed,8.0,,,3.3,False,0.99,narrowing,False,,-13.55,1911.0,2258.0,2026-02-27,-15.37,False,2026-07-15,2026-04-21,,0.12,0.24,0.15,24.78,29.54,29.54,-1.86,5.23,-5.79
4008.T,住友精化,2026-07-28,1229.0,1297.0,1472.0,False,-11.89,1.01,0.91,,,,,2026-03-02,100.0,39.66,True,4.51,True,False,12.07,-17.34,False,crossed,29.0,,,-2.42,True,-11.76,widening,False,,-16.17,1321.0,1466.0,2026-03-02,-9.89,False,2026-06-16,2026-04-30,,0.32,0.07,0.83,10.68,19.37,19.37,2.67,13.38,40.14
5357.T,ヨータイ,2026-07-28,1767.0,1776.0,2016.0,False,-11.9,0.7,1.24,,,,,2026-02-26,102.0,3.51,False,-0.83,True,True,5.3,-9.94,False,crossed,10.0,,,1.26,False,-0.11,narrowing,False,,-12.18,1744.0,2012.0,2026-02-27,-13.32,False,2026-07-13,2026-04-08,3ヶ月,0.79,0.46,0.02,4.15,17.1,17.1,4.62,-5.36,3.94
6929.T,日本セラミック,2026-07-28,3685.0,3770.0,4280.0,False,-11.92,1.04,0.77,,,,,2026-05-15,51.0,23.99,False,-0.93,True,False,7.05,-13.55,False,,,,,,,,,,,,,,,,,,,,0.22,0.06,0.5,13.1,13.55,13.55,1.1,-3.79,24.2
9986.T,蔵王産業,2026-07-28,2496.0,2510.0,2850.0,False,-11.93,0.61,0.91,,,,,2026-03-23,86.0,2.8,False,-1.61,True,True,2.34,-4.23,False,imminent,,-1.91,,,False,,,,,,,,,,,,2026-05-20,,0.36,0.42,0.26,8.36,10.7,10.7,-5.17,-2.46,2.93
7374.T,コンフィデンス・インターワークス,2026-07-28,1526.0,1532.0,1740.0,False,-11.95,1.39,1.17,,,,,2026-02-10,112.0,-1.61,False,-3.6,False,True,3.63,-9.43,False,crossed,18.0,,,-0.19,False,-3.86,widening,False,,-11.79,1545.0,1730.0,2026-01-23,-10.69,False,2026-07-01,2026-03-18,,0.16,0.54,0.3,3.33,14.28,14.28,1.53,-10.24,-1.23
3020.T,アプライド,2026-07-28,4180.0,4195.0,4765.0,False,-11.96,1.78,0.37,,,,,2025-12-12,150.0,22.94,True,1.97,True,True,7.37,-13.69,False,crossed,34.0,,,-0.12,False,-1.39,narrowing,False,,-5.32,4005.0,4415.0,2026-01-07,-9.29,False,2026-06-09,2026-03-05,,0.35,0.11,0.15,6.55,15.18,19.11,5.16,-3.02,18.92
4183.T,三井化学,2026-07-28,2122.5,2181.0,2477.5,False,-11.97,0.79,0.73,,,,,2026-02-05,115.0,23.58,True,4.42,True,True,9.38,-21.91,False,crossed,36.0,,,-1.44,False,-4.65,widening,False,,-11.54,2090.0,2399.5,2026-02-10,-12.9,False,2026-06-05,2026-03-26,,0.45,0.03,0.48,9.79,24.55,24.55,12.33,-4.76,23.72
4172.T,Ｈｉクラテス,2026-07-28,2211.0,2244.0,2549.0,False,-11.97,1.8,0.76,,,,,2025-08-12,233.0,-2.6,False,-5.02,False,True,2.99,-6.45,False,,,,,,,,,,,,,,,,,,,,0.48,0.76,0.23,12.1,13.72,15.63,-4.7,-7.1,-2.51
2335.T,キューブシステム,2026-07-28,1088.0,1096.0,1245.0,False,-11.97,0.79,0.6,,,,,2025-08-21,226.0,-2.25,True,1.87,False,True,3.25,-5.75,False,crossed,13.0,,,0.95,False,0.95,widening,False,,-3.89,1058.0,1132.0,2026-01-15,-6.54,False,2026-07-08,2026-02-16,,0.63,0.15,0.7,3.19,9.74,19.08,6.25,-0.46,-1.98
6073.T,アサンテ,2026-07-28,1512.0,1521.0,1728.0,False,-11.98,0.59,0.83,,,,,2025-09-26,202.0,-6.9,False,-1.64,False,True,4.86,-10.89,False,crossed,7.0,,,-0.2,False,-0.89,narrowing,False,,-7.07,1510.0,1627.0,2026-01-16,-7.19,False,2026-07-16,2026-03-19,,0.24,0.5,0.66,12.1,19.37,24.36,3.21,-6.55,-6.72
7621.T,うかい,2026-07-28,3410.0,3415.0,3880.0,False,-11.98,1.05,0.91,,,,,2024-05-17,536.0,-5.15,True,1.02,False,True,2.6,-3.74,False,crossed,7.0,,,-1.6,False,-1.75,narrowing,True,2.0,-0.87,3435.0,3440.0,2026-07-15,-0.15,False,2026-07-16,2026-03-31,,0.28,0.01,0.62,2.45,3.1,16.49,3.02,1.34,-5.28
7827.T,オービス,2026-07-28,1625.0,1627.0,1849.0,False,-12.01,1.39,0.56,,,,,2026-03-17,89.0,10.62,False,-1.35,False,False,8.28,-16.05,False,imminent,,-1.33,,,False,,,,,,,,,,,,2026-04-24,,0.42,0.25,0.17,8.16,13.46,18.27,-3.27,-0.91,10.17
4539.T,日本ケミファ,2026-07-28,1634.0,1634.0,1857.0,False,-12.01,0.38,0.75,,,,,2026-02-18,107.0,8.93,False,-0.1,False,True,4.64,-7.45,False,imminent,,-1.03,,,False,,,,,,,,,,,,2026-04-24,,0.11,0.55,0.13,11.94,17.88,17.88,-3.31,-3.48,9.89
5445.T,東京鐵鋼,2026-07-28,1953.0,1965.0,2233.3,False,-12.01,0.84,0.75,,,,,2026-02-12,111.0,3.33,True,0.0,False,True,5.73,-9.52,False,crossed,4.0,,,,False,,,False,,-11.76,1943.0,2213.3,2026-01-22,-12.21,False,2026-07-22,2026-04-03,,0.26,0.61,0.02,8.75,20.35,20.35,6.72,-11.76,3.7
9780.T,ハリマビステム,2026-07-28,928.0,928.0,1055.0,False,-12.04,0.63,1.27,,,,,2026-02-16,109.0,10.34,True,1.63,True,True,5.12,-5.84,True,imminent,,-0.55,,,False,,,,,,,,,,,,2026-04-24,,0.02,0.31,0.26,7.0,14.59,14.59,-1.59,0.43,10.21
2282.T,日本ハム,2026-07-28,6495.0,6525.0,7420.0,False,-12.06,0.7,0.92,,,,,2026-04-03,77.0,33.37,False,-0.26,True,True,8.42,-7.65,False,imminent,,-1.66,,,False,,,,,,,,,,,,2026-05-08,,0.03,0.64,0.22,11.57,21.28,21.28,-1.46,-7.82,31.0
3469.T,デュアルタップ,2026-07-28,905.0,910.0,1035.0,False,-12.08,0.41,0.43,,,,,2024-05-09,542.0,9.83,False,-5.04,True,False,5.2,-12.13,False,diverging,,-6.55,-0.09,,True,,,,,,,,,,,,2026-07-03,,0.51,0.04,0.58,15.15,15.15,15.15,-9.05,-5.83,12.28
3895.T,ハビックス,2026-07-28,405.0,407.0,463.0,False,-12.1,0.5,0.62,,,,,2024-03-29,568.0,-9.4,False,-3.04,False,False,4.19,-7.79,False,,,,,,,,,,,,,,,,,,,,0.58,0.72,0.18,4.76,13.42,13.42,-1.94,-6.47,-9.6
3865.T,北越コーポレーション,2026-07-28,930.0,944.0,1074.0,False,-12.1,0.46,0.78,,,,,2024-03-22,573.0,-9.09,True,1.59,False,False,8.86,-17.77,False,diverging,,-0.68,-0.43,,False,,,,,,,,,,,,2026-04-15,,0.03,0.24,0.22,12.16,20.17,23.24,4.49,-1.38,-7.19
8085.T,ナラサキ産業,2026-07-28,4195.0,4210.0,4790.0,False,-12.11,0.1,0.6,,,,,2026-02-27,101.0,28.09,True,3.97,True,True,7.3,-6.73,False,imminent,,-0.02,,,False,,,,,,,,,,,,2026-05-19,,0.0,0.09,0.61,10.81,17.3,17.3,-3.78,2.32,31.09
6904.T,原田工業,2026-07-28,449.0,450.0,512.0,False,-12.11,0.69,0.89,,,,,2022-03-17,1066.0,2.51,False,-3.63,False,True,3.64,-7.82,False,imminent,,-1.05,,,False,,,,,,,,,,,,2026-04-08,,0.34,0.8,0.01,4.96,13.87,13.87,-3.23,-8.37,2.98
6351.T,鶴見製作所,2026-07-28,2154.0,2235.0,2543.0,False,-12.11,0.66,0.95,,,,,2026-07-08,13.0,12.19,False,-0.25,True,True,7.43,-7.81,False,crossed,22.0,,,6.59,True,-6.12,widening,True,8.0,-14.08,2215.0,2507.0,2026-02-12,-11.65,False,2026-06-25,2026-05-20,,0.35,0.01,0.33,14.15,23.41,23.41,-0.6,-5.69,12.19
3723.T,日本ファルコム,2026-07-28,2571.0,2619.0,2980.0,False,-12.11,0.36,1.5,,,,,2026-07-02,17.0,121.83,True,29.23,True,True,22.06,-28.11,False,,,,,,,,,,,,,,,,,,,,0.68,0.62,0.9,11.39,28.11,28.11,14.52,56.96,122.98
9339.T,コーチ・エィ,2026-07-28,1362.0,1362.0,1550.0,False,-12.13,3.21,1.99,,,,,2025-12-26,140.0,41.73,True,3.25,False,True,11.56,-12.24,False,crossed,63.0,,,-0.48,False,-3.13,narrowing,True,44.0,6.16,1240.0,1283.0,2026-01-07,-3.35,True,2026-04-23,2026-01-09,,0.66,0.54,0.0,2.61,3.52,22.19,8.7,10.46,41.14
3932.T,アカツキ,2026-07-28,2930.0,2978.0,3390.0,False,-12.15,0.64,0.78,,,,,2025-04-30,303.0,-0.95,True,4.4,True,False,9.55,-11.98,False,diverging,,-0.59,-0.21,,True,,,,,,,,,,,,2026-07-10,,0.0,0.11,0.04,16.09,16.09,20.82,4.34,12.52,0.58
331A.T,メディックス,2026-07-28,505.0,505.0,575.0,False,-12.17,0.09,1.07,,,,,,,-3.26,True,1.21,False,True,3.0,-5.19,False,crossed,12.0,,,1.01,False,0.29,narrowing,False,,-9.66,495.0,559.0,2026-01-20,-11.45,False,2026-07-09,2026-03-03,,0.56,0.18,0.55,4.47,14.29,16.28,7.91,-6.83,-2.13
4536.T,参天製薬,2026-07-28,1967.5,1979.5,2254.0,False,-12.18,0.47,0.94,,,,,2026-07-03,16.0,19.64,True,12.56,True,True,8.57,-9.49,False,,,,,,,,,,,,,,,,,,,,0.65,0.6,0.62,12.23,19.14,19.14,17.53,12.56,18.31
4482.T,ウィルズ,2026-07-28,722.0,728.0,829.0,False,-12.18,0.47,0.49,,,,,2025-12-01,159.0,7.44,False,-1.91,False,False,7.54,-9.62,False,diverging,,-1.65,-0.1,,True,,,,,,,,,,,,2026-06-18,,0.55,0.08,0.05,7.85,15.36,15.36,-0.82,-2.43,8.57
4258.T,網屋,2026-07-28,4250.0,4425.0,5040.0,False,-12.2,0.49,1.76,,,,,2026-07-06,15.0,36.66,True,27.98,True,True,10.74,-11.8,False,crossed,44.0,,,10.5,True,24.85,narrowing,True,4.0,24.09,3190.0,3425.0,2026-02-20,-6.86,False,2026-05-26,2026-03-30,,0.75,0.52,0.01,14.11,22.54,38.94,41.67,41.43,38.66
9960.T,東テク,2026-07-28,3885.0,4030.0,4590.0,False,-12.2,0.58,1.28,,,,,2026-02-27,101.0,40.81,True,2.24,True,True,10.0,-20.35,False,crossed,18.0,,,0.12,False,-8.9,widening,False,,-14.99,4145.0,4570.0,2026-02-27,-9.3,False,2026-07-01,2026-04-06,,0.4,0.12,0.65,11.3,21.12,21.12,5.28,-8.59,40.56
4023.T,クレハ,2026-07-28,4250.0,4305.0,4905.0,False,-12.23,1.02,0.7,,,,,2026-02-27,101.0,28.01,True,4.27,True,True,8.66,-19.57,False,crossed,8.0,,,1.05,False,-1.63,widening,False,,-13.35,4270.0,4905.0,2026-02-27,-12.95,False,2026-07-15,2026-04-06,,0.57,0.42,0.2,9.99,26.5,26.5,10.25,-4.28,28.21
6902.T,デンソー,2026-07-28,2080.5,2082.5,2373.0,False,-12.24,0.72,0.79,,,,,2024-04-12,558.0,5.58,True,1.92,False,True,6.04,-13.44,False,crossed,13.0,,,0.44,False,5.08,widening,False,,-9.54,1945.0,2300.0,2026-02-18,-15.43,False,2026-07-08,2026-03-18,,0.46,0.41,0.43,5.63,20.24,20.76,11.38,-6.54,5.58
9351.T,東洋埠頭,2026-07-28,1823.0,1843.0,2100.0,False,-12.24,1.28,0.93,,,,,2026-03-06,96.0,27.84,True,0.62,True,True,6.41,-8.64,False,imminent,,-1.95,,,False,,,,,,,,,,,,2026-05-20,,0.33,0.24,0.67,12.12,15.83,15.83,-6.89,2.01,27.93
7284.T,盟和産業,2026-07-28,1189.0,1189.0,1355.0,False,-12.25,0.74,0.51,,,,,2026-04-28,60.0,-0.17,False,-2.71,True,False,3.71,-5.56,False,diverging,,-2.22,-0.06,,True,,,,,,,,,,,,2026-07-13,,0.57,0.11,0.19,12.45,12.78,12.78,-7.4,-2.46,-0.59
3183.T,ウイン・パートナーズ,2026-07-28,1312.0,1340.0,1527.0,False,-12.25,0.87,0.99,,,,,2025-03-17,333.0,-1.2,False,-0.06,False,True,6.47,-9.34,False,crossed,6.0,,,2.22,False,-0.43,narrowing,False,,-13.11,1306.0,1510.0,2026-02-27,-13.51,False,2026-07-17,2026-04-15,,0.32,0.46,0.08,6.32,21.52,21.52,4.13,-3.39,0.31
6630.T,ヤーマン,2026-07-28,747.0,752.0,857.0,False,-12.25,0.48,1.14,,,,,2022-06-29,997.0,-9.78,True,1.34,False,True,3.69,-8.66,False,crossed,34.0,,,-0.83,True,-2.01,widening,False,,-3.11,720.0,771.0,2026-01-06,-6.61,False,2026-06-09,2026-06-08,,0.42,0.37,0.59,7.16,9.45,22.78,5.51,6.11,-8.9
7775.T,大研医器,2026-07-28,429.0,429.0,489.0,False,-12.27,0.92,0.65,,,,,2024-02-29,588.0,-2.5,False,-3.8,False,True,3.35,-6.08,False,imminent,,-1.97,,,False,,,,,,,,,,,,2026-04-06,,0.33,0.86,0.18,7.38,14.81,14.81,-3.6,-8.53,-2.5
2588.T,プレミアムウォーターホールディングス,2026-07-28,3780.0,3815.0,4350.0,False,-12.3,0.24,0.49,,,,,2026-02-25,103.0,19.62,True,6.61,True,True,8.12,-8.81,False,crossed,9.0,,,0.26,False,-2.6,widening,False,,-12.7,3830.0,4330.0,2026-02-25,-11.55,False,2026-07-14,2026-04-30,,0.48,0.0,0.31,8.47,23.9,23.9,8.78,11.34,20.38
9028.T,ゼロ,2026-07-28,3585.0,3670.0,4185.0,False,-12.31,1.93,0.53,,,,,2026-01-16,129.0,18.32,True,0.78,True,True,8.45,-10.26,False,crossed,36.0,,,-3.87,False,-10.48,widening,False,,-14.03,3745.0,4170.0,2026-01-15,-10.19,False,2026-06-05,2026-03-11,,0.32,0.04,0.3,5.61,18.3,21.82,4.37,-9.58,18.71
5232.T,住友大阪セメント,2026-07-28,5529.0,5715.0,6517.0,False,-12.31,0.67,0.63,,,,,2026-06-18,27.0,44.06,True,25.82,True,True,14.07,-18.07,False,crossed,50.0,,,10.57,True,7.28,narrowing,True,5.0,6.74,4722.0,5180.0,2026-05-14,-8.84,False,2026-05-18,2026-04-03,,0.6,0.61,0.55,15.83,20.31,20.31,40.54,33.23,44.59
7073.T,ジェイック,2026-07-28,2499.0,2499.0,2850.0,False,-12.32,0.94,0.97,,,,,2026-01-28,121.0,1.17,True,5.33,True,True,3.96,-4.81,True,crossed,19.0,,,9.79,False,4.48,widening,False,,-11.88,2330.0,2836.0,2026-01-28,-17.84,False,2026-06-30,2026-02-26,,0.65,0.01,0.04,7.08,30.39,30.39,17.77,-9.19,0.4
8123.T,川辺,2026-07-28,1351.0,1359.0,1550.0,False,-12.32,1.32,1.03,,,,,2026-02-20,105.0,6.04,False,-3.39,False,True,4.88,-10.57,False,imminent,,-0.99,,,False,,,,,,,,,,,,2026-04-06,,0.13,0.78,0.0,5.62,15.48,15.48,-2.67,-10.17,6.13
5271.T,トーヨーアサノ,2026-07-28,2310.0,2310.0,2635.0,False,-12.33,0.69,0.92,,,,,2026-02-25,103.0,1.49,False,-0.23,False,True,3.72,-5.2,False,imminent,,-2.12,,,False,,,,,,,,,,,,2026-03-23,,0.26,0.67,0.1,11.66,20.61,20.61,-2.45,-5.91,2.39
3099.T,三越伊勢丹ホールディングス,2026-07-28,3624.0,3675.0,4192.0,False,-12.33,0.6,1.0,,,,,2026-06-30,19.0,69.27,True,22.37,True,True,12.56,-12.0,False,crossed,123.0,,,-2.67,False,15.3,narrowing,,,,2601.5,,,,False,2026-01-26,2025-11-06,,0.75,0.81,0.72,12.99,12.99,22.68,20.8,33.92,69.98
9173.T,東海汽船,2026-07-28,2926.0,2937.0,3350.0,False,-12.33,0.38,0.55,,,,,2025-12-26,140.0,-0.95,False,-5.81,False,False,2.1,-3.05,False,diverging,,-1.3,-0.17,,False,,,,,,,,,,,,2026-01-15,,0.58,0.71,0.22,3.55,9.69,13.06,-1.81,-8.99,-1.12
4627.T,ナトコ,2026-07-28,1753.0,1769.0,2018.0,False,-12.34,0.59,0.52,,,,,2026-06-01,40.0,24.41,True,5.32,True,True,6.63,-5.79,True,crossed,24.0,,,1.68,True,-5.77,narrowing,False,,-5.55,1788.0,1856.0,2026-06-01,-3.66,False,2026-06-23,2026-05-07,,0.54,0.18,0.6,7.54,12.42,13.77,6.18,9.84,23.45
2136.T,ヒップ,2026-07-27,1455.0,1456.0,1661.0,False,-12.34,0.67,0.69,,,,,2026-01-19,127.0,20.15,False,-2.94,True,True,5.74,-6.7,False,crossed,10.0,,,-1.36,False,-2.45,widening,False,,-12.4,1470.0,1661.0,2026-01-19,-11.5,False,2026-07-10,2026-03-11,,0.23,0.53,0.13,7.08,18.02,18.66,0.34,-10.68,20.15
5973.T,トーアミ,2026-07-28,604.0,604.0,689.0,False,-12.34,0.17,1.17,,,,,2026-03-05,97.0,11.85,True,3.33,True,False,4.09,-2.61,False,diverging,,-1.66,-1.17,,False,,,,,,,,,,,,2026-05-28,,0.38,0.04,0.69,7.0,12.57,12.57,-3.67,9.03,12.27
2915.T,ケンコーマヨネーズ,2026-07-28,2069.0,2073.0,2365.0,False,-12.35,0.41,1.11,,,,,2026-03-02,100.0,13.81,True,2.15,True,True,7.11,-8.59,False,crossed,0.0,,,,False,,,False,,-11.35,2069.0,2334.0,2026-03-02,-11.35,False,2026-07-28,2026-05-13,,0.06,0.26,0.25,11.76,19.32,19.32,-1.76,0.44,14.88
6806.T,ヒロセ電機,2026-07-28,27100.0,28230.0,32210.0,False,-12.36,1.36,0.97,,,,,2026-06-22,25.0,56.47,True,25.29,True,True,16.57,-14.86,False,crossed,111.0,,,2.68,False,5.58,widening,True,0.0,27.26,21295.0,21295.0,2026-02-12,0.0,False,2026-02-12,2025-11-19,,0.57,0.79,0.62,15.44,15.91,22.72,24.45,54.33,55.57
6470.T,大豊工業,2026-07-28,1089.0,1104.0,1260.0,False,-12.38,1.56,0.63,,,,,2026-05-14,52.0,86.79,True,14.84,True,False,12.06,-8.48,False,diverging,,-3.94,-0.34,,True,,,,,,,,,,,,2026-06-30,,0.66,0.37,0.88,15.16,15.16,15.16,-0.27,25.32,90.05
4674.T,クレスコ,2026-07-28,1574.0,1592.0,1817.0,False,-12.38,0.41,0.82,,,,,2025-06-20,268.0,-1.25,True,0.72,False,True,7.67,-8.12,False,crossed,9.0,,,1.1,True,0.91,widening,False,,-12.31,1540.0,1795.0,2026-01-13,-14.21,False,2026-07-14,2026-07-13,,0.1,0.09,0.42,13.61,21.98,24.15,13.89,-9.9,-2.42
4005.T,住友化学,2026-07-28,527.8,547.5,625.0,False,-12.4,0.85,1.06,,,,,2026-05-18,50.0,44.13,True,3.96,True,False,11.86,-15.85,False,diverging,,-2.78,-0.3,,True,,,,,,,,,,,,2026-07-10,,0.04,0.12,0.69,18.33,22.4,22.4,4.25,10.19,45.68
156A.T,マテリアルグループ,2026-07-28,832.0,855.0,976.0,False,-12.4,1.72,1.29,,,,,2026-01-30,119.0,7.91,True,1.84,True,True,11.05,-21.94,False,crossed,14.0,,,-3.17,False,-11.21,widening,False,,-14.14,916.0,969.0,2026-01-27,-5.47,False,2026-07-07,2026-04-16,,0.39,0.12,0.15,9.57,19.92,26.73,-0.95,-7.04,13.2
4559.T,ゼリア新薬工業,2026-07-28,2119.0,2132.0,2434.0,False,-12.41,0.95,1.01,,,,,2026-05-21,47.0,2.81,True,0.23,False,False,5.26,-10.95,False,diverging,,-5.19,-0.21,,True,,,,,,,,,,,,2026-06-18,,0.47,0.05,0.22,16.29,16.29,16.29,-3.11,3.21,2.76
6301.T,小松製作所,2026-07-28,6714.0,6866.0,7840.0,False,-12.42,0.8,0.8,,,,,2026-02-13,110.0,38.66,True,9.36,True,False,11.77,-20.18,False,diverging,,-1.82,-0.0,,True,,,,,,,,,,,,2026-07-08,,0.03,0.06,0.61,12.6,23.72,23.72,-2.79,18.81,38.95
6617.T,東光高岳,2026-07-28,7340.0,7750.0,8850.0,False,-12.43,1.06,1.09,,,,,2026-05-27,43.0,206.86,True,36.03,True,False,19.54,-19.06,False,,,,,,,,,,,,,,,,,,,,0.02,0.78,0.94,18.49,19.06,19.06,27.87,64.39,204.56
3434.T,アルファＣｏ,2026-07-28,1224.0,1230.0,1405.0,False,-12.46,0.71,1.36,,,,,2026-03-02,100.0,4.44,False,-0.34,True,True,4.54,-9.93,False,crossed,5.0,,,0.0,False,-0.75,,False,,-12.38,1224.0,1397.0,2026-03-02,-12.38,False,2026-07-21,2026-04-17,,0.03,0.42,0.16,5.41,14.82,14.82,1.41,-4.0,4.26
4666.T,パーク２４,2026-07-28,2023.0,2040.5,2331.0,False,-12.46,0.61,0.59,,,,,2026-01-20,127.0,4.6,True,3.27,False,True,7.65,-16.11,False,crossed,22.0,,,-2.79,False,-5.04,narrowing,False,,-12.76,2057.5,2319.0,2026-01-20,-11.28,False,2026-06-25,2026-03-17,,0.54,0.19,0.0,9.83,23.73,24.54,9.77,-11.83,5.53
1822.T,大豊建設,2026-07-28,785.0,794.0,907.0,False,-12.46,0.38,1.29,,,,,2026-03-02,100.0,-3.92,True,0.19,False,True,6.4,-13.97,False,crossed,10.0,,,-0.25,False,-2.44,widening,False,,-13.36,793.0,906.0,2026-03-02,-12.47,False,2026-07-13,2026-04-09,,0.4,0.33,0.35,7.16,21.3,21.3,5.51,-3.09,-2.85
7047.T,ポート,2026-07-28,2347.0,2424.0,2769.0,False,-12.46,0.7,0.58,,,,,2026-07-16,7.0,25.91,True,6.48,True,True,9.36,-13.8,False,crossed,6.0,,,-3.15,True,-7.27,widening,False,,-13.62,2507.0,2717.0,2026-07-15,-7.73,False,2026-07-17,2026-06-05,,0.01,0.02,0.44,22.92,22.92,25.5,-1.43,6.78,29.96
7997.T,くろがね工作所,2026-07-28,1032.0,1045.0,1194.0,False,-12.48,0.25,0.65,,,,,2025-11-26,162.0,31.97,True,4.37,True,True,7.16,-9.13,False,crossed,94.0,,,-1.04,False,-11.24,narrowing,True,20.0,4.98,961.0,983.0,2026-02-27,-2.24,False,2026-03-10,2025-12-18,,0.61,0.66,0.18,5.72,5.72,25.38,7.05,8.4,29.0
2910.T,ロック・フィールド,2026-07-28,1381.0,1388.0,1586.0,False,-12.48,1.46,0.61,,,,,2024-04-01,567.0,-9.38,True,0.87,False,True,4.68,-7.56,False,crossed,8.0,,,0.59,False,1.06,widening,False,,-3.09,1351.0,1425.0,2026-03-09,-5.19,False,2026-07-15,2026-04-22,,0.43,0.36,0.71,8.15,13.75,22.51,5.1,-0.93,-8.66
7523.T,アールビバン,2026-07-28,1898.0,1899.0,2170.0,False,-12.49,0.83,13.12,,,,,2025-11-12,171.0,78.22,True,12.2,True,True,17.9,-9.79,False,crossed,48.0,,,0.5,False,8.39,narrowing,True,37.0,6.99,1612.0,1774.0,2026-01-20,-9.13,True,2026-05-20,2025-12-19,3ヶ月,0.74,0.29,0.18,4.68,17.32,32.43,19.37,9.52,77.05
5071.T,ヴィス,2026-07-28,1437.0,1477.0,1688.0,False,-12.5,0.61,1.12,,,,,2026-03-02,100.0,13.6,False,-0.31,True,True,6.31,-12.93,False,imminent,,-2.25,,,False,,,,,,,,,,,,2026-04-16,,0.21,0.57,0.15,13.53,21.62,21.62,-3.43,-3.17,11.57
5288.T,アジアパイルホールディングス,2026-07-28,1510.0,1540.0,1760.0,False,-12.5,0.67,0.91,,,,,2026-05-15,51.0,51.76,True,4.8,True,False,12.1,-12.35,False,,,,,,,,,,,,,,,,,,,,0.0,0.08,0.65,14.56,14.56,14.56,11.11,2.23,53.92
3964.T,オークネット,2026-07-28,1395.0,1414.0,1616.0,False,-12.5,1.04,0.72,,,,,2026-05-19,49.0,72.12,True,18.73,True,False,7.32,-3.78,False,,,,,,,,,,,,,,,,,,,,0.11,0.73,0.91,17.4,17.4,17.4,20.47,29.17,72.86
8425.T,みずほリース,2026-07-28,1341.0,1351.0,1544.0,False,-12.5,0.67,1.24,,,,,2026-02-19,106.0,20.16,False,-1.77,False,True,6.87,-9.22,False,,,,,,,,,,,,,,,,,,,,0.29,0.69,0.17,15.36,20.3,20.3,-5.03,-8.09,20.7
8001.T,伊藤忠商事,2026-07-28,1984.0,2000.5,2286.5,False,-12.51,0.91,0.99,,,,,2026-02-27,101.0,28.68,True,2.19,True,True,7.01,-13.02,False,imminent,,-1.58,,,False,,,,,,,,,,,,2026-04-09,,0.14,0.55,0.46,13.16,20.09,20.09,2.27,-3.64,31.79
4051.T,ＧＭＯフィナンシャルゲート,2026-07-28,6130.0,6220.0,7110.0,False,-12.52,0.54,0.76,,,,,2026-07-07,14.0,21.15,True,8.28,True,True,11.56,-10.51,False,crossed,96.0,,,-4.59,False,-10.66,widening,True,0.0,8.3,5660.0,5660.0,2026-03-06,0.0,False,2026-03-06,2025-11-17,,0.61,0.81,0.1,13.25,16.22,24.42,4.97,21.63,21.87
8383.T,鳥取銀行,2026-07-28,1772.0,1786.0,2042.0,False,-12.54,1.12,0.76,,,,,2026-02-13,110.0,38.44,True,11.7,True,True,8.26,-14.53,False,crossed,7.0,,,1.87,False,6.11,widening,False,,-12.41,1654.0,2023.0,2026-02-12,-18.24,False,2026-07-16,2026-04-08,,0.14,0.45,0.46,14.29,28.82,28.82,12.79,3.69,38.01
9793.T,ダイセキ,2026-07-28,3835.0,3870.0,4425.0,False,-12.54,0.6,1.25,,,,,2026-05-19,49.0,10.68,True,3.34,True,False,6.31,-5.12,False,diverging,,-4.08,-0.46,,True,,,,,,,,,,,,2026-06-19,,0.71,0.16,0.47,14.35,14.35,16.91,-7.48,10.52,11.32
7731.T,ニコン,2026-07-28,1962.0,2090.0,2390.0,False,-12.55,1.11,0.74,,,,,2026-05-15,51.0,36.63,True,1.86,True,True,10.09,-13.57,False,crossed,37.0,,,-2.76,True,-8.06,widening,False,,-15.67,1994.0,2326.5,2026-05-14,-14.29,False,2026-06-04,2026-04-27,,0.48,0.3,0.71,21.62,21.62,21.62,17.17,0.62,36.68
6741.T,日本信号,2026-07-28,1565.0,1582.0,1809.0,False,-12.55,1.08,1.2,,,,,2026-03-05,97.0,46.67,True,4.96,True,True,11.49,-11.16,False,imminent,,-1.91,,,False,,,,,,,,,,,,2026-05-25,,0.26,0.0,0.75,11.29,14.54,14.54,-6.57,13.0,45.85
205A.T,ロゴスホールディングス,2026-07-28,1894.0,1921.0,2197.0,False,-12.56,1.2,2.22,,,,,2026-07-16,7.0,31.07,True,11.62,True,True,12.09,-13.03,False,imminent,,-2.37,,,True,,,,,,,,,,,,2026-06-17,,0.13,0.05,0.54,25.14,25.14,25.14,-6.7,11.61,33.85
7041.T,ＣＲＧホールディングス,2026-07-28,348.0,348.0,398.0,False,-12.56,0.17,4.26,,,,,2023-08-08,724.0,6.42,True,10.17,False,True,11.24,-12.13,False,crossed,9.0,,,-4.93,False,-5.95,widening,True,0.0,-4.66,365.0,365.0,2026-07-07,0.0,False,2026-07-14,2025-10-20,,0.22,0.04,0.31,18.83,25.6,35.23,12.99,4.19,7.08
2292.T,Ｓ　Ｆｏｏｄｓ,2026-07-28,2835.0,2872.0,3285.0,False,-12.57,0.7,1.22,,,,,2026-02-25,103.0,5.82,True,1.42,False,True,6.13,-7.99,False,imminent,,-1.79,,,False,,,,,,,,,,,,2026-04-16,,0.11,0.74,0.09,10.03,20.77,20.77,-0.94,-6.9,10.53
4255.T,ＴＨＥＣＯＯ,2026-07-28,2401.0,2404.0,2750.0,False,-12.58,0.7,0.95,,,,,2026-05-25,45.0,217.59,True,20.27,True,True,26.11,-16.38,False,crossed,51.0,,,15.18,True,-2.2,widening,True,1.0,0.59,2226.0,2387.0,2026-02-10,-6.74,True,2026-05-15,2026-03-17,,0.3,0.45,0.78,16.29,23.75,26.32,11.67,14.55,224.02
3024.T,クリエイト,2026-07-28,1131.0,1131.0,1294.0,False,-12.6,0.36,1.16,,,,,2026-01-09,133.0,5.41,False,-1.37,False,True,6.21,-9.99,False,crossed,1.0,,,,False,,,False,,-11.98,1130.0,1285.0,2026-01-16,-12.06,False,2026-07-27,2026-03-19,,0.02,0.66,0.06,12.69,21.35,22.88,-0.35,-9.88,6.2
9699.T,ニシオホールディングス,2026-07-28,4220.0,4265.0,4880.0,False,-12.6,0.55,1.05,,,,,2026-01-23,124.0,2.18,False,-2.27,False,True,5.15,-10.9,False,imminent,,-0.68,,,False,,,,,,,,,,,,2026-03-10,,0.0,0.69,0.08,15.27,24.15,24.15,0.12,-12.9,2.3
9830.T,トラスコ中山,2026-07-28,2370.0,2405.0,2752.0,False,-12.61,1.16,0.87,,,,,2026-02-13,110.0,9.32,True,0.64,False,True,5.07,-10.31,False,crossed,7.0,,,-0.46,False,-0.94,narrowing,False,,-12.84,2368.0,2719.0,2026-02-12,-12.91,False,2026-07-16,2026-03-19,,0.39,0.4,0.03,6.53,20.52,20.52,3.67,-4.36,10.8
9021.T,西日本旅客鉄道,2026-07-28,3122.0,3126.0,3577.0,False,-12.61,0.49,1.01,,,,,2025-08-20,227.0,-4.35,True,2.81,False,True,6.49,-9.48,False,crossed,3.0,,,,False,,,False,,-11.18,2921.5,3515.0,2026-02-06,-16.88,False,2026-07-23,2026-04-08,,0.12,0.54,0.5,16.73,29.74,29.74,5.28,-1.51,-2.86
3969.T,エイトレッド,2026-07-28,1381.0,1406.0,1609.0,False,-12.62,2.29,0.34,,,,,2024-07-04,502.0,-2.81,False,-2.62,False,True,3.59,-7.76,False,crossed,4.0,,,,False,,,False,,-8.48,1394.0,1509.0,2026-01-23,-7.62,False,2026-07-22,2026-03-02,,0.0,0.47,0.58,6.48,12.92,17.87,-1.64,-7.44,-2.54
9686.T,東洋テック,2026-07-28,1652.0,1660.0,1900.0,False,-12.63,1.15,0.39,,,,,2026-03-02,100.0,19.45,True,1.79,True,True,5.49,-12.39,False,crossed,21.0,,,0.62,False,-0.21,narrowing,False,,-9.97,1605.0,1835.0,2026-02-26,-12.53,False,2026-06-26,2026-04-02,,0.53,0.38,0.02,6.93,16.29,16.29,7.13,-0.36,15.52
4116.T,大日精化工業,2026-07-28,1098.0,1105.0,1265.0,False,-12.65,1.45,0.83,,,,,2026-02-27,101.0,35.77,True,3.37,True,True,7.76,-14.61,False,crossed,4.0,,,,False,,,False,,-13.03,1092.0,1262.5,2026-02-27,-13.5,False,2026-07-22,2026-04-13,,0.05,0.4,0.48,9.33,20.71,20.71,3.49,-1.74,34.93
7347.T,マーキュリアホールディングス,2026-07-28,773.0,779.0,892.0,False,-12.67,0.63,0.68,,,,,2024-05-07,544.0,-1.53,False,-2.29,False,True,5.11,-7.84,False,crossed,16.0,,,2.36,True,-0.89,widening,False,,-10.32,762.0,862.0,2026-02-10,-11.6,False,2026-07-03,2026-06-11,,0.04,0.05,0.44,11.36,19.72,21.98,-3.25,-5.62,-3.13
9075.T,福山通運,2026-07-28,6180.0,6200.0,7100.0,False,-12.68,0.39,0.95,,,,,2026-06-04,37.0,77.59,True,21.69,True,False,13.17,-19.51,False,,,,,,,,,,,,,,,,,,,,0.06,0.44,0.91,19.94,19.94,19.94,19.31,30.11,78.35
9857.T,英和,2026-07-28,2485.0,2496.0,2859.0,False,-12.7,0.55,1.29,,,,,2025-12-30,138.0,5.52,False,-1.35,True,False,5.81,-7.03,False,imminent,,-2.2,,,False,,,,,,,,,,,,2026-04-01,,0.26,0.76,0.15,10.79,14.79,14.79,-5.69,-6.72,5.39
4025.T,多木化学,2026-07-28,4670.0,4905.0,5620.0,False,-12.72,0.64,0.99,,,,,2026-06-05,36.0,62.1,True,9.37,True,False,8.03,-7.08,False,,,,,,,,,,,,,,,,,,,,0.03,0.6,0.77,15.11,19.33,19.33,3.66,14.88,63.29
2424.T,ブラス,2026-07-28,631.0,631.0,723.0,False,-12.72,1.16,1.14,,,,,2025-09-12,210.0,-10.62,True,0.41,False,True,2.57,-4.15,False,crossed,14.0,,,1.46,False,0.4,narrowing,False,,-5.26,616.0,666.0,2026-01-07,-7.51,False,2026-07-07,2026-02-16,,0.42,0.12,0.77,4.19,10.81,16.69,2.44,-5.26,-11.13
3386.T,コスモ・バイオ,2026-07-28,1272.0,1297.0,1486.0,False,-12.72,2.05,1.45,,,,,2025-11-18,167.0,6.98,False,-0.45,True,True,8.81,-9.61,False,crossed,1.0,,,,False,,,False,,-9.92,1285.0,1412.0,2026-02-20,-8.99,False,2026-07-27,2026-03-31,,0.01,0.58,0.09,5.57,14.73,16.33,2.09,-2.3,6.89
7596.T,魚力,2026-07-28,2317.0,2330.0,2670.0,False,-12.73,0.86,0.81,,,,,2025-09-08,214.0,-5.43,True,0.57,False,True,2.55,-5.71,False,crossed,7.0,,,0.61,False,0.02,narrowing,False,,-3.05,2293.0,2390.0,2026-01-15,-4.06,False,2026-07-16,2026-02-06,,0.28,0.32,0.67,6.54,9.75,18.73,2.25,-1.82,-4.89
9828.T,Ｇｅｎｋｉ　Ｇｌｏｂａｌ　Ｄｉｎｉｎｇ　Ｃｏｎｃｅｐｔｓ,2026-07-28,3430.0,3455.0,3960.0,False,-12.75,0.51,1.14,,,,,2024-09-27,445.0,-11.6,True,14.38,False,True,6.01,-9.82,False,crossed,19.0,,,0.0,False,5.43,widening,True,7.0,6.52,3170.0,3220.0,2026-01-15,-1.55,False,2026-06-30,2026-02-18,3ヶ月,0.78,0.05,0.44,8.64,17.78,33.76,24.19,9.58,-10.44
9743.T,丹青社,2026-07-28,1445.0,1458.0,1671.0,False,-12.75,1.43,1.5,,,,,2026-01-15,130.0,11.41,False,-0.24,False,True,6.27,-9.35,False,imminent,,-1.18,,,False,,,,,,,,,,,,2026-03-25,,0.02,0.73,0.02,8.8,19.07,20.96,0.42,-10.47,11.5
1766.T,東建コーポレーション,2026-07-28,13400.0,13480.0,15450.0,False,-12.75,1.5,0.9,,,,,2026-02-12,111.0,-4.56,False,-3.5,False,True,4.76,-11.18,False,imminent,,-0.61,,,False,,,,,,,,,,,,2026-03-18,,0.0,0.68,0.46,11.19,21.74,21.74,0.45,-11.32,-3.87
8864.T,空港施設,2026-07-28,1008.0,1012.0,1160.0,False,-12.76,1.25,0.72,,,,,2025-09-16,209.0,21.89,True,1.85,False,True,6.15,-8.57,False,crossed,6.0,,,2.05,False,2.5,widening,False,,-6.67,975.0,1080.0,2026-01-16,-9.72,False,2026-07-17,2026-02-20,,0.22,0.34,0.24,13.31,18.76,25.83,3.81,-3.08,15.46
7970.T,信越ポリマー,2026-07-28,2155.0,2222.0,2547.0,False,-12.76,1.48,2.05,,,,,2026-07-01,18.0,26.32,True,2.29,True,True,7.45,-14.09,False,crossed,57.0,,,3.96,True,-14.73,widening,True,2.0,-3.58,2225.0,2235.0,2026-02-27,-0.45,False,2026-05-07,2026-04-03,,0.51,0.66,0.85,15.16,15.16,15.16,3.16,-0.05,25.51
8154.T,加賀電子,2026-07-28,4300.0,4405.0,5050.0,False,-12.77,0.73,0.64,,,,,2026-06-05,36.0,49.93,True,7.9,True,False,9.05,-15.37,False,,,,,,,,,,,,,,,,,,,,0.01,0.32,0.8,17.57,17.57,17.57,2.38,8.18,51.25
7944.T,ローランド,2026-07-28,4035.0,4095.0,4695.0,False,-12.78,0.55,1.16,,,,,2026-05-19,49.0,33.61,True,3.35,True,False,6.45,-9.63,False,diverging,,-3.64,-0.21,,True,,,,,,,,,,,,2026-07-10,,0.23,0.36,0.87,14.04,14.04,14.04,-4.27,4.81,33.83
3465.T,ケイアイスター不動産,2026-07-28,3615.0,3650.0,4185.0,False,-12.78,1.21,0.56,,,,,2026-02-19,106.0,49.23,True,9.63,True,True,11.87,-18.73,False,crossed,31.0,,,2.1,False,-10.42,narrowing,False,,-12.58,3815.0,4135.0,2026-02-19,-7.74,True,2026-06-12,2026-04-08,,0.56,0.11,0.77,8.22,25.63,25.63,12.62,9.88,51.73
6165.T,パンチ工業,2026-07-28,491.0,505.0,579.0,False,-12.78,1.0,0.59,,,,,2026-06-05,36.0,27.86,True,1.56,True,False,9.12,-15.01,False,,,,,,,,,,,,,,,,,,,,0.0,0.01,0.59,17.53,17.53,17.53,1.03,-2.19,27.2
8074.T,ＹＵＡＳＡ,2026-07-28,5660.0,5730.0,6570.0,False,-12.79,0.66,0.97,,,,,2026-03-02,100.0,22.91,True,1.33,True,True,6.81,-8.95,False,,,,,,,,,,,,,,,,,,,,0.24,0.48,0.42,17.79,21.68,21.68,-4.07,-2.92,23.31
274A.T,ガーデン,2026-07-28,2305.0,2310.0,2649.0,False,-12.8,0.7,0.9,,,,,,,-0.86,True,2.76,False,True,5.41,-13.24,False,crossed,1.0,,,,False,,,False,,-5.46,2308.0,2438.0,2026-02-25,-5.33,False,2026-07-27,2026-04-03,,0.03,0.46,0.2,5.41,11.07,21.72,1.45,-1.91,-5.03
8282.T,ケーズホールディングス,2026-07-28,1898.0,1919.0,2201.0,False,-12.81,0.49,1.02,,,,,2026-06-10,33.0,24.5,True,10.21,True,False,6.56,-9.09,False,,,,,,,,,,,,,,,,,,,,0.1,0.53,0.74,17.16,17.16,17.16,8.15,16.41,25.32
6742.T,京三製作所,2026-07-28,848.0,898.0,1030.0,False,-12.82,1.61,0.5,,,,,2026-06-19,26.0,71.31,True,21.86,True,True,12.03,-21.49,False,crossed,53.0,,,-10.01,True,-3.09,narrowing,True,0.0,7.48,789.0,789.0,2026-05-13,0.0,False,2026-05-13,2026-04-07,,0.52,0.57,0.86,16.12,24.17,24.17,21.32,31.47,71.66
7161.T,じもとホールディングス,2026-07-28,523.0,544.0,624.0,False,-12.82,0.78,0.82,,,,,2026-02-13,110.0,49.86,True,11.3,True,False,14.67,-20.6,False,crossed,4.0,,,,True,,,False,,-13.84,530.0,607.0,2026-02-20,-12.69,False,2026-07-22,2026-07-15,,0.06,0.0,0.56,13.25,26.19,26.19,14.44,11.04,52.48
6196.T,ストライクグループ,2026-07-28,1342.0,1354.0,1553.3,False,-12.83,1.1,0.9,,,,,2024-03-01,587.0,5.67,False,-0.25,False,True,7.57,-14.01,False,crossed,5.0,,,-0.45,False,-1.2,,False,,-12.67,1348.0,1536.7,2026-03-02,-12.28,False,2026-07-21,2026-04-03,,0.63,0.24,0.16,10.65,23.6,23.85,10.27,-3.68,6.09
2353.T,日本駐車場開発,2026-07-28,262.0,265.0,304.0,False,-12.83,1.67,1.75,,,,,2025-09-11,211.0,0.38,False,-1.39,False,True,6.37,-8.45,False,crossed,3.0,,,,False,,,False,,-9.34,255.0,289.0,2026-02-12,-11.76,False,2026-07-23,2026-04-02,,0.33,0.56,0.39,9.3,19.03,22.77,5.65,-7.09,1.16
3598.T,山喜,2026-07-28,162.0,163.0,187.0,False,-12.83,0.37,1.49,,,,,2024-03-14,578.0,-6.36,False,-2.6,False,True,4.14,-7.07,False,imminent,,-1.02,,,False,,,,,,,,,,,,2026-04-02,,0.05,0.68,0.61,7.32,11.63,18.28,-1.22,-5.26,-5.81
4712.T,ＫｅｙＨｏｌｄｅｒ,2026-07-28,736.0,740.0,849.0,False,-12.84,1.71,0.45,,,,,2026-04-07,75.0,1.8,False,-1.8,False,False,3.81,-8.23,False,diverging,,-5.5,-0.15,,True,,,,,,,,,,,,2026-07-02,,0.64,0.06,0.33,11.84,12.17,12.17,-8.91,0.96,2.94
1414.T,ショーボンドホールディングス,2026-07-28,1318.0,1339.0,1537.0,False,-12.88,1.08,0.78,,,,,2026-02-10,112.0,11.41,False,-0.02,True,True,4.73,-5.63,False,imminent,,-2.0,,,False,,,,,,,,,,,,2026-04-22,,0.18,0.75,0.12,9.31,19.53,19.53,-0.9,-7.18,12.03
9729.T,トーカイ,2026-07-28,2474.0,2497.0,2866.0,False,-12.88,1.08,0.82,,,,,2026-04-16,68.0,17.14,True,1.55,True,True,6.68,-9.71,False,imminent,,-2.33,,,False,,,,,,,,,,,,2026-05-26,,0.11,0.29,0.33,14.75,20.46,20.46,-5.43,-2.29,18.66
6074.T,ジェイエスエス,2026-07-28,520.0,520.0,597.0,False,-12.9,0.92,0.78,,,,,2026-04-14,70.0,-5.11,False,-1.49,False,True,4.65,-9.38,False,imminent,,-2.63,,,False,,,,,,,,,,,,2026-05-29,,0.2,0.41,0.41,16.87,19.28,19.56,-6.64,-4.94,-4.06
5742.T,エヌアイシ・オートテック,2026-07-28,720.0,728.0,836.0,False,-12.92,0.64,0.58,,,,,2025-08-01,239.0,-5.26,False,-5.59,False,True,4.55,-8.86,False,imminent,,-0.88,,,False,,,,,,,,,,,,2026-04-08,,0.04,0.75,0.34,11.57,17.27,17.97,-6.37,-9.55,-5.14
4923.T,コタ,2026-07-28,1216.0,1229.0,1411.4,False,-12.93,1.03,0.92,,,,,2024-07-18,493.0,-12.67,True,3.93,False,True,6.92,-11.71,False,crossed,9.0,,,0.08,False,1.32,widening,False,,-11.82,1185.0,1379.0,2026-03-18,-14.07,False,2026-07-14,2026-04-28,,0.39,0.12,0.29,8.77,23.06,24.97,6.76,11.22,-11.7
3597.T,自重堂,2026-07-28,9050.0,9090.0,10440.0,False,-12.93,0.35,0.87,,,,,2024-04-12,558.0,-5.24,False,-7.28,False,False,4.94,-14.65,False,diverging,,-7.81,-0.32,,True,,,,,,,,,,,,2026-07-01,,0.62,0.26,0.08,15.38,15.7,15.7,-10.22,-9.23,-5.04
9820.T,エムティジェネックス,2026-07-28,3670.0,3735.0,4290.0,False,-12.94,2.0,0.74,,,,,2026-02-27,101.0,22.33,True,3.09,True,True,7.46,-15.48,False,crossed,4.0,,,,False,,,False,,-11.35,3755.0,4140.0,2026-02-26,-9.3,False,2026-07-22,2026-04-15,,0.26,0.02,0.46,5.31,16.55,16.55,6.22,4.11,25.26
3878.T,巴川コーポレーション,2026-07-28,795.0,827.0,950.0,False,-12.95,0.96,2.52,,,,,2026-05-13,53.0,10.11,False,-2.44,False,False,10.06,-18.27,False,diverging,,-6.78,-1.48,,True,,,,,,,,,,,,2026-06-11,,0.62,0.06,0.4,19.85,20.62,20.62,-8.62,-0.5,10.72
3150.T,グリムス,2026-07-28,2618.0,2646.0,3040.0,False,-12.96,0.94,0.73,,,,,2026-04-09,73.0,3.6,True,2.89,True,True,7.65,-15.95,False,,,,,,,,,,,,,,,,,,,,0.12,0.07,0.08,20.94,22.07,22.07,-7.0,6.03,4.47
2763.T,エフティグループ,2026-07-28,1151.0,1160.0,1333.0,False,-12.98,0.49,0.69,,,,,2026-02-16,109.0,-5.66,False,-4.08,False,True,4.71,-10.87,False,imminent,,-1.39,,,False,,,,,,,,,,,,2026-03-27,,0.03,0.77,0.36,13.16,21.54,21.54,-0.69,-9.44,-6.95
4705.T,クリップコーポレーション,2026-07-28,777.0,777.0,893.0,False,-12.99,0.63,0.35,,,,,2026-02-16,109.0,-3.84,False,-5.82,False,False,3.21,-9.23,False,imminent,,-1.43,,,False,,,,,,,,,,,,2026-04-07,,0.41,0.81,0.09,10.46,14.57,14.57,-2.63,-11.4,-3.84
9658.T,ビジネスブレイン太田昭和,2026-07-28,1056.0,1060.0,1218.3,False,-13.0,0.83,0.86,,,,,2025-11-04,177.0,23.46,True,0.76,True,True,7.48,-9.07,False,crossed,35.0,,,-2.34,False,-2.93,narrowing,False,,-12.0,1025.0,1200.0,2026-01-15,-14.58,False,2026-06-08,2026-02-12,,0.66,0.07,0.0,5.6,22.37,24.09,13.92,-10.51,23.85
1807.T,佐藤渡辺,2026-07-28,1861.0,1861.0,2139.0,False,-13.0,0.54,1.42,,,,,2026-02-27,101.0,12.65,False,-0.05,True,True,5.73,-8.0,False,imminent,,-1.46,,,False,,,,,,,,,,,,2026-04-24,,0.14,0.57,0.32,10.78,17.63,17.63,-2.21,-2.77,12.79
7625.T,グローバルダイニング,2026-07-28,461.0,461.0,530.0,False,-13.02,0.45,0.37,,,,,2026-02-17,108.0,37.2,True,5.16,True,False,7.94,-7.1,False,diverging,,-1.46,-0.11,,True,,,,,,,,,,,,2026-06-26,,0.29,0.1,0.81,8.13,15.55,15.55,1.1,14.68,37.61
5949.T,ユニプレス,2026-07-28,1306.0,1309.0,1505.0,False,-13.02,0.64,0.83,,,,,2026-02-25,103.0,25.58,True,1.41,True,True,6.61,-11.98,False,imminent,,-1.78,,,False,,,,,,,,,,,,2026-04-02,,0.1,0.6,0.3,11.78,19.76,19.76,-0.99,-6.11,25.1
9503.T,関西電力,2026-07-28,2413.5,2457.5,2826.0,False,-13.04,0.78,0.86,,,,,2026-02-27,101.0,41.1,False,-1.31,True,False,8.67,-8.45,False,imminent,,-2.14,,,False,,,,,,,,,,,,2026-04-23,,0.15,0.58,0.28,11.09,20.21,20.21,-1.81,-5.37,40.61
3402.T,東レ,2026-07-28,1151.5,1177.0,1353.5,False,-13.04,0.61,0.97,,,,,2026-03-02,100.0,14.81,True,4.49,True,True,9.15,-17.87,False,crossed,24.0,,,-1.18,False,-2.89,widening,False,,-14.07,1141.0,1340.0,2026-02-27,-14.85,False,2026-06-23,2026-04-07,,0.24,0.11,0.55,8.31,21.72,21.72,3.69,1.36,14.81
7362.T,Ｔ．Ｓ．Ｉ,2026-07-28,886.0,886.0,1019.0,False,-13.05,0.51,0.35,,,,,2026-06-09,34.0,6.62,True,7.89,True,True,2.62,-2.91,True,crossed,79.0,,,-1.09,True,-8.96,narrowing,True,30.0,5.6,827.0,839.0,2026-02-12,-1.43,False,2026-04-01,2026-03-31,,0.2,0.34,0.0,17.59,17.59,17.59,7.92,9.93,8.05
7575.T,日本ライフライン,2026-07-28,1421.0,1430.0,1645.0,False,-13.07,0.88,0.85,,,,,2026-01-07,135.0,-1.52,False,-1.27,False,True,6.11,-14.22,False,crossed,0.0,,,,False,,,False,,-12.77,1421.0,1629.0,2026-01-06,-12.77,False,2026-07-28,2026-02-16,,0.11,0.48,0.37,10.57,21.1,22.65,3.35,-10.18,-0.63
5928.T,アルメタックス,2026-07-28,285.0,286.0,329.0,False,-13.07,0.08,0.82,,,,,2025-06-09,277.0,1.42,True,2.55,True,True,7.27,-12.23,False,crossed,4.0,,,,False,,,False,,-12.84,292.0,327.0,2026-02-27,-10.7,False,2026-07-22,2026-04-23,,0.31,0.13,0.04,7.93,18.35,18.35,4.78,2.52,1.42
6193.T,バーチャレクス・ホールディングス,2026-07-28,1022.0,1038.0,1194.0,False,-13.07,1.33,0.83,,,,,2025-09-03,217.0,32.38,True,0.95,False,True,15.46,-9.66,False,crossed,17.0,,,1.2,False,-0.38,narrowing,False,,-3.04,1001.0,1054.0,2026-01-26,-5.03,False,2026-07-02,2026-04-07,3ヶ月,0.71,0.04,0.0,5.86,11.57,21.02,4.61,-1.35,31.19
9616.T,共立メンテナンス,2026-07-28,3279.0,3290.0,3785.0,False,-13.08,0.97,0.93,,,,,2025-07-14,252.0,-13.16,True,18.53,False,True,8.6,-8.94,False,crossed,30.0,,,5.87,False,15.34,widening,True,10.0,9.46,2725.0,2995.5,2026-01-09,-9.03,False,2026-06-15,2025-08-27,3ヶ月,0.91,0.14,0.49,9.11,19.27,37.46,39.0,12.35,-11.59
7214.T,ＧＭＢ,2026-07-28,1021.0,1030.0,1185.0,False,-13.08,0.12,1.8,,,,,2026-07-07,14.0,21.55,True,10.09,True,True,4.15,-7.35,True,crossed,14.0,,,-2.66,True,-8.28,widening,True,0.0,-6.24,1089.0,1089.0,2026-07-07,0.0,False,2026-07-07,2026-05-28,,0.5,0.23,0.69,7.21,7.96,7.96,8.16,9.67,23.31
4445.T,リビン・テクノロジーズ,2026-07-28,1760.0,1760.0,2025.0,False,-13.09,0.74,1.14,,,,,2025-09-09,213.0,10.34,True,2.07,False,True,12.54,-13.33,False,imminent,,-0.54,,,False,,,,,,,,,,,,2026-04-20,,0.0,0.48,0.21,19.79,24.44,25.85,-0.56,-1.26,9.32
6897.T,ツインバード,2026-07-28,681.0,690.0,794.0,False,-13.1,0.51,0.44,,,,,2026-06-24,23.0,64.49,True,54.53,True,True,17.86,-4.28,False,crossed,24.0,,,16.33,False,19.79,narrowing,True,0.0,23.59,551.0,551.0,2026-06-23,0.0,False,2026-06-23,2026-03-27,,0.75,0.38,0.2,13.29,13.29,13.29,71.11,62.14,64.89
1721.T,コムシスホールディングス,2026-07-28,5263.0,5397.0,6211.0,False,-13.11,0.69,1.15,,,,,2026-05-12,54.0,53.84,True,6.91,True,False,8.79,-13.55,False,,,,,,,,,,,,,,,,,,,,0.43,0.09,0.87,12.69,14.14,14.14,-5.24,6.45,53.84
6874.T,協立電機,2026-07-28,2528.0,2545.0,2930.0,False,-13.14,0.36,0.67,,,,,2026-02-27,101.0,15.65,False,-4.34,False,False,6.52,-11.06,False,diverging,,-4.21,-1.81,,False,,,,,,,,,,,,2026-04-09,,0.76,0.64,0.33,11.58,15.05,15.05,-10.07,-8.9,16.07
3176.T,三洋貿易,2026-07-28,852.0,863.0,993.5,False,-13.14,0.77,0.91,,,,,2026-02-02,118.0,15.45,True,6.74,False,True,8.55,-16.77,False,crossed,5.0,,,2.04,False,1.29,,False,,-9.55,835.0,942.0,2026-02-27,-11.36,False,2026-07-21,2026-04-09,,0.24,0.26,0.07,7.7,20.44,20.44,10.22,8.88,16.55
7241.T,フタバ産業,2026-07-28,1017.0,1024.0,1179.0,False,-13.15,0.71,1.17,,,,,2026-02-27,101.0,28.9,True,0.77,True,True,9.23,-18.33,False,imminent,,-0.53,,,False,,,,,,,,,,,,2026-03-27,,0.02,0.45,0.16,12.86,20.89,20.89,8.19,-7.63,27.6
8772.T,アサックス,2026-07-28,833.0,839.0,966.0,False,-13.15,0.58,0.75,,,,,2026-02-06,114.0,15.37,False,-1.73,False,True,8.19,-12.07,False,imminent,,-0.31,,,False,,,,,,,,,,,,2026-04-07,,0.0,0.64,0.06,10.82,17.29,17.29,1.34,-3.59,15.37
6757.T,ＯＳＧコーポレーション,2026-07-28,884.0,884.0,1018.0,False,-13.16,0.83,1.43,,,,,2024-01-29,609.0,9.0,True,0.07,False,True,7.2,-18.55,False,crossed,15.0,,,1.62,True,-0.11,narrowing,False,,-12.3,866.0,1008.0,2026-01-05,-14.09,False,2026-07-06,2026-06-29,,0.27,0.0,0.11,4.35,20.42,21.13,5.36,-11.42,9.54
7942.T,ＪＳＰ,2026-07-28,2514.0,2548.0,2934.0,False,-13.16,1.56,1.16,,,,,2026-02-27,101.0,32.66,True,4.48,True,False,11.95,-21.98,False,,,,,,,,,,,,,,,,,,,,0.0,0.07,0.66,8.44,22.15,22.15,7.76,-1.8,33.44
4595.T,ミズホメディー,2026-07-28,1668.0,1676.0,1930.0,False,-13.16,0.6,0.59,,,,,2026-03-02,100.0,18.47,False,-3.4,True,False,4.83,-6.13,False,,,,,,,,,,,,,,,,,,,,0.78,0.71,0.4,7.85,14.69,14.69,-6.34,-6.61,18.55
9832.T,オートバックスセブン,2026-07-28,1546.0,1550.0,1785.0,False,-13.17,0.85,0.86,,,,,2026-02-27,101.0,5.6,False,-1.92,False,True,5.64,-11.87,False,imminent,,-1.0,,,False,,,,,,,,,,,,2026-03-31,,0.02,0.74,0.02,6.18,18.85,18.85,1.38,-7.48,5.89
3289.T,東急不動産ホールディングス,2026-07-28,1379.0,1387.5,1598.0,False,-13.17,0.68,0.78,,,,,2026-02-12,111.0,29.85,True,0.75,True,True,8.27,-15.63,False,imminent,,-0.73,,,False,,,,,,,,,,,,2026-03-25,,0.0,0.6,0.25,9.94,20.39,20.39,3.57,-6.09,31.4
3040.T,ソリトンシステムズ,2026-07-28,1974.0,2009.0,2314.0,False,-13.18,1.01,0.74,,,,,2026-06-03,38.0,44.4,True,3.72,True,False,10.14,-17.05,False,,,,,,,,,,,,,,,,,,,,0.01,0.09,0.6,17.58,20.79,23.78,11.21,-5.46,44.62
7060.T,ギークス,2026-07-28,617.0,619.0,713.0,False,-13.18,0.37,0.65,,,,,2025-08-29,220.0,22.91,True,4.99,False,True,10.34,-15.35,False,crossed,18.0,,,3.1,True,3.75,narrowing,True,13.0,-0.32,580.0,619.0,2026-03-06,-6.3,False,2026-07-01,2026-05-19,,0.48,0.1,0.0,10.32,14.38,29.73,6.93,10.18,25.15
3979.T,うるる,2026-07-28,407.0,408.0,470.0,False,-13.19,0.23,1.0,,,,,2025-09-29,201.0,2.52,True,2.75,False,True,7.15,-8.81,False,crossed,36.0,,,-5.53,False,-3.94,narrowing,False,,-5.35,398.0,430.0,2026-01-26,-7.44,False,2026-06-05,2026-02-16,,0.65,0.0,0.2,13.98,23.72,27.59,24.09,-4.46,3.43
6326.T,クボタ,2026-07-28,2740.0,2837.0,3268.0,False,-13.19,0.81,0.7,,,,,2026-02-13,110.0,66.16,True,8.89,True,False,13.13,-22.64,False,,,,,,,,,,,,,,,,,,,,0.01,0.04,0.83,10.27,25.15,25.15,7.07,14.74,69.08
3246.T,コーセーアールイー,2026-07-28,665.0,665.0,766.0,False,-13.19,0.68,1.09,,,,,2024-01-29,609.0,5.06,False,-1.89,False,True,5.72,-12.02,False,imminent,,-0.24,,,False,,,,,,,,,,,,2026-02-13,,0.0,0.45,0.1,5.96,19.19,19.5,2.62,-12.61,4.72
3920.T,アイビーシー,2026-07-28,999.0,999.0,1151.0,False,-13.21,0.28,0.39,,,,,2025-08-22,225.0,13.01,True,1.86,False,True,3.01,-6.24,False,imminent,,-0.25,,,True,,,,,,,,,,,,2026-07-03,,0.01,0.2,0.0,3.28,22.47,26.87,-0.4,0.2,15.22
5208.T,有沢製作所,2026-07-28,2424.0,2489.0,2868.0,False,-13.21,1.16,0.71,,,,,2026-06-23,24.0,63.23,True,14.31,True,True,16.93,-15.24,False,crossed,18.0,,,-8.7,True,-12.08,widening,True,2.0,-11.6,2677.0,2742.0,2026-06-22,-2.37,True,2026-07-01,2026-05-27,,0.17,0.21,0.81,20.18,20.18,20.18,-8.22,32.6,61.71
6309.T,巴工業,2026-07-28,1898.0,1943.0,2239.0,False,-13.22,0.8,0.85,,,,,2026-02-27,101.0,27.21,True,4.67,True,True,8.91,-19.03,False,crossed,12.0,,,2.52,False,-0.13,widening,False,,-15.0,1868.0,2233.0,2026-02-27,-16.35,False,2026-07-09,2026-04-07,,0.43,0.36,0.33,9.04,26.06,26.06,6.03,-2.27,28.5
3538.T,ウイルプラスホールディングス,2026-07-28,943.0,944.0,1088.0,False,-13.24,0.17,1.32,,,,,2026-03-02,100.0,-3.97,False,-5.94,False,True,3.48,-5.32,False,imminent,,-2.66,,,False,,,,,,,,,,,,2026-04-10,,0.29,0.81,0.19,11.7,18.47,18.47,-5.42,-10.53,-4.36
4464.T,ソフト９９コーポレーション,2026-07-28,3565.0,3635.0,4190.0,False,-13.25,0.39,0.48,,,,,2025-09-18,207.0,122.81,False,-5.67,True,True,19.11,-11.25,False,imminent,,-0.98,,,False,,,,,,,,,,,,2026-03-19,,0.15,0.71,0.31,13.27,16.97,26.16,-2.33,-12.84,121.7
4228.T,積水化成品工業,2026-07-28,509.0,517.0,596.0,False,-13.26,1.73,0.95,,,,,2026-05-29,41.0,48.83,True,12.69,True,False,13.71,-20.73,False,crossed,49.0,,,4.56,True,-8.59,widening,True,6.0,-6.61,504.0,545.0,2026-02-27,-7.52,False,2026-05-19,2026-04-14,,0.18,0.39,0.84,12.13,24.22,24.22,20.33,14.64,48.83
5959.T,岡部,2026-07-28,922.0,926.0,1068.0,False,-13.3,0.56,0.53,,,,,2026-02-16,109.0,6.47,False,-2.17,False,True,5.12,-9.43,False,imminent,,-1.84,,,False,,,,,,,,,,,,2026-04-06,,0.16,0.7,0.0,8.66,14.73,14.73,-3.86,-7.34,6.84
9087.T,タカセ,2026-07-28,1960.0,1972.0,2275.0,False,-13.32,11.18,0.66,,,,,2026-04-02,78.0,72.84,True,18.87,True,False,12.18,-5.51,False,diverging,,-0.42,-0.02,,True,,,,,,,,,,,,2026-07-10,,0.0,0.6,0.84,14.06,17.65,17.65,12.0,43.7,76.58
6577.T,ベストワンドットコム,2026-07-28,2345.0,2351.0,2713.0,False,-13.34,1.05,1.3,,,,,2023-08-01,729.0,-12.37,True,17.3,True,True,7.03,-9.61,False,crossed,55.0,,,-3.09,False,9.67,widening,True,22.0,16.67,1942.0,2010.0,2026-01-16,-3.38,False,2026-05-11,2025-06-13,3ヶ月,0.87,0.48,0.14,4.08,10.93,33.1,25.07,17.31,-10.84
6807.T,日本航空電子工業,2026-07-28,2481.0,2537.0,2928.0,False,-13.35,0.76,0.89,,,,,2023-12-29,626.0,2.18,True,0.49,False,False,8.58,-16.94,False,imminent,,-1.56,,,True,,,,,,,,,,,,2026-06-26,,0.1,0.16,0.1,12.03,17.2,23.07,-0.12,-4.98,2.44
4251.T,恵和,2026-07-28,1203.0,1220.0,1408.0,False,-13.35,1.36,0.9,,,,,2026-02-05,115.0,7.22,False,-3.45,True,False,7.38,-15.29,False,diverging,,-1.85,-0.01,,True,,,,,,,,,,,,2026-06-30,,0.15,0.49,0.16,9.17,16.87,16.87,0.84,-12.45,6.08
4681.T,リゾートトラスト,2026-07-28,1791.5,1797.0,2074.0,False,-13.36,0.97,0.73,,,,,2025-12-15,149.0,-0.8,False,-2.23,False,True,5.35,-10.31,False,crossed,0.0,,,,False,,,False,,-9.61,1791.5,1982.0,2026-01-15,-9.61,False,2026-07-28,2026-02-04,,0.01,0.51,0.4,9.28,16.93,21.37,2.58,-7.37,-1.35
2937.T,サンクゼール,2026-07-28,1725.0,1725.0,1991.0,False,-13.36,0.64,1.29,,,,,,,8.76,True,1.17,False,True,5.0,-6.67,False,crossed,7.0,,,0.82,False,0.39,widening,False,,-4.27,1701.0,1802.0,2026-01-21,-5.6,False,2026-07-16,2026-04-09,,0.24,0.4,0.03,3.36,8.01,16.63,4.29,-3.09,9.8
3375.T,ＺＯＡ,2026-07-27,1792.0,1795.0,2072.0,False,-13.37,5.0,0.67,,,,,2026-02-18,106.0,15.24,True,0.84,True,True,8.43,-12.5,False,imminent,,-1.73,,,False,,,,,,,,,,,,2026-04-07,,0.1,0.61,0.12,12.35,22.32,22.32,-0.55,-3.71,13.49
2480.T,システム・ロケーション,2026-07-28,1700.0,1710.0,1974.0,False,-13.37,2.36,0.82,,,,,2025-10-21,186.0,17.48,True,1.03,True,True,3.9,-5.61,True,crossed,14.0,,,-0.06,False,-2.1,widening,False,,-3.68,1701.0,1765.0,2026-02-17,-3.63,False,2026-07-07,2026-04-03,,0.0,0.24,0.44,2.21,7.54,10.89,0.0,0.29,16.52
6645.T,オムロン,2026-07-28,5166.0,5529.0,6383.0,False,-13.38,0.75,0.79,,,,,2026-06-04,37.0,33.42,True,8.08,True,False,16.39,-20.17,False,crossed,112.0,,,-1.48,False,-15.8,widening,True,6.0,4.98,4870.0,4921.0,2026-02-09,-1.04,False,2026-02-10,2025-12-02,,0.0,0.6,0.74,17.63,22.68,22.68,1.43,29.64,34.36
9332.T,ＮＩＳＳＯホールディングス,2026-07-28,631.0,634.0,732.0,False,-13.39,0.51,0.83,,,,,2023-06-23,755.0,-4.39,False,-1.64,False,True,5.47,-12.43,False,crossed,4.0,,,,False,,,False,,-12.97,627.0,725.0,2026-01-07,-13.52,False,2026-07-22,2026-02-26,,0.24,0.62,0.38,7.1,20.59,22.34,6.59,-10.88,-2.92
8007.T,高島,2026-07-28,805.0,814.0,940.0,False,-13.4,1.54,0.85,,,,,2026-02-27,101.0,2.74,False,-2.23,False,True,6.03,-13.72,False,crossed,2.0,,,,False,,,False,,-14.36,795.0,940.0,2026-02-27,-15.43,False,2026-07-24,2026-03-26,,0.1,0.71,0.15,13.66,26.7,26.7,4.82,-12.97,3.47
6919.T,ケル,2026-07-28,1400.0,1415.0,1634.0,False,-13.4,0.41,1.01,,,,,2026-02-27,101.0,3.7,False,-1.91,False,True,5.3,-12.93,False,imminent,,-0.59,,,False,,,,,,,,,,,,2026-04-08,,0.0,0.73,0.0,7.42,18.93,18.93,-1.69,-9.44,2.41
6428.T,オーイズミ,2026-07-28,313.0,316.0,365.0,False,-13.42,0.3,0.86,,,,,2026-02-25,103.0,-1.26,False,-4.6,False,False,3.64,-8.08,False,imminent,,-1.83,,,False,,,,,,,,,,,,2026-04-07,,0.48,0.79,0.0,6.69,15.43,15.43,-4.28,-8.21,-1.26
2782.T,セリア,2026-07-28,3840.0,3840.0,4435.0,False,-13.42,0.53,1.11,,,,,2026-02-25,103.0,29.29,True,6.62,True,True,9.39,-13.36,False,crossed,18.0,,,5.66,False,6.0,widening,False,,-13.12,3535.0,4420.0,2026-02-25,-20.02,False,2026-07-01,2026-04-13,,0.38,0.31,0.5,6.85,25.45,25.45,11.63,0.52,29.51
6488.T,ヨシタケ,2026-07-28,982.0,986.0,1139.0,False,-13.43,0.4,1.09,,,,,2026-02-06,114.0,28.7,True,1.79,True,True,6.3,-14.06,False,crossed,9.0,,,0.51,False,-0.99,widening,False,,-8.57,979.0,1074.0,2026-02-27,-8.85,False,2026-07-14,2026-03-27,,0.28,0.33,0.24,6.84,14.99,14.99,5.14,-5.76,30.41
4310.T,ドリームインキュベータ,2026-07-28,2616.0,2675.0,3090.0,False,-13.43,1.04,0.96,,,,,2025-03-19,331.0,12.37,False,-0.99,False,False,10.64,-15.69,False,,,,,,,,,,,,,,,,,,,,0.0,0.34,0.09,13.88,21.26,21.26,4.43,-3.18,12.56
7434.T,オータケ,2026-07-28,1800.0,1817.0,2099.0,False,-13.43,1.02,0.46,,,,,2026-01-13,132.0,1.58,False,-3.42,True,True,3.55,-5.86,False,imminent,,-1.41,,,True,,,,,,,,,,,,2026-06-04,,0.24,0.47,0.04,14.95,14.95,18.15,-2.17,-8.68,2.45
367A.T,プリモグローバルホールディングス,2026-07-28,2600.0,2675.0,3090.0,False,-13.43,0.64,2.42,,,,,,,53.12,True,11.22,True,True,9.04,-9.88,False,,,,,,,,,,,,,,,,,,,,0.01,0.8,0.75,15.86,15.86,15.86,-7.04,18.34,52.85
8203.T,ＭｒＭａｘＨＤ,2026-07-28,789.0,792.0,915.0,False,-13.44,0.23,1.21,,,,,2025-08-01,239.0,1.68,True,2.45,False,True,5.23,-11.68,False,crossed,21.0,,,-1.16,False,-1.07,widening,False,,-6.63,773.0,845.0,2026-01-07,-8.52,False,2026-06-26,2026-03-12,3ヶ月,0.87,0.1,0.56,5.6,15.24,23.54,12.39,-1.25,1.68
9761.T,東海リース,2026-07-28,2370.0,2370.0,2739.0,False,-13.47,0.36,0.76,,,,,2026-02-27,101.0,12.86,False,-1.13,False,True,6.09,-12.16,False,crossed,4.0,,,,False,,,False,,-13.47,2353.0,2739.0,2026-02-27,-14.09,False,2026-07-22,2026-04-08,,0.07,0.66,0.02,8.61,21.76,21.76,1.2,-9.26,12.64
9972.T,アルテック,2026-07-28,276.0,276.0,319.0,False,-13.48,0.06,9.76,,,,,2026-04-22,64.0,14.52,False,-0.5,True,True,9.38,-8.39,False,crossed,7.0,,,-1.76,False,-3.84,widening,False,,-5.15,284.0,291.0,2026-07-10,-2.41,False,2026-07-16,2026-01-30,,0.1,0.1,0.11,7.94,11.76,17.74,0.0,-4.5,16.95
2304.T,ＣＳＳホールディングス,2026-07-28,938.0,949.0,1097.0,False,-13.49,2.4,1.52,,,,,2025-09-26,202.0,6.59,False,-1.77,False,True,3.59,-5.96,False,imminent,,-0.54,,,False,,,,,,,,,,,,2026-03-04,,0.08,0.66,0.2,5.89,11.22,16.6,-0.95,-5.92,4.92
6822.T,大井電気,2026-07-28,5400.0,5510.0,6370.0,False,-13.5,1.32,0.52,,,,,2026-05-18,50.0,61.43,True,14.46,True,False,9.11,-7.53,False,,,,,,,,,,,,,,,,,,,,0.02,0.51,0.77,15.06,15.77,23.85,1.31,37.93,73.08
3994.T,マネーフォワード,2026-07-28,5673.0,5877.0,6794.0,False,-13.5,0.98,1.45,,,,,2025-08-19,228.0,12.58,True,32.73,False,True,18.67,-24.84,False,crossed,10.0,,,3.63,True,10.44,widening,False,,-1.36,5071.0,5751.0,2026-04-21,-11.82,True,2026-07-13,2026-07-03,,0.18,0.49,0.27,21.4,34.65,58.63,15.28,35.59,12.34
7388.T,ＦＰパートナー,2026-07-28,2168.0,2174.0,2514.0,False,-13.52,0.9,1.05,,,,,2024-03-08,582.0,1.64,False,-3.32,False,True,4.49,-5.95,False,imminent,,-1.58,,,False,,,,,,,,,,,,2026-05-12,,0.09,0.34,0.04,16.1,19.6,19.6,0.84,-5.12,1.69
4920.T,日本色材工業研究所,2026-07-28,1107.0,1113.0,1287.0,False,-13.52,0.41,2.16,,,,,2026-04-14,70.0,2.98,False,-1.85,True,False,6.45,-12.97,False,,,,,,,,,,,,,,,,,,,,0.08,0.07,0.12,8.98,19.37,19.37,-4.24,-7.67,-3.06
9827.T,リリカラ,2026-07-28,627.0,633.0,732.0,False,-13.52,0.42,0.62,,,,,2025-12-01,159.0,0.0,False,-3.59,False,True,5.81,-8.56,False,imminent,,-0.67,,,False,,,,,,,,,,,,2026-01-27,,0.02,0.59,0.15,10.89,14.31,20.3,-3.83,-5.57,1.62
9837.T,モリト,2026-07-28,1803.0,1834.0,2121.0,False,-13.53,1.47,1.41,,,,,2026-03-02,100.0,21.01,True,0.85,True,True,7.36,-12.57,False,imminent,,-2.53,,,False,,,,,,,,,,,,2026-05-20,,0.36,0.3,0.59,12.01,17.76,17.76,-6.82,2.39,21.91
1898.T,世紀東急工業,2026-07-28,1489.0,1495.0,1729.0,False,-13.53,0.93,0.96,,,,,2026-01-22,125.0,2.76,False,-3.57,False,True,5.26,-12.99,False,crossed,1.0,,,,False,,,False,,-13.83,1492.0,1728.0,2026-01-22,-13.66,False,2026-07-27,2026-03-18,,0.01,0.76,0.06,7.62,19.27,19.27,2.48,-13.83,3.47
6877.T,ＯＢＡＲＡ　ＧＲＯＵＰ,2026-07-28,5500.0,5940.0,6870.0,False,-13.54,2.3,1.03,,,,,2026-05-14,52.0,48.65,True,10.27,True,False,18.0,-12.22,False,crossed,106.0,,,12.19,False,-15.91,widening,True,0.0,4.76,5250.0,5250.0,2026-02-19,0.0,False,2026-02-19,2025-11-13,,0.01,0.49,0.65,17.66,22.58,22.58,4.56,42.86,48.45
6850.T,チノー,2026-07-28,1564.0,1620.0,1874.0,False,-13.55,1.01,1.09,,,,,2026-02-27,101.0,35.7,True,3.65,True,False,12.66,-22.02,False,crossed,33.0,,,-1.17,True,-9.32,widening,False,,-16.0,1625.0,1862.0,2026-02-27,-12.73,False,2026-06-10,2026-05-22,,0.16,0.16,0.82,9.96,22.02,22.02,1.89,7.64,35.53
559A.T,梅乃宿酒造,2026-07-28,1129.0,1167.0,1350.0,False,-13.56,0.6,0.5,,,,,,,,,,,True,,,False,,,,,,,,,,,,,,,,,,,,0.35,,,21.61,,,7.52,,
5923.T,高田機工,2026-07-28,1169.0,1179.0,1364.0,False,-13.56,0.77,0.66,,,,,2026-03-18,88.0,7.84,False,-0.48,False,True,5.41,-12.63,False,crossed,0.0,,,,False,,,False,,-14.3,1169.0,1364.0,2026-03-18,-14.3,False,2026-07-28,2026-04-24,,0.0,0.55,0.01,14.6,24.93,24.93,0.6,-3.39,7.84
7791.T,ドリームベッド,2026-07-28,824.0,834.0,965.0,False,-13.58,0.33,1.03,,,,,2025-08-20,227.0,0.73,False,-0.78,False,True,4.19,-7.97,False,crossed,11.0,,,0.84,False,-2.9,widening,False,,-8.14,835.0,897.0,2026-02-12,-6.91,False,2026-07-10,2026-03-23,,0.47,0.38,0.33,5.35,13.15,15.23,3.39,-4.63,0.49
7565.T,萬世電機,2026-07-28,6890.0,6910.0,8000.0,False,-13.62,0.35,1.59,,,,,2026-07-16,7.0,50.77,True,17.96,True,True,11.26,-13.88,False,crossed,51.0,,,-3.63,True,-1.22,narrowing,True,42.0,6.33,6330.0,6480.0,2026-05-12,-2.31,False,2026-05-15,2026-04-09,,0.3,0.29,0.64,14.61,14.61,27.48,17.78,15.03,50.6
3937.T,Ｕｂｉｃｏｍホールディングス,2026-07-28,1004.0,1021.0,1182.0,False,-13.62,0.83,0.76,,,,,2021-01-04,1360.0,3.51,False,-0.95,False,True,4.38,-8.03,False,crossed,8.0,,,-0.88,True,-2.44,widening,False,,-9.06,1017.0,1104.0,2026-01-16,-7.88,False,2026-07-15,2026-06-15,,0.12,0.06,0.53,9.95,15.79,20.74,3.93,-7.12,3.72
8091.T,ニチモウ,2026-07-28,2343.0,2358.0,2730.0,False,-13.63,0.74,0.6,,,,,2026-02-27,101.0,6.07,False,-3.55,False,True,6.66,-10.12,False,crossed,1.0,,,,False,,,False,,-14.18,2345.0,2730.0,2026-02-27,-14.1,False,2026-07-27,2026-04-13,,0.21,0.62,0.14,13.38,22.2,22.2,-4.45,-7.79,6.45
2432.T,ディー・エヌ・エー,2026-07-28,2484.0,2491.5,2885.0,False,-13.64,0.53,0.82,,,,,2025-02-25,347.0,4.68,False,-2.75,True,False,7.87,-10.93,False,diverging,,-4.51,-0.28,,True,,,,,,,,,,,,2026-06-26,,0.36,0.05,0.35,15.07,15.18,16.53,-3.37,-2.57,5.3
5659.T,日本精線,2026-07-28,1342.0,1386.0,1605.0,False,-13.64,2.04,1.28,,,,,2026-06-22,25.0,22.11,True,4.21,True,False,5.81,-8.25,False,,,,,,,,,,,,,,,,,,,,0.18,0.58,0.85,16.68,17.0,17.0,-12.23,7.62,23.12
4733.T,オービックビジネスコンサルタント,2026-07-28,7993.0,8099.0,9379.0,False,-13.65,0.68,1.44,,,,,2025-09-26,202.0,-3.37,True,11.51,False,True,11.58,-18.85,False,crossed,4.0,,,,True,,,False,,-6.47,6840.0,8546.0,2026-01-08,-19.96,False,2026-07-22,2026-05-28,,0.28,0.0,0.7,12.25,28.23,39.65,27.48,2.51,-2.97
3641.T,パピレス,2026-07-28,965.0,968.0,1121.0,False,-13.65,0.72,1.28,,,,,2026-03-17,89.0,8.43,False,-2.1,True,True,4.78,-11.13,False,imminent,,-0.04,,,False,,,,,,,,,,,,2026-04-15,,0.03,0.66,0.2,9.35,18.81,18.81,-2.62,-6.13,8.43
1433.T,ベステラ,2026-07-28,1146.0,1170.0,1355.0,False,-13.65,1.15,0.29,,,,,2026-02-27,101.0,1.15,True,0.25,True,True,11.14,-14.23,False,crossed,17.0,,,-0.09,False,-1.42,widening,False,,-15.36,1134.0,1354.0,2026-02-27,-16.25,False,2026-07-02,2026-03-30,3ヶ月,0.71,0.31,0.01,5.19,25.85,25.85,10.62,-13.12,1.51
416A.T,富士ユナイトホールディングス,2026-07-28,1194.0,1207.0,1398.0,False,-13.66,0.96,0.74,,,,,2024-02-07,602.0,-0.83,False,-0.99,False,True,5.92,-13.37,False,imminent,,-0.02,,,False,,,,,,,,,,,,2026-04-01,,0.0,0.59,0.16,11.31,15.36,17.98,-4.86,-6.13,-1.32
7427.T,エコートレーディング,2026-07-28,827.0,827.0,958.0,False,-13.67,0.52,1.02,,,,,2023-10-02,687.0,-5.16,False,-6.88,False,True,3.05,-4.59,False,,,,,,,,,,,,,,,,,,,,0.49,0.88,0.47,8.21,13.92,14.38,-6.97,-12.3,-5.16
9475.T,昭文社ホールディングス,2026-07-28,500.0,505.0,585.0,False,-13.68,0.64,1.26,,,,,2026-03-27,82.0,21.07,True,3.15,True,True,5.72,-9.15,False,crossed,7.0,,,0.2,False,-2.6,widening,False,,-14.09,508.0,582.0,2026-03-25,-12.71,False,2026-07-16,2026-04-27,,0.35,0.28,0.57,9.15,21.48,21.48,2.46,1.42,21.36
7643.T,ダイイチ,2026-07-28,1704.0,1708.0,1979.0,False,-13.69,0.4,1.75,,,,,2025-07-25,244.0,-1.9,True,0.64,False,True,5.21,-10.21,False,crossed,30.0,,,0.29,False,-4.75,widening,False,,-6.63,1700.0,1825.0,2026-01-19,-6.85,False,2026-06-15,2026-03-23,,0.38,0.22,0.13,3.64,12.77,16.0,0.12,-6.58,-4.16
7888.T,三光合成,2026-07-28,909.0,939.0,1088.0,False,-13.69,1.05,2.08,,,,,2026-02-13,110.0,18.36,True,3.61,False,True,11.12,-21.04,False,imminent,,-0.37,,,False,,,,,,,,,,,,2026-03-30,,0.0,0.58,0.01,13.25,30.66,30.66,8.34,-11.14,15.94
8057.T,内田洋行,2026-07-28,2207.0,2228.0,2582.0,False,-13.71,0.76,1.25,,,,,2025-09-29,201.0,10.02,True,6.21,False,True,7.37,-13.75,False,crossed,5.0,,,3.03,False,2.28,,False,,-3.46,2142.0,2286.0,2026-01-13,-6.3,False,2026-07-21,2026-02-25,,0.14,0.06,0.25,7.37,10.43,24.49,11.92,3.66,10.68
7435.T,ナ・デックス,2026-07-28,1177.0,1202.0,1393.0,False,-13.71,1.41,0.33,,,,,2026-06-15,30.0,20.97,True,10.37,True,True,8.18,-11.5,False,crossed,20.0,,,-0.78,True,-11.4,widening,False,,-15.51,1286.0,1393.0,2026-06-15,-7.68,False,2026-06-29,2026-05-26,,0.42,0.28,0.42,26.59,27.45,27.45,-5.0,20.72,20.72
6486.T,イーグル工業,2026-07-28,2971.0,3050.0,3535.0,False,-13.72,1.19,0.87,,,,,2026-02-25,103.0,53.62,True,2.03,True,True,6.79,-16.96,False,crossed,16.0,,,-0.79,False,0.04,narrowing,False,,-14.38,2902.0,3470.0,2026-02-24,-16.37,False,2026-07-03,2026-04-02,,0.28,0.48,0.4,5.6,20.14,20.14,6.41,-12.1,53.38
7740.T,タムロン,2026-07-28,1128.0,1143.0,1325.0,False,-13.74,0.58,0.55,,,,,2026-06-18,27.0,26.32,True,6.42,True,True,5.85,-5.98,True,crossed,66.0,,,-1.91,False,-10.75,widening,True,38.0,1.17,1097.0,1115.0,2026-04-15,-1.61,False,2026-04-20,2025-12-08,,0.37,0.43,0.37,13.28,13.28,13.28,4.16,6.42,26.03
6861.T,キーエンス,2026-07-28,70100.0,72600.0,84170.0,False,-13.75,1.05,0.99,,,,,2026-05-08,56.0,27.62,True,9.62,True,False,12.98,-16.95,False,,,,,,,,,,,,,,,,,,,,0.02,0.69,0.62,16.72,18.3,18.3,10.95,18.19,25.76
7608.T,エスケイジャパン,2026-07-28,775.0,814.0,944.0,False,-13.77,1.22,1.65,,,,,2026-02-27,101.0,44.86,True,2.4,True,True,11.0,-19.94,False,imminent,,-0.15,,,False,,,,,,,,,,,,2026-05-21,,0.0,0.14,0.65,17.1,23.71,23.71,-6.06,0.0,43.52
5282.T,ジオスター,2026-07-28,426.0,438.0,508.0,False,-13.78,0.78,0.82,,,,,2026-02-27,101.0,42.47,True,5.81,True,True,10.41,-16.54,False,crossed,9.0,,,-1.37,False,-3.81,widening,False,,-16.14,437.0,508.0,2026-02-27,-13.98,False,2026-07-14,2026-04-10,,0.36,0.27,0.54,11.19,28.15,28.15,4.16,-3.62,42.95
9362.T,兵機海運,2026-07-28,3535.0,3535.0,4100.0,False,-13.78,0.39,0.83,,,,,2026-05-20,48.0,-1.39,False,-3.3,False,False,8.36,-11.26,False,diverging,,-3.64,-0.36,,True,,,,,,,,,,,,2026-06-30,,0.62,0.0,0.01,13.38,17.04,20.78,-6.97,-7.34,-1.39
3529.T,アツギ,2026-07-28,1096.0,1101.0,1277.0,False,-13.78,0.29,0.63,,,,,2025-12-11,151.0,-9.94,True,0.15,False,True,10.37,-17.08,False,crossed,2.0,,,,True,,,False,,-13.63,1071.0,1269.0,2026-01-07,-15.6,False,2026-07-24,2026-06-10,,0.0,0.12,0.34,27.43,33.17,34.75,7.66,-10.68,-9.12
1716.T,第一カッター興業,2026-07-28,1379.0,1402.0,1626.0,False,-13.78,0.67,0.47,,,,,2026-03-03,99.0,7.57,False,-2.46,True,True,6.92,-9.38,False,imminent,,-1.75,,,False,,,,,,,,,,,,2026-05-01,,0.18,0.31,0.33,8.38,17.71,17.71,-3.84,-1.5,8.41
7266.T,今仙電機製作所,2026-07-28,915.0,931.0,1080.0,False,-13.8,0.84,0.83,,,,,2026-02-27,101.0,34.16,True,4.1,True,True,11.46,-23.43,False,crossed,28.0,,,-1.0,False,-2.94,widening,False,,-15.28,900.0,1080.0,2026-02-27,-16.67,False,2026-06-17,2026-04-03,,0.26,0.08,0.6,9.1,23.61,23.61,6.4,-1.51,33.97
7235.T,東京ラヂエーター製造,2026-07-28,1548.0,1586.0,1840.0,False,-13.8,1.12,1.09,,,,,2026-02-27,101.0,63.64,True,4.01,True,True,14.22,-29.33,False,crossed,26.0,,,-2.0,False,2.76,narrowing,False,,-15.59,1447.0,1834.0,2026-02-27,-21.1,False,2026-06-19,2026-03-30,,0.27,0.24,0.43,8.01,29.33,29.33,11.93,-5.03,64.68
9757.T,船井総研ホールディングス,2026-07-28,1131.0,1142.0,1325.0,False,-13.81,0.79,0.69,,,,,2025-09-29,201.0,-4.72,False,-1.08,False,True,3.95,-6.0,False,crossed,0.0,,,,False,,,False,,-4.96,1131.0,1190.0,2026-01-16,-4.96,False,2026-07-28,2026-05-18,,0.03,0.3,0.7,7.71,12.23,20.38,1.8,-2.33,-4.11
3371.T,ソフトクリエイトホールディングス,2026-07-28,2078.0,2090.0,2425.0,False,-13.81,1.42,1.03,,,,,2025-08-18,229.0,-3.71,True,5.2,False,True,8.14,-8.92,False,crossed,7.0,,,0.5,False,2.83,widening,False,,-6.77,2001.0,2229.0,2026-01-09,-10.23,False,2026-07-16,2026-02-16,,0.41,0.32,0.69,14.61,26.32,33.58,14.05,-1.38,-4.15
6317.T,北川鉄工所,2026-07-28,1643.0,1670.0,1938.0,False,-13.83,1.05,0.75,,,,,2026-02-13,110.0,16.86,False,-3.31,True,True,8.13,-19.18,False,crossed,26.0,,,0.41,False,-7.8,widening,False,,-15.13,1704.0,1936.0,2026-02-12,-11.98,False,2026-06-19,2026-03-24,,0.36,0.23,0.15,8.11,20.66,20.66,6.83,-11.38,17.53
6125.T,岡本工作機械製作所,2026-07-28,4800.0,5110.0,5930.0,False,-13.83,1.03,1.32,,,,,2026-06-30,19.0,5.96,True,1.69,True,True,13.58,-23.68,False,crossed,47.0,,,10.83,False,-8.18,widening,True,6.0,-10.28,4755.0,5350.0,2026-02-10,-11.12,False,2026-05-21,2026-03-18,,0.4,0.27,0.08,18.09,29.53,29.53,16.93,-3.61,5.61
6555.T,ＭＳ＆Ｃｏｎｓｕｌｔｉｎｇ,2026-07-28,416.0,417.0,484.0,False,-13.84,0.42,1.78,,,,,2026-04-27,61.0,2.21,False,-1.7,True,False,4.56,-6.28,False,diverging,,-3.68,-0.22,,True,,,,,,,,,,,,2026-06-24,,0.65,0.05,0.44,15.11,15.11,15.11,-13.33,-0.95,0.97
6651.T,日東工業,2026-07-28,4290.0,4385.0,5090.0,False,-13.85,0.78,0.86,,,,,2026-05-15,51.0,30.59,True,0.51,True,False,7.95,-13.17,False,,,,,,,,,,,,,,,,,,,,0.2,0.15,0.86,14.54,14.54,14.54,0.59,0.94,29.8
8015.T,豊田通商,2026-07-28,6471.0,6512.0,7559.0,False,-13.85,0.9,1.1,,,,,2026-05-15,51.0,100.65,True,10.55,True,False,11.32,-14.85,False,diverging,,-3.7,-0.21,,True,,,,,,,,,,,,2026-06-25,,0.31,0.0,0.82,19.45,19.45,19.45,5.67,13.59,102.22
2437.T,Ｓｈｉｎｗａ　Ｗｉｓｅ　Ｈｏｌｄｉｎｇｓ,2026-07-28,682.0,684.0,794.0,False,-13.85,1.8,0.74,,,,,2026-03-09,95.0,140.14,True,44.72,True,True,25.13,-37.43,False,crossed,8.0,,,-1.0,False,12.32,widening,False,,-14.0,601.0,793.0,2026-03-06,-24.21,True,2026-07-15,2026-05-08,,0.64,0.1,0.53,21.74,52.33,52.33,59.35,26.3,140.14
3143.T,オーウイル,2026-07-28,690.0,690.0,801.0,False,-13.86,0.84,1.11,,,,,2025-11-10,173.0,15.0,False,-2.52,False,True,9.06,-10.94,False,crossed,3.0,,,,False,,,False,,-10.27,700.0,769.0,2026-02-26,-8.97,False,2026-07-23,2026-04-23,,0.0,0.4,0.0,14.23,17.69,17.79,-5.35,-2.82,15.9
3934.T,ベネフィットジャパン,2026-07-28,2180.0,2180.0,2531.0,False,-13.87,0.81,0.51,,,,,2026-05-26,44.0,28.61,True,9.27,True,False,12.19,-14.47,False,crossed,47.0,,,12.59,True,-9.35,widening,True,3.0,-3.92,2185.0,2269.0,2026-02-18,-3.7,False,2026-05-21,2026-04-08,,0.14,0.31,0.46,12.32,20.63,20.63,10.89,17.84,28.39
2359.T,コア,2026-07-28,2007.0,2022.0,2348.0,False,-13.88,0.64,1.04,,,,,2026-01-30,119.0,5.58,False,-4.53,False,False,5.13,-8.69,False,,,,,,,,,,,,,,,,,,,,0.44,0.65,0.05,13.55,16.73,16.73,-6.08,-5.15,5.47
2445.T,タカミヤ,2026-07-28,415.0,415.0,482.0,False,-13.9,1.32,0.61,,,,,2026-02-10,112.0,26.52,True,1.43,True,True,6.95,-8.97,False,crossed,6.0,,,2.74,False,2.35,widening,False,,-13.9,402.0,482.0,2026-02-10,-16.6,False,2026-07-17,2026-03-11,,0.06,0.47,0.22,14.75,23.24,23.24,5.6,-13.72,26.52
1758.T,太洋基礎工業,2026-07-28,2408.0,2415.0,2805.0,False,-13.9,30.78,1.0,,,,,2026-01-13,132.0,27.88,False,-2.22,True,False,6.67,-9.97,False,diverging,,-2.49,-0.32,,False,,,,,,,,,,,,2026-03-30,,0.54,0.45,0.44,9.33,14.36,16.23,-3.95,-11.27,27.88
9955.T,ヨンキュウ,2026-07-28,2750.0,2751.0,3195.0,False,-13.9,0.4,0.68,,,,,2026-02-03,117.0,19.0,False,-1.62,True,True,5.11,-7.88,False,crossed,3.0,,,,False,,,False,,-13.52,2777.0,3180.0,2026-01-21,-12.67,False,2026-07-23,2026-04-06,,0.07,0.68,0.18,11.19,19.87,20.13,-1.68,-12.42,18.53
6988.T,日東電工,2026-07-28,3436.0,3502.0,4068.0,False,-13.91,1.07,1.01,,,,,2025-10-27,182.0,21.93,False,-0.28,False,True,7.53,-15.75,False,crossed,11.0,,,0.91,False,6.03,narrowing,False,,-9.79,3193.0,3809.0,2026-01-14,-16.17,False,2026-07-10,2026-01-09,,0.45,0.31,0.14,11.63,21.26,28.27,6.58,-6.48,21.24
2780.T,コメ兵ホールディングス,2026-07-28,5090.0,5200.0,6040.0,False,-13.91,0.97,0.86,,,,,2026-05-29,41.0,77.11,True,23.19,True,False,14.77,-14.71,False,diverging,,-1.94,-0.48,,True,,,,,,,,,,,,2026-07-03,,0.09,0.53,0.78,19.08,19.08,19.08,-0.78,49.05,83.09
9765.T,オオバ,2026-07-28,1133.0,1138.0,1322.0,False,-13.92,0.41,0.56,,,,,2026-04-10,72.0,9.36,False,-1.28,False,True,4.33,-6.89,False,,,,,,,,,,,,,,,,,,,,0.34,0.28,0.25,14.76,18.97,18.97,-5.74,-3.57,10.75
7494.T,コナカ,2026-07-28,234.0,235.0,273.0,False,-13.92,0.84,0.73,,,,,2025-09-26,202.0,-3.7,False,-2.48,False,True,3.97,-5.49,False,imminent,,-0.1,,,False,,,,,,,,,,,,2026-03-26,,0.02,0.7,0.61,9.24,14.29,20.3,-0.43,-7.14,-3.7
3439.T,三ツ知,2026-07-27,680.0,680.0,790.0,False,-13.92,0.2,0.73,,,,,2026-04-20,65.0,12.03,True,3.91,True,True,4.96,-8.46,False,imminent,,-1.64,,,True,,,,,,,,,,,,2026-06-16,,0.38,0.14,0.56,15.7,19.49,19.49,-8.23,7.09,11.48
2502.T,アサヒグループホールディングス,2026-07-28,1710.0,1726.0,2005.5,False,-13.94,1.05,1.19,,,,,2025-04-21,309.0,-7.82,True,4.21,False,True,6.29,-9.54,False,crossed,5.0,,,5.0,False,4.25,,False,,-1.27,1628.5,1732.0,2026-02-26,-5.98,False,2026-07-21,2025-09-09,,0.33,0.28,0.8,8.02,14.92,25.56,9.76,3.57,-6.99
8595.T,ジャフコ　グループ,2026-07-28,2255.0,2293.5,2665.0,False,-13.94,0.78,0.72,,,,,2025-09-24,204.0,-8.22,False,-4.5,False,True,4.56,-8.71,False,crossed,15.0,,,-0.45,False,-6.33,widening,False,,-10.05,2352.5,2507.0,2026-02-09,-6.16,False,2026-07-06,2026-03-17,,0.52,0.37,0.65,6.49,14.2,18.89,1.35,-9.31,-7.88
2689.T,オルバヘルスケアホールディングス,2026-07-28,1905.0,1926.0,2238.0,False,-13.94,0.32,0.39,,,,,2026-03-30,81.0,-8.28,False,-7.28,False,False,2.72,-6.81,False,diverging,,-4.5,-2.02,,False,,,,,,,,,,,,2026-04-16,,0.85,0.75,0.01,10.57,13.69,13.69,-8.55,-9.42,-7.3
9533.T,東邦瓦斯,2026-07-28,1213.5,1227.0,1425.8,False,-13.94,1.15,1.07,,,,,2026-02-18,107.0,16.68,False,-1.72,True,False,6.26,-10.52,False,diverging,,-2.56,-1.46,,False,,,,,,,,,,,,2026-04-07,,0.26,0.53,0.43,9.16,17.37,17.37,-3.61,-8.0,16.46
4247.T,ポバール興業,2026-07-28,1379.0,1394.0,1620.0,False,-13.95,2.12,0.78,,,,,2026-02-12,111.0,14.92,True,4.37,True,True,4.6,-10.67,False,crossed,8.0,,,-1.61,False,-0.5,narrowing,False,,-14.88,1370.0,1620.0,2026-02-12,-15.43,False,2026-07-15,2026-04-09,,0.2,0.32,0.25,10.82,23.15,23.15,6.49,3.53,14.34
7966.T,リンテック,2026-07-28,6150.0,6330.0,7360.0,False,-13.99,0.48,1.13,,,,,2026-07-06,15.0,105.27,True,24.03,True,True,11.64,-17.95,False,crossed,55.0,,,-3.66,True,1.35,narrowing,True,0.0,12.43,5470.0,5470.0,2026-05-11,0.0,False,2026-05-11,2026-04-09,,0.8,0.7,0.94,15.87,17.95,17.95,23.99,29.2,107.21
9991.T,ジェコス,2026-07-28,1645.0,1675.0,1948.0,False,-14.01,1.06,1.1,,,,,2026-03-03,99.0,33.74,True,5.13,True,True,8.58,-9.94,False,crossed,0.0,,,,False,,,False,,-14.81,1645.0,1931.0,2026-02-27,-14.81,False,2026-07-28,2026-05-01,,0.02,0.3,0.45,15.61,24.96,24.96,0.92,7.1,34.62
7762.T,シチズン時計,2026-07-28,2139.0,2214.0,2575.0,False,-14.02,0.68,1.09,,,,,2026-06-26,21.0,149.01,True,27.96,True,True,15.4,-12.96,False,,,,,,,,,,,,,,,,,,,,0.37,0.84,0.97,15.99,15.99,15.99,17.85,52.46,148.72
7247.T,ミクニ,2026-07-28,365.0,374.0,435.0,False,-14.02,0.55,0.71,,,,,2026-02-27,101.0,28.07,False,-2.54,False,True,10.7,-13.33,False,crossed,0.0,,,,False,,,False,,-16.09,365.0,435.0,2026-02-27,-16.09,False,2026-07-28,2026-04-22,,0.17,0.52,0.06,16.45,25.29,25.29,-6.17,-8.75,26.3
7833.T,アイフィスジャパン,2026-07-28,637.0,643.0,748.0,False,-14.04,1.03,0.5,,,,,2025-09-29,201.0,7.78,False,-5.98,False,True,5.64,-6.37,False,imminent,,-1.24,,,False,,,,,,,,,,,,2025-12-29,,0.33,0.84,0.03,7.95,13.64,16.35,-4.5,-8.74,7.6
1997.T,暁飯島工業,2026-07-28,3750.0,3915.0,4555.0,False,-14.05,3.84,1.13,,,,,2026-03-18,88.0,33.4,False,-2.87,True,True,8.76,-8.75,False,crossed,13.0,,,-1.94,False,-10.76,widening,False,,-15.35,4115.0,4430.0,2026-03-18,-7.11,False,2026-07-08,2026-04-21,,0.49,0.26,0.56,11.17,22.8,22.8,-2.6,-10.82,35.04
9795.T,ステップ,2026-07-28,2247.0,2252.0,2620.0,False,-14.05,0.38,1.19,,,,,2026-01-20,127.0,-2.6,False,-5.58,False,True,3.98,-5.85,False,,,,,,,,,,,,,,,,,,,,0.11,0.83,0.14,6.55,15.39,15.39,-3.81,-12.4,-3.4
1787.T,ナカボーテック,2026-07-28,5870.0,5800.0,6750.0,False,-14.07,0.06,3.17,,,,,2026-03-16,90.0,7.9,True,4.47,True,True,5.9,-10.03,False,crossed,8.0,,,-4.44,False,-7.98,widening,False,,-10.93,6300.0,6590.0,2026-03-27,-4.4,False,2026-07-15,2026-04-22,,0.39,0.21,0.15,7.73,22.15,22.15,7.12,0.69,9.11
4577.T,ダイト,2026-07-28,1279.0,1307.0,1521.0,False,-14.07,0.69,0.89,,,,,2026-03-11,93.0,12.19,False,-2.16,True,True,5.68,-12.79,False,crossed,1.0,,,,False,,,False,,-14.73,1301.0,1500.0,2026-03-11,-13.27,False,2026-07-27,2026-04-27,,0.13,0.47,0.06,12.26,24.6,24.6,-0.78,-6.3,11.22
8285.T,三谷産業,2026-07-28,691.0,694.0,808.0,False,-14.11,1.21,0.55,,,,,2026-04-21,65.0,86.25,True,8.79,True,True,7.47,-5.14,False,imminent,,-0.26,,,False,,,,,,,,,,,,2026-05-26,,0.0,0.01,0.81,21.2,22.39,22.39,-11.75,10.56,87.26
7734.T,理研計器,2026-07-28,3320.0,3375.0,3930.0,False,-14.12,1.0,0.67,,,,,2026-06-05,36.0,7.97,False,-2.19,True,False,10.2,-19.45,False,,,,,,,,,,,,,,,,,,,,0.02,0.22,0.24,13.83,20.54,22.13,1.22,-3.07,7.79
4335.T,ＩＰＳホールディングス,2026-07-28,1105.0,1106.0,1288.0,False,-14.13,0.24,0.53,,,,,2025-04-16,312.0,-4.99,False,-7.35,False,False,3.39,-10.12,False,diverging,,-7.38,-0.15,,True,,,,,,,,,,,,2026-06-19,,0.8,0.23,0.13,14.45,14.45,14.45,-11.46,-8.68,-5.39
6418.T,日本金銭機械,2026-07-28,1069.0,1082.0,1260.0,False,-14.13,0.92,0.91,,,,,2026-02-27,101.0,15.19,True,4.31,True,True,9.74,-19.09,False,crossed,12.0,,,0.28,False,-1.07,narrowing,False,,-14.96,1062.0,1257.0,2026-02-27,-15.51,False,2026-07-09,2026-04-09,,0.63,0.21,0.04,9.04,28.8,28.8,10.09,3.38,15.19
6156.T,エーワン精密,2026-07-28,1783.0,1791.0,2086.0,False,-14.14,0.35,0.96,,,,,2026-05-13,53.0,4.7,False,-5.38,False,False,4.78,-12.05,False,diverging,,-7.52,-0.16,,True,,,,,,,,,,,,2026-06-30,,0.68,0.12,0.45,17.81,17.81,17.81,-10.4,-6.89,5.13
6899.T,ＡＳＴＩ,2026-07-28,2376.0,2402.0,2799.0,False,-14.18,0.34,1.16,,,,,2026-02-10,112.0,30.19,True,0.51,True,True,6.2,-13.02,False,crossed,8.0,,,2.97,False,-0.35,narrowing,False,,-14.96,2357.0,2794.0,2026-02-04,-15.64,False,2026-07-15,2026-03-26,,0.12,0.57,0.35,12.43,23.59,23.59,-2.54,-12.1,31.56
2294.T,柿安本店,2026-07-28,2639.0,2656.0,3095.0,False,-14.18,1.08,0.88,,,,,2024-04-01,567.0,-0.26,False,-2.04,False,True,4.03,-5.99,False,,,,,,,,,,,,,,,,,,,,0.08,0.49,0.03,18.17,19.77,19.77,-12.33,-5.68,0.53
2281.T,プリマハム,2026-07-28,2500.0,2513.0,2929.0,False,-14.2,1.09,0.87,,,,,2026-01-20,127.0,7.53,False,-2.59,False,True,4.95,-8.72,False,imminent,,-1.88,,,False,,,,,,,,,,,,2026-04-03,,0.1,0.79,0.04,9.74,21.29,21.51,-0.56,-11.5,7.43
4125.T,三和油化工業,2026-07-28,3300.0,3475.0,4050.0,False,-14.2,0.75,0.6,,,,,2026-05-15,51.0,132.89,True,23.34,True,True,11.73,-22.58,False,crossed,8.0,,,-0.14,True,-8.07,widening,False,,-14.73,3545.0,3870.0,2026-05-14,-8.4,True,2026-07-15,2026-06-03,,0.03,0.11,0.85,35.84,35.84,35.84,-4.62,28.11,134.04
9513.T,電源開発,2026-07-28,3805.0,3872.0,4514.0,False,-14.22,0.65,0.93,,,,,2026-04-02,78.0,50.6,True,7.76,True,False,7.94,-10.99,False,diverging,,-5.04,-0.07,,True,,,,,,,,,,,,2026-06-23,,0.37,0.1,0.82,18.76,19.82,19.82,0.98,12.67,50.42
1867.T,植木組,2026-07-28,2778.0,2809.0,3275.0,False,-14.23,0.68,1.18,,,,,2026-03-03,99.0,37.66,True,3.19,True,True,9.34,-13.53,False,crossed,3.0,,,,False,,,False,,-14.79,2773.0,3260.0,2026-02-12,-14.94,False,2026-07-23,2026-04-10,,0.14,0.55,0.13,17.31,30.4,30.4,6.07,-3.47,37.19
9755.T,応用地質,2026-07-28,2822.0,2856.0,3330.0,False,-14.23,0.6,0.56,,,,,2025-08-12,233.0,-9.11,False,-0.98,False,False,4.72,-8.28,False,imminent,,-0.7,,,False,,,,,,,,,,,,2026-04-14,,0.01,0.48,0.24,4.98,14.26,20.36,0.97,-4.66,-9.11
6703.T,沖電気工業,2026-07-28,3245.0,3405.0,3970.0,False,-14.23,0.91,0.87,,,,,2026-06-25,22.0,104.47,True,23.99,True,True,19.95,-20.34,False,,,,,,,,,,,,,,,,,,,,0.03,0.55,0.91,20.62,25.49,25.49,-4.14,52.49,104.35
6849.T,日本光電工業,2026-07-28,1612.5,1617.0,1885.5,False,-14.24,0.84,1.0,,,,,2025-02-06,358.0,-2.42,True,1.41,False,True,7.63,-16.38,False,crossed,4.0,,,,False,,,False,,-11.98,1543.5,1832.0,2026-01-23,-15.75,False,2026-07-22,2026-03-11,,0.2,0.48,0.52,11.51,26.99,28.05,10.75,-11.23,-1.62
5989.T,エイチワン,2026-07-28,1518.0,1565.0,1825.0,False,-14.25,0.79,0.85,,,,,2026-05-22,46.0,16.77,True,7.59,True,False,15.39,-21.39,False,crossed,47.0,,,-0.86,False,-21.93,widening,True,0.0,-12.81,1741.0,1741.0,2026-05-21,0.0,False,2026-05-21,2026-03-18,,0.15,0.22,0.06,19.02,22.33,24.45,20.57,2.29,16.32
8002.T,丸紅,2026-07-28,5260.0,5425.0,6328.0,False,-14.27,0.7,0.98,,,,,2026-02-12,111.0,76.27,True,6.31,True,True,10.22,-14.43,False,,,,,,,,,,,,,,,,,,,,0.37,0.28,0.71,24.28,26.88,26.88,-11.39,2.55,78.91
9622.T,スペース,2026-07-28,1452.0,1465.0,1709.0,False,-14.28,0.59,0.67,,,,,2026-02-27,101.0,20.7,False,-2.86,True,True,6.67,-11.96,False,imminent,,-1.56,,,False,,,,,,,,,,,,2026-04-01,,0.19,0.74,0.26,9.22,18.58,18.58,-2.42,-11.08,21.71
3943.T,大石産業,2026-07-28,1285.0,1285.0,1499.0,False,-14.28,0.38,0.67,,,,,2025-03-18,332.0,5.5,False,-3.93,False,True,5.61,-9.17,False,imminent,,-1.54,,,False,,,,,,,,,,,,2026-04-10,,0.1,0.73,0.01,12.08,19.61,19.61,-5.93,-10.27,5.85
9507.T,四国電力,2026-07-28,1594.0,1605.0,1872.5,False,-14.29,1.03,0.92,,,,,2026-04-08,74.0,32.06,True,2.69,True,True,7.85,-10.96,False,imminent,,-2.62,,,False,,,,,,,,,,,,2026-05-15,,0.05,0.37,0.35,16.42,23.82,23.82,-4.18,-0.41,30.98
5105.T,ＴＯＹＯ　ＴＩＲＥ,2026-07-28,4145.0,4161.0,4855.0,False,-14.29,0.5,0.81,,,,,2026-02-26,102.0,34.27,True,1.71,True,True,11.25,-25.54,False,crossed,13.0,,,1.29,False,3.26,widening,False,,-14.13,3942.0,4827.0,2026-02-27,-18.33,False,2026-07-08,2026-03-17,,0.4,0.26,0.02,8.54,26.6,26.6,9.48,-6.33,34.62
9782.T,ディーエムエス,2026-07-28,3485.0,3505.0,4090.0,False,-14.3,1.3,0.82,,,,,2026-02-27,101.0,17.1,True,3.66,True,True,9.66,-18.7,False,crossed,18.0,,,2.52,False,0.63,widening,False,,-14.79,3375.0,4090.0,2026-02-27,-17.48,False,2026-07-01,2026-04-06,,0.69,0.37,0.16,6.26,26.87,26.87,12.42,-8.53,16.59
5867.T,エスネットワークス,2026-07-28,1226.0,1226.0,1431.0,False,-14.33,3.53,0.2,,,,,2025-10-24,183.0,5.24,False,-0.74,False,True,5.78,-7.79,False,imminent,,-0.34,,,True,,,,,,,,,,,,2026-07-24,,0.08,0.28,0.25,14.19,15.88,22.26,2.77,-2.15,8.88
7818.T,トランザクション,2026-07-28,1204.0,1232.0,1438.0,False,-14.33,0.65,1.09,,,,,2026-07-14,9.0,-1.71,True,1.41,True,True,10.88,-15.76,False,crossed,35.0,,,2.78,True,-13.05,widening,True,13.0,-11.79,1296.0,1365.0,2026-02-25,-5.05,False,2026-06-08,2026-04-10,,0.44,0.13,0.1,15.33,20.66,25.99,2.56,1.78,-7.38
7686.T,ひとまいる,2026-07-28,421.0,424.0,495.0,False,-14.34,0.44,0.76,,,,,2023-09-22,693.0,-14.26,False,-1.46,False,True,2.84,-6.0,False,crossed,2.0,,,,False,,,False,,-6.86,422.0,452.0,2026-01-19,-6.64,False,2026-07-24,2026-03-24,,0.02,0.59,0.73,2.39,9.33,16.73,1.2,-5.82,-13.91
8020.T,兼松,2026-07-28,2073.5,2113.5,2468.0,False,-14.36,0.76,0.7,,,,,2026-02-27,101.0,45.15,True,4.19,True,True,8.63,-10.33,False,imminent,,-2.5,,,False,,,,,,,,,,,,2026-05-19,,0.28,0.17,0.77,13.24,18.76,18.76,-3.49,0.19,46.2
4826.T,ＣＩＪ,2026-07-28,515.0,518.0,605.0,False,-14.38,0.76,0.68,,,,,2026-01-08,134.0,7.29,True,1.36,True,True,2.98,-3.99,True,imminent,,-0.16,,,False,,,,,,,,,,,,2026-02-19,,0.07,0.24,0.02,9.23,13.08,17.77,0.78,-4.28,8.65
4547.T,キッセイ薬品工業,2026-07-28,4275.0,4315.0,5040.0,False,-14.38,0.84,0.63,,,,,2026-02-27,101.0,3.89,False,-2.64,False,True,7.78,-11.09,False,imminent,,-1.18,,,False,,,,,,,,,,,,2026-05-12,,0.01,0.55,0.03,21.03,28.04,28.04,-6.35,-9.33,3.64
1407.T,ウエストホールディングス,2026-07-28,2620.0,2799.0,3270.0,False,-14.4,0.74,1.3,,,,,2026-05-27,43.0,50.75,True,34.02,True,True,21.48,-24.6,False,imminent,,-2.05,,,True,,,,,,,,,,,,2026-07-06,,0.27,0.61,0.5,30.95,30.95,33.07,2.83,60.93,67.41
1959.T,クラフティア,2026-07-28,8941.0,9056.0,10580.0,False,-14.4,0.63,0.82,,,,,2026-02-27,101.0,42.8,True,3.17,True,False,11.08,-11.53,False,,,,,,,,,,,,,,,,,,,,0.17,0.03,0.74,13.85,19.25,19.25,-5.94,5.9,43.79
9867.T,ソレキア,2026-07-28,10260.0,10260.0,11990.0,False,-14.43,0.27,0.77,,,,,2026-02-03,117.0,60.31,True,4.46,True,False,10.04,-14.7,False,crossed,26.0,,,-0.39,False,-3.93,widening,False,,-13.64,10230.0,11880.0,2026-02-02,-13.89,True,2026-06-19,2026-04-09,,0.14,0.28,0.65,5.62,21.3,21.3,6.99,0.0,59.07
5406.T,神戸製鋼所,2026-07-28,1997.0,2036.0,2379.5,False,-14.44,0.94,1.1,,,,,2026-02-06,114.0,21.95,True,0.67,True,False,7.37,-16.92,False,imminent,,-0.85,,,False,,,,,,,,,,,,2026-03-24,,0.0,0.58,0.22,8.18,21.45,21.45,7.74,-15.0,22.4
2872.T,セイヒョー,2026-07-28,1986.0,1995.0,2332.0,False,-14.45,0.87,1.72,,,,,2023-03-23,818.0,-13.69,False,-2.94,False,False,4.17,-8.82,False,diverging,,-4.86,-0.25,,True,,,,,,,,,,,,2026-06-29,,0.73,0.0,0.03,10.79,11.34,17.43,-6.32,-2.74,-12.89
3002.T,グンゼ,2026-07-28,4030.0,4075.0,4765.0,False,-14.48,1.28,0.88,,,,,2026-03-02,100.0,9.96,False,-0.61,True,True,7.86,-22.02,False,crossed,14.0,,,-1.49,False,-2.29,narrowing,False,,-15.07,4040.0,4745.0,2026-02-27,-14.86,False,2026-07-07,2026-03-30,3ヶ月,0.84,0.49,0.01,4.46,24.45,24.45,9.81,-12.2,9.51
3086.T,Ｊ．フロント　リテイリング,2026-07-28,3046.0,3093.0,3617.0,False,-14.49,0.35,0.56,,,,,2026-06-30,19.0,52.0,True,23.69,True,True,21.3,-15.79,False,crossed,21.0,,,-2.73,True,-9.76,widening,True,0.0,-6.62,3262.0,3262.0,2026-06-26,0.0,False,2026-06-26,2026-05-07,,0.69,0.22,0.31,18.79,23.4,23.4,30.76,32.0,53.07
6467.T,ニチダイ,2026-07-28,330.0,330.0,386.0,False,-14.51,1.96,0.38,,,,,2024-10-16,433.0,-8.59,False,-4.2,False,False,3.11,-4.96,False,imminent,,-1.83,,,False,,,,,,,,,,,,2026-04-07,,0.48,0.79,0.62,7.78,12.09,15.34,-4.62,-6.25,-8.59
7695.T,交換できるくん,2026-07-28,726.0,740.0,865.7,False,-14.52,0.23,0.36,,,,,2025-01-29,364.0,-6.72,False,-8.17,False,False,4.91,-6.92,False,imminent,,-1.76,,,False,,,,,,,,,,,,2026-04-10,,0.02,0.55,0.32,15.57,19.55,21.04,-3.46,-9.36,-7.32
8570.T,イオンフィナンシャルサービス,2026-07-28,1569.5,1590.0,1860.0,False,-14.52,0.4,1.01,,,,,2026-02-19,106.0,19.31,False,-0.76,True,True,6.29,-11.81,False,imminent,,-0.6,,,False,,,,,,,,,,,,2026-03-23,,0.01,0.61,0.09,9.95,22.4,22.4,1.29,-7.02,20.41
4308.T,Ｊストリーム,2026-07-28,353.0,359.0,420.0,False,-14.52,1.33,1.28,,,,,2025-03-26,327.0,-5.87,False,-2.91,False,True,6.9,-12.81,False,imminent,,-0.14,,,False,,,,,,,,,,,,2026-04-10,,0.01,0.46,0.19,8.04,15.52,17.92,-2.22,-8.79,-5.61
7545.T,西松屋チェーン,2026-07-28,1999.0,2012.0,2354.0,False,-14.53,0.88,1.56,,,,,2024-09-20,449.0,-7.58,False,-3.91,False,True,4.93,-8.61,False,imminent,,-0.6,,,False,,,,,,,,,,,,2026-03-23,,0.0,0.69,0.56,8.99,18.5,20.74,-0.45,-7.28,-6.89
7261.T,マツダ,2026-07-28,1180.5,1192.0,1395.0,False,-14.55,1.32,0.96,,,,,2026-02-18,107.0,35.18,True,3.48,True,True,11.18,-25.17,False,crossed,29.0,,,-8.24,False,-3.42,narrowing,False,,-14.98,1164.5,1388.5,2026-02-27,-16.13,False,2026-06-16,2026-03-26,,0.51,0.2,0.13,9.64,28.64,28.64,15.28,-4.41,35.94
7599.T,ＩＤＯＭ,2026-07-28,1326.0,1339.0,1567.0,False,-14.55,0.39,1.83,,,,,2026-02-05,115.0,18.82,True,0.66,True,True,8.9,-18.41,False,crossed,21.0,,,4.69,False,-6.0,widening,False,,-14.12,1365.0,1544.0,2026-02-04,-11.59,False,2026-06-26,2026-03-27,,0.05,0.24,0.62,15.33,21.76,21.76,-0.38,-1.63,32.87
7276.T,小糸製作所,2026-07-28,2513.0,2540.5,2973.0,False,-14.55,0.66,0.78,,,,,2026-06-05,36.0,39.11,True,0.47,True,False,8.21,-13.54,False,,,,,,,,,,,,,,,,,,,,0.18,0.04,0.77,15.43,15.43,15.43,-0.02,2.84,39.49
6647.T,森尾電機,2026-07-28,2700.0,2700.0,3160.0,False,-14.56,1.13,1.28,,,,,2026-05-12,54.0,45.95,True,7.41,True,True,8.55,-10.93,False,imminent,,-0.07,,,True,,,,,,,,,,,,2026-06-02,,0.01,0.05,0.81,22.42,22.67,22.67,-8.16,10.7,46.66
6785.T,鈴木,2026-07-28,2881.0,2999.0,3510.0,False,-14.56,1.23,1.0,,,,,2026-05-29,41.0,63.79,True,5.59,True,False,11.1,-13.02,False,,,,,,,,,,,,,,,,,,,,0.0,0.57,0.92,16.25,16.25,16.25,6.23,16.59,61.04
2760.T,東京エレクトロン　デバイス,2026-07-28,3675.0,3840.0,4495.0,False,-14.57,1.35,0.72,,,,,2026-05-25,45.0,44.69,True,5.73,True,False,9.89,-19.54,False,crossed,52.0,,,4.33,True,-19.35,widening,True,0.0,-9.03,4040.0,4040.0,2026-05-14,0.0,False,2026-05-14,2026-03-23,,0.0,0.27,0.74,16.44,22.79,22.79,7.61,0.27,43.55
4767.T,テー・オー・ダブリュー,2026-07-28,338.0,340.0,398.0,False,-14.57,0.97,0.43,,,,,2026-01-13,132.0,9.39,False,-7.74,False,False,7.22,-10.64,False,diverging,,-6.05,-2.96,,False,,,,,,,,,,,,2026-02-26,,0.77,0.75,0.05,15.38,17.78,19.04,-8.65,-12.21,9.74
4362.T,日本精化,2026-07-28,2646.0,2661.0,3115.0,False,-14.57,0.69,0.7,,,,,2026-01-23,124.0,2.56,True,1.04,False,True,7.13,-13.12,False,crossed,18.0,,,2.33,False,1.71,widening,False,,-14.09,2536.0,3080.0,2026-01-22,-17.66,False,2026-07-01,2026-02-18,,0.46,0.15,0.2,7.15,23.93,23.93,12.93,-14.09,4.26
7919.T,野崎印刷紙業,2026-07-28,205.0,205.0,240.0,False,-14.58,2.06,1.25,,,,,2025-08-27,222.0,9.04,True,2.5,False,True,5.62,-7.8,False,imminent,,-0.38,,,False,,,,,,,,,,,,2026-04-08,,0.0,0.63,0.03,9.27,16.22,16.22,0.0,-7.66,9.63
2894.T,石井食品,2026-07-28,331.0,334.0,391.0,False,-14.58,0.81,1.04,,,,,2026-03-09,95.0,6.43,False,-0.65,True,True,3.87,-7.9,False,imminent,,-0.24,,,False,,,,,,,,,,,,2026-04-22,,0.02,0.5,0.24,4.76,15.12,15.12,-1.49,-4.06,6.09
3031.T,ラクーンホールディングス,2026-07-28,636.0,644.0,754.0,False,-14.59,1.13,0.47,,,,,2025-03-26,327.0,-4.36,False,-1.13,False,True,5.79,-10.65,False,,,,,,,,,,,,,,,,,,,,0.2,0.3,0.42,17.99,19.65,25.67,-6.19,-1.85,-4.79
4544.T,Ｈ．Ｕ．グループホールディングス,2026-07-28,3478.0,3496.0,4093.0,False,-14.59,0.9,0.73,,,,,2025-10-20,187.0,9.2,True,3.53,False,True,6.8,-7.34,False,crossed,34.0,,,-4.27,False,-3.34,narrowing,False,,-0.46,3396.0,3494.0,2026-01-13,-2.8,False,2026-06-09,2025-12-08,,0.49,0.15,0.24,9.42,11.9,25.37,9.03,5.43,8.69
4124.T,大阪油化工業,2026-07-28,2729.0,2729.0,3195.0,False,-14.59,0.66,0.94,,,,,2025-01-27,366.0,9.2,True,6.93,False,True,5.88,-6.82,False,crossed,2.0,,,,True,,,False,,-1.34,2682.0,2766.0,2026-05-07,-3.04,False,2026-07-24,2026-06-11,,0.01,0.34,0.0,9.26,9.26,26.27,0.89,10.93,10.04
5020.T,ＥＮＥＯＳホールディングス,2026-07-28,1301.0,1326.0,1552.5,False,-14.59,0.7,0.74,,,,,2026-03-02,100.0,75.03,True,6.24,True,True,8.26,-8.31,False,,,,,,,,,,,,,,,,,,,,0.18,0.33,0.73,14.07,22.86,22.86,0.12,3.91,75.41
6809.T,ＴＯＡ,2026-07-28,1630.0,1645.0,1926.0,False,-14.59,0.69,0.88,,,,,2026-03-26,83.0,62.03,True,0.04,True,True,11.39,-10.29,False,imminent,,-1.56,,,False,,,,,,,,,,,,2026-05-11,,0.02,0.49,0.53,14.33,19.65,19.65,-4.85,-2.86,62.84
7994.T,オカムラ,2026-07-28,2327.0,2358.0,2761.0,False,-14.6,0.97,1.09,,,,,2026-03-02,100.0,0.61,False,-1.83,False,True,6.21,-9.84,False,imminent,,-2.71,,,False,,,,,,,,,,,,2026-05-12,,0.29,0.53,0.0,12.89,20.17,20.17,-7.77,-3.88,-0.17
546A.T,ＭＩＲＡＩＮＩホールディングス,2026-07-28,2196.0,2263.0,2650.0,False,-14.6,0.2,9.77,,,,,,,,,,,True,,,False,,,,,,,,,,,,,,,,,,,,0.35,,,12.44,,,14.97,,
7593.T,ＶＴホールディングス,2026-07-28,487.0,491.0,575.0,False,-14.61,0.7,0.74,,,,,2026-02-13,110.0,4.73,False,-2.48,False,True,6.48,-15.16,False,crossed,1.0,,,,False,,,False,,-15.16,489.0,574.0,2026-02-27,-14.81,False,2026-07-27,2026-03-26,,0.03,0.71,0.05,10.17,24.56,24.56,1.46,-11.78,5.87
7172.T,ジャパンインベストメントアドバイザー,2026-07-28,2094.0,2131.0,2496.0,False,-14.62,0.86,0.91,,,,,2026-02-10,112.0,16.27,True,1.69,True,True,11.74,-11.35,False,crossed,50.0,,,1.72,False,-6.91,widening,False,,-15.67,2035.0,2483.0,2026-02-10,-18.04,False,2026-05-18,2026-03-03,,0.06,0.01,0.18,9.22,25.21,25.21,6.89,-4.73,15.69
4985.T,アース製薬,2026-07-28,4735.0,4755.0,5570.0,False,-14.63,0.78,0.78,,,,,2024-12-30,381.0,0.74,False,-2.87,False,True,3.65,-6.59,False,crossed,9.0,,,-0.53,False,-0.01,narrowing,False,,-7.34,4675.0,5110.0,2026-03-02,-8.51,False,2026-07-14,2025-11-04,,0.23,0.56,0.61,4.35,11.15,17.6,2.6,-4.92,0.42
3001.T,片倉工業,2026-07-28,2727.0,2766.0,3240.0,False,-14.63,0.85,0.8,,,,,2026-02-17,108.0,8.78,False,-1.62,False,True,9.12,-12.52,False,crossed,0.0,,,,False,,,False,,-13.84,2727.0,3165.0,2026-02-17,-13.84,False,2026-07-28,2026-03-27,,0.01,0.69,0.1,12.15,26.22,26.22,7.66,-8.83,7.96
4114.T,日本触媒,2026-07-28,2151.0,2175.0,2548.0,False,-14.64,0.7,0.87,,,,,2026-03-03,99.0,28.61,True,2.79,True,True,7.31,-10.79,False,imminent,,-0.5,,,False,,,,,,,,,,,,2026-04-20,,0.0,0.61,0.48,9.84,21.36,21.36,1.58,-3.41,28.92
6484.T,ＫＶＫ,2026-07-28,2317.0,2368.0,2774.0,False,-14.64,2.78,1.37,,,,,2026-01-13,132.0,19.13,False,-2.81,True,True,4.7,-5.81,False,,,,,,,,,,,,,,,,,,,,0.07,0.63,0.43,8.43,13.19,15.52,-3.3,-8.16,20.11
4093.T,東邦アセチレン,2026-07-28,419.0,431.0,505.0,False,-14.65,1.06,0.5,,,,,2026-03-26,83.0,19.03,True,6.11,True,True,8.6,-7.73,False,crossed,8.0,,,0.94,False,-2.57,widening,False,,-14.14,425.0,488.0,2026-03-18,-12.91,False,2026-07-15,2026-05-19,,0.39,0.01,0.6,13.15,24.18,24.18,-1.64,13.55,19.37
6391.T,加地テック,2026-07-28,4470.0,4540.0,5320.0,False,-14.66,0.62,0.47,,,,,2026-03-12,92.0,35.87,True,10.98,True,True,10.68,-15.45,False,imminent,,-2.3,,,True,,,,,,,,,,,,2026-06-04,,0.16,0.06,0.63,25.15,27.72,27.72,-7.17,18.88,35.25
7065.T,ユーピーアール,2026-07-28,977.0,1012.0,1186.0,False,-14.67,1.0,2.93,,,,,2026-07-15,8.0,23.36,True,7.95,True,True,9.47,-11.79,False,crossed,51.0,,,-5.95,True,-17.81,widening,False,,-13.69,1059.0,1132.0,2026-01-21,-6.45,True,2026-05-15,2026-03-30,,0.0,0.0,0.57,14.56,25.5,27.47,-1.71,-11.34,23.67
9895.T,コンセック,2026-07-28,1267.0,1267.0,1485.0,False,-14.68,0.13,1.0,,,,,2025-06-04,280.0,0.24,True,0.69,False,True,2.88,-4.8,False,crossed,8.0,,,0.71,False,-1.08,widening,False,,-4.88,1266.0,1332.0,2026-02-27,-4.95,False,2026-07-15,2026-04-23,,0.35,0.18,0.02,2.25,6.23,8.45,0.8,1.36,0.24
3571.T,ソトー,2026-07-28,712.0,715.0,838.0,False,-14.68,0.73,1.0,,,,,2025-07-31,240.0,1.71,False,-5.27,False,True,3.08,-8.33,False,crossed,8.0,,,0.56,False,-0.88,widening,False,,-12.64,710.0,815.0,2026-01-23,-12.88,False,2026-07-15,2026-03-31,,0.37,0.67,0.34,3.22,15.09,15.09,1.14,-12.32,3.79
6070.T,キャリアリンク,2026-07-28,2391.0,2401.0,2815.0,False,-14.71,0.87,0.93,,,,,2026-02-27,101.0,8.83,False,-2.6,False,True,6.64,-13.91,False,crossed,2.0,,,,False,,,False,,-14.94,2385.0,2811.0,2026-02-27,-15.15,False,2026-07-24,2026-04-02,,0.06,0.68,0.02,10.31,24.8,24.8,1.44,-11.18,9.48
7674.T,ＮＡＴＴＹ　ＳＷＡＮＫＹホールディングス,2026-07-28,2814.0,2822.0,3310.0,False,-14.74,0.97,1.3,,,,,2023-06-14,762.0,-14.86,True,0.39,False,True,4.58,-9.72,False,crossed,41.0,,,0.73,False,0.26,narrowing,False,,-7.74,2611.0,3050.0,2026-01-07,-14.39,False,2026-05-29,2026-01-16,3ヶ月,0.87,0.03,0.62,3.64,21.9,28.16,11.27,-7.28,-14.73
1333.T,Ｕｍｉｏｓ,2026-07-28,1347.5,1354.5,1589.0,False,-14.76,0.49,0.97,,,,,2026-02-27,101.0,32.93,True,1.99,True,True,7.0,-8.99,False,crossed,0.0,,,,False,,,False,,-15.01,1347.5,1585.5,2026-02-27,-15.01,False,2026-07-28,2026-04-27,,0.15,0.55,0.47,11.0,24.76,24.76,0.67,-3.41,32.11
7955.T,クリナップ,2026-07-28,932.0,941.0,1104.0,False,-14.76,0.76,1.35,,,,,2026-03-03,99.0,30.53,True,4.67,True,True,9.36,-13.93,False,crossed,7.0,,,-1.8,False,-2.08,narrowing,False,,-14.65,942.0,1092.0,2026-03-03,-13.74,False,2026-07-16,2026-04-22,,0.25,0.1,0.62,9.14,21.06,21.06,7.62,5.79,31.27
5356.T,美濃窯業,2026-07-28,1263.0,1273.0,1494.0,False,-14.79,0.42,0.67,,,,,2026-06-01,40.0,26.43,True,0.61,True,False,8.16,-11.06,False,crossed,36.0,,,7.55,True,-7.92,widening,True,7.0,-8.87,1285.0,1386.0,2026-06-01,-7.29,False,2026-06-05,2026-04-10,,0.34,0.27,0.11,11.79,12.64,18.35,6.85,5.69,25.55
3474.T,Ｇ－ＦＡＣＴＯＲＹ,2026-07-28,578.0,581.0,682.0,False,-14.81,0.48,1.3,,,,,2024-10-22,429.0,0.7,False,-0.69,False,True,4.98,-7.65,False,crossed,4.0,,,,False,,,False,,-3.83,574.0,601.0,2026-01-07,-4.49,False,2026-07-22,2026-01-05,,0.14,0.17,0.64,4.17,9.43,22.24,5.09,1.23,0.7
9505.T,北陸電力,2026-07-28,952.6,972.6,1142.0,False,-14.83,0.95,0.86,,,,,2026-03-03,99.0,30.91,False,-0.33,True,True,10.64,-18.24,False,imminent,,-0.89,,,False,,,,,,,,,,,,2026-05-08,,0.03,0.46,0.09,20.43,29.51,29.51,-4.14,-6.88,30.67
4235.T,ウルトラファブリックス・ホールディングス,2026-07-28,691.0,710.0,834.0,False,-14.87,1.11,1.03,,,,,2022-09-06,950.0,-2.54,False,-3.56,False,True,5.43,-9.88,False,crossed,0.0,,,,True,,,False,,-12.09,691.0,786.0,2026-02-10,-12.09,False,2026-07-28,2026-06-26,,0.15,0.39,0.32,4.83,18.45,21.54,3.44,-7.99,-1.71
6365.T,電業社機械製作所,2026-07-28,5380.0,5380.0,6320.0,False,-14.87,0.37,0.75,,,,,2026-03-16,90.0,14.47,False,-1.94,True,True,5.08,-6.53,False,imminent,,-1.5,,,False,,,,,,,,,,,,2026-05-07,,0.03,0.39,0.47,12.24,17.97,17.97,-8.5,-6.76,15.08
2737.T,トーメンデバイス,2026-07-28,15120.0,16000.0,18800.0,False,-14.89,1.49,0.9,,,,,2026-06-24,23.0,149.09,True,18.08,True,True,18.54,-16.86,False,crossed,56.0,,,-11.08,True,-19.25,widening,True,31.0,-9.89,16420.0,16780.0,2026-05-07,-2.15,True,2026-05-08,2026-04-01,,0.21,0.56,0.84,18.75,27.87,27.87,3.42,2.79,146.25
8018.T,三共生興,2026-07-28,802.0,816.0,959.0,False,-14.91,0.94,0.65,,,,,2026-04-08,74.0,29.98,True,1.11,True,False,7.75,-11.23,False,diverging,,-6.44,-1.69,,False,,,,,,,,,,,,2026-05-27,,0.64,0.04,0.73,16.45,18.32,18.32,-7.71,8.82,30.19
3237.T,イントランス,2026-07-28,91.0,97.0,114.0,False,-14.91,0.52,0.49,,,,,2026-07-13,10.0,21.33,True,24.55,True,True,16.28,-17.53,False,crossed,57.0,,,5.71,False,18.41,narrowing,True,27.0,15.19,70.0,79.0,2026-04-01,-11.39,True,2026-05-07,2025-10-22,,0.83,0.61,0.0,16.51,23.19,48.04,42.19,33.82,21.33
2753.T,あみやき亭,2026-07-28,1354.0,1357.0,1595.0,False,-14.92,0.84,1.0,,,,,2024-04-10,560.0,-8.39,False,-1.34,False,True,5.0,-12.55,False,imminent,,-0.5,,,False,,,,,,,,,,,,2026-04-27,,0.02,0.52,0.44,6.24,13.66,19.74,2.03,-3.77,-8.02
2769.T,ヴィレッジヴァンガードコーポレーション,2026-07-28,886.0,889.0,1045.0,False,-14.93,0.57,0.99,,,,,2023-11-28,649.0,-13.65,False,-6.3,False,True,3.77,-10.43,False,imminent,,-0.4,,,False,,,,,,,,,,,,2025-11-28,,0.0,0.66,0.79,13.72,17.08,22.17,-5.74,-9.13,-11.93
5284.T,ヤマウホールディングス,2026-07-28,2213.0,2227.0,2618.0,False,-14.94,0.42,1.64,,,,,2025-09-05,215.0,5.33,False,-4.83,False,True,6.13,-12.89,False,crossed,12.0,,,-1.63,False,-4.5,widening,False,,-12.7,2276.0,2535.0,2026-01-13,-10.22,False,2026-07-09,2026-03-17,,0.2,0.52,0.1,6.3,16.36,17.85,3.31,-12.22,6.14
7198.T,ＳＢＩアルヒ,2026-07-28,802.0,808.0,950.0,False,-14.95,0.62,1.06,,,,,2026-01-15,130.0,-5.09,False,-5.57,False,True,5.82,-11.75,False,imminent,,-2.6,,,False,,,,,,,,,,,,2026-03-18,,0.35,0.78,0.01,11.16,17.7,18.31,-7.71,-12.35,-4.64
2327.T,日鉄ソリューションズ,2026-07-28,3938.0,3958.0,4655.0,False,-14.97,0.66,0.9,,,,,2026-01-23,124.0,3.22,True,3.34,True,True,8.09,-8.91,False,crossed,1.0,,,,False,,,False,,-15.37,3904.0,4653.0,2026-01-23,-16.1,False,2026-07-27,2026-02-24,,0.04,0.35,0.02,15.93,32.95,32.95,7.01,-13.98,3.22
2301.T,学情,2026-07-28,1647.0,1656.0,1948.0,False,-14.99,0.77,0.79,,,,,2024-12-13,392.0,-8.65,False,-1.82,False,True,6.64,-15.84,False,crossed,2.0,,,,False,,,False,,-13.32,1617.0,1900.0,2026-02-27,-14.89,False,2026-07-24,2026-03-26,,0.08,0.6,0.4,6.71,20.26,21.38,2.11,-7.89,-7.63
6384.T,昭和真空,2026-07-28,1600.0,1649.0,1940.0,False,-15.0,1.41,0.45,,,,,2026-06-24,23.0,18.96,False,-1.73,True,True,7.1,-13.0,False,crossed,14.0,,,-1.53,True,-8.03,widening,False,,-14.8,1702.0,1878.0,2026-03-18,-9.37,False,2026-07-07,2026-05-18,,0.01,0.0,0.74,16.08,16.88,16.88,-5.88,-0.5,19.14
7813.T,プラッツ,2026-07-28,815.0,830.0,977.0,False,-15.05,1.29,0.36,,,,,2026-06-16,29.0,22.56,False,-2.52,True,False,6.0,-8.43,False,,,,,,,,,,,,,,,,,,,,0.0,0.43,0.33,16.32,16.32,16.32,-2.74,0.37,22.37
3986.T,ビーブレイクシステムズ,2026-07-28,489.0,491.0,578.0,False,-15.05,0.34,0.42,,,,,2024-06-14,516.0,4.94,True,0.51,False,False,7.66,-10.31,False,diverging,,-5.67,-0.1,,True,,,,,,,,,,,,2026-07-07,,0.41,0.06,0.17,19.29,19.29,21.22,-5.78,3.16,4.71
8022.T,美津濃,2026-07-28,3705.0,3725.0,4385.0,False,-15.05,0.49,0.82,,,,,2026-02-12,111.0,40.82,True,12.29,True,True,10.5,-17.1,False,crossed,13.0,,,1.13,False,2.33,widening,False,,-13.54,3555.0,4285.0,2026-02-12,-17.04,False,2026-07-08,2026-04-09,,0.47,0.05,0.63,13.57,27.89,27.89,12.79,12.1,40.71
6325.T,タカキタ,2026-07-28,405.0,406.0,478.0,False,-15.06,0.28,1.34,,,,,2025-09-08,214.0,5.74,True,1.1,False,True,4.88,-8.98,False,imminent,,-0.19,,,True,,,,,,,,,,,,2026-06-12,,0.06,0.07,0.09,4.17,6.01,19.32,0.25,-0.49,6.58
4380.T,Ｍマート,2026-07-28,1239.0,1240.0,1460.0,False,-15.07,1.44,0.31,,,,,2025-09-18,207.0,1.56,True,0.78,False,True,5.98,-11.12,False,imminent,,-0.07,,,False,,,,,,,,,,,,2026-02-26,,0.02,0.52,0.56,14.95,21.07,28.97,4.73,-4.98,1.23
3053.T,ペッパーフードサービス,2026-07-28,183.0,186.0,219.0,False,-15.07,0.63,0.53,,,,,2025-04-22,308.0,-13.27,True,0.66,False,False,5.92,-14.83,False,,,,,,,,,,,,,,,,,,,,0.01,0.36,0.05,12.81,12.81,24.2,1.67,5.78,-9.85
6810.T,マクセル,2026-07-28,2072.0,2164.0,2548.0,False,-15.07,0.71,0.48,,,,,2025-12-23,143.0,13.53,False,-4.39,False,True,5.98,-10.21,False,crossed,24.0,,,-0.75,False,-7.26,widening,False,,-16.08,2146.0,2469.0,2026-01-22,-13.08,False,2026-06-23,2026-02-18,,0.32,0.12,0.0,12.62,23.98,25.13,-3.54,-16.08,12.12
9272.T,ブティックス,2026-07-28,1444.0,1465.0,1725.0,False,-15.07,0.23,0.34,,,,,2026-05-13,53.0,3.36,False,-1.35,False,True,8.57,-13.03,False,imminent,,-0.91,,,False,,,,,,,,,,,,2026-05-29,,0.03,0.02,0.15,24.9,24.9,24.9,-9.01,1.26,5.48
1966.T,高田工業所,2026-07-28,1720.0,1740.0,2049.0,False,-15.08,1.46,0.83,,,,,2026-02-19,106.0,11.69,False,-1.61,True,True,4.75,-8.68,False,crossed,7.0,,,-3.69,False,-6.36,widening,False,,-14.6,1817.0,2014.0,2026-02-19,-9.78,False,2026-07-16,2026-04-02,,0.03,0.39,0.25,15.16,22.49,22.49,-6.52,-9.81,12.71
9244.T,デジタリフト,2026-07-28,1234.0,1239.0,1459.0,False,-15.08,0.71,0.81,,,,,2025-09-01,219.0,57.0,True,22.0,False,True,10.3,-22.01,False,crossed,66.0,,,-2.06,True,7.28,widening,True,9.0,16.86,1021.0,1056.0,2026-01-26,-3.31,False,2026-04-20,2026-04-03,,0.64,0.53,0.0,11.61,12.78,35.23,21.1,23.03,50.49
1946.T,トーエネック,2026-07-28,2050.0,2135.0,2514.0,False,-15.08,1.49,1.01,,,,,2026-05-07,57.0,57.81,True,1.82,True,True,12.91,-17.1,False,crossed,54.0,,,-7.7,True,-26.46,widening,False,,-16.46,2430.0,2454.0,2026-05-01,-0.98,True,2026-05-12,2026-04-06,,0.13,0.01,0.77,16.95,19.77,19.77,2.04,-6.99,57.33
7932.T,ニッピ,2026-07-28,12160.0,12440.0,14650.0,False,-15.09,1.01,1.0,,,,,2026-02-10,112.0,13.75,False,-4.59,True,True,6.55,-17.14,False,crossed,5.0,,,0.08,False,-0.67,,False,,-16.94,12150.0,14640.0,2026-02-27,-17.01,False,2026-07-21,2026-04-02,,0.29,0.67,0.02,6.99,22.81,22.81,3.4,-13.51,15.26
8614.T,東洋証券,2026-07-28,667.0,681.0,802.0,False,-15.09,0.83,1.63,,,,,2026-02-27,101.0,33.13,True,2.36,True,True,9.68,-21.6,False,crossed,1.0,,,,False,,,False,,-16.73,682.0,801.0,2026-02-27,-14.86,False,2026-07-27,2026-04-10,,0.06,0.65,0.4,12.35,25.59,25.59,-0.3,-11.3,33.67
9962.T,ミスミグループ本社,2026-07-28,3460.0,3568.0,4204.0,False,-15.13,0.88,0.83,,,,,2026-07-06,15.0,73.65,True,17.38,True,True,14.46,-16.6,False,,,,,,,,,,,,,,,,,,,,0.48,0.74,0.88,17.36,18.04,18.04,13.74,33.28,70.02
9409.T,テレビ朝日ホールディングス,2026-07-28,3195.0,3225.0,3800.0,False,-15.13,0.61,0.65,,,,,2026-02-13,110.0,16.06,False,-2.85,False,False,5.71,-6.56,False,diverging,,-1.79,-1.48,,False,,,,,,,,,,,,2026-03-16,,0.02,0.54,0.11,10.12,18.19,18.19,-1.69,-8.32,14.19
5233.T,太平洋セメント,2026-07-28,4188.0,4216.0,4968.0,False,-15.14,0.52,0.88,,,,,2026-02-10,112.0,14.18,True,5.02,False,False,12.62,-22.08,False,crossed,38.0,,,-7.4,False,-12.81,widening,False,,-13.17,4460.0,4823.0,2026-02-12,-7.53,False,2026-06-03,2026-03-25,,0.11,0.01,0.04,14.59,30.91,30.91,17.71,-2.13,13.8
2489.T,アドウェイズ,2026-07-28,307.0,314.0,370.0,False,-15.14,0.94,0.55,,,,,2021-05-21,1268.0,-9.17,True,9.66,False,True,8.62,-17.09,False,crossed,17.0,,,-0.67,True,-0.15,narrowing,True,2.0,1.66,300.0,302.0,2026-06-22,-0.66,False,2026-07-02,2026-06-01,,0.44,0.33,0.2,11.56,11.56,30.49,10.43,15.85,-8.08
250A.T,シマダヤ,2026-07-28,1661.0,1680.0,1980.0,False,-15.15,1.49,0.87,,,,,2026-03-02,100.0,-13.22,False,-5.03,False,True,5.64,-9.77,False,imminent,,-0.13,,,False,,,,,,,,,,,,2026-04-16,,0.0,0.64,0.33,11.48,22.68,22.68,-3.15,-7.72,-13.8
3306.T,日本製麻,2026-07-28,825.0,840.0,990.0,False,-15.15,4.49,5.53,,,,,2025-08-15,230.0,17.02,True,18.9,False,True,12.43,-22.15,False,crossed,6.0,,,15.7,False,12.75,narrowing,True,2.0,11.64,726.0,739.0,2026-07-16,-1.76,False,2026-07-17,2026-04-16,,0.31,0.13,0.56,10.68,19.07,38.76,24.06,15.55,17.02
7269.T,スズキ,2026-07-28,2088.5,2098.0,2473.0,False,-15.16,0.54,0.99,,,,,2025-11-27,161.0,24.69,False,-0.73,False,True,11.27,-20.88,False,crossed,23.0,,,5.68,False,7.3,widening,False,,-12.67,1883.5,2391.5,2026-01-05,-21.24,False,2026-06-24,2026-01-29,3ヶ月,0.76,0.19,0.02,9.48,26.95,28.86,17.56,-8.12,25.74
9003.T,相鉄ホールディングス,2026-07-28,2666.0,2686.0,3167.0,False,-15.19,0.88,0.81,,,,,2026-04-09,73.0,15.46,False,-1.74,False,True,5.81,-9.75,False,imminent,,-2.76,,,False,,,,,,,,,,,,2026-05-13,,0.1,0.57,0.02,15.66,25.05,25.05,-3.12,-6.86,15.46
9022.T,東海旅客鉄道,2026-07-28,4082.0,4095.0,4830.0,False,-15.22,0.5,0.86,,,,,2026-02-19,106.0,23.88,True,0.3,False,True,9.94,-11.37,False,imminent,,-0.78,,,False,,,,,,,,,,,,2026-03-27,,0.0,0.67,0.05,20.78,32.24,32.24,-0.68,-3.41,24.64
6474.T,不二越,2026-07-28,5410.0,5790.0,6830.0,False,-15.23,1.05,1.77,,,,,2026-07-14,9.0,64.69,True,9.86,True,True,9.48,-17.23,False,crossed,53.0,,,-3.49,True,-16.16,widening,True,0.0,-5.58,5730.0,5730.0,2026-05-13,0.0,False,2026-05-13,2026-04-06,,0.39,0.58,0.92,17.91,17.91,18.86,11.32,8.53,64.44
9273.T,コーア商事ホールディングス,2026-07-28,771.0,779.0,919.0,False,-15.23,0.28,0.43,,,,,2026-03-03,99.0,8.44,False,-5.37,False,True,6.01,-9.38,False,,,,,,,,,,,,,,,,,,,,0.46,0.63,0.08,15.29,17.71,17.71,-4.81,-9.72,10.62
2961.T,日本調理機,2026-07-28,6450.0,6450.0,7610.0,False,-15.24,2.03,0.33,,,,,2026-06-26,21.0,64.12,True,29.16,True,True,10.02,-4.6,False,crossed,40.0,,,-1.96,True,19.25,widening,True,17.0,24.28,5100.0,5190.0,2026-05-28,-1.73,False,2026-06-01,2026-04-23,1年,0.67,0.47,0.77,9.28,9.28,9.28,33.54,34.38,62.47
2127.T,日本Ｍ＆Ａセンターホールディングス,2026-07-28,684.0,689.0,813.0,False,-15.25,0.84,0.89,,,,,2025-10-27,182.0,-3.51,False,-0.89,False,True,4.84,-12.81,False,crossed,5.0,,,1.11,False,0.36,,False,,-10.44,676.5,763.7,2026-02-03,-11.42,False,2026-07-21,2026-02-12,,0.09,0.25,0.64,10.12,18.79,23.03,2.29,-5.13,-2.59
5301.T,東海カーボン,2026-07-28,1567.0,1621.0,1913.0,False,-15.26,1.19,0.79,,,,,2026-06-05,36.0,52.73,True,29.4,True,False,18.85,-13.6,False,crossed,57.0,,,34.95,True,21.83,narrowing,True,0.0,33.42,1174.5,1174.5,2026-05-07,0.0,False,2026-05-07,2026-03-19,,0.32,0.7,0.48,17.5,20.26,20.26,48.74,45.9,54.69
446A.T,ノースサンド,2026-07-28,1583.0,1610.0,1900.0,False,-15.26,0.99,1.01,,,,,,,,,,,True,20.53,-31.48,False,,,,,,,,,,,,,,,,,,,,0.28,0.03,,18.58,40.99,,15.97,2.73,
6798.T,ＳＭＫ,2026-07-28,3020.0,3165.0,3735.0,False,-15.26,4.02,1.06,,,,,2026-05-07,57.0,35.61,True,2.95,True,False,11.29,-15.89,False,diverging,,-7.87,-0.35,,True,,,,,,,,,,,,2026-07-06,,0.75,0.05,0.8,20.6,20.6,20.6,-11.18,6.41,34.52
4996.T,クミアイ化学工業,2026-07-28,732.0,738.0,871.0,False,-15.27,0.72,0.59,,,,,2025-09-03,217.0,-9.52,True,0.38,False,False,6.19,-17.53,False,diverging,,-2.86,-0.86,,True,,,,,,,,,,,,2026-06-08,,0.56,0.01,0.14,9.21,12.13,22.36,-3.17,3.98,-8.96
8030.T,中央魚類,2026-07-28,3650.0,3770.0,4450.0,False,-15.28,3.47,0.99,,,,,2026-03-11,93.0,2.67,False,-1.31,False,True,5.81,-7.27,False,imminent,,-0.89,,,False,,,,,,,,,,,,2026-05-01,,0.02,0.42,0.01,11.8,22.29,22.29,-4.2,-0.14,3.55
2311.T,エプコ,2026-07-28,775.0,792.0,935.0,False,-15.29,2.2,1.16,,,,,2025-09-05,215.0,6.31,False,-3.93,False,False,5.09,-4.93,False,diverging,,-3.7,-1.28,,True,,,,,,,,,,,,2026-06-08,,0.73,0.57,0.0,12.78,12.78,19.19,-3.12,-7.07,7.04
3178.T,チムニー,2026-07-28,1164.0,1169.0,1380.0,False,-15.29,0.49,0.59,,,,,2026-03-19,87.0,-5.9,False,-3.53,False,True,5.74,-10.0,False,imminent,,-0.64,,,False,,,,,,,,,,,,2026-04-08,,0.03,0.69,0.37,13.42,22.58,22.58,-2.1,-8.85,-6.73
6776.T,天昇電気工業,2026-07-28,266.0,266.0,314.0,False,-15.29,0.48,0.34,,,,,2024-02-13,599.0,-0.75,False,-0.29,False,True,4.24,-6.91,False,imminent,,-1.06,,,False,,,,,,,,,,,,2026-05-27,,0.14,0.14,0.04,10.39,12.59,12.59,-4.66,-1.48,0.0
6497.T,ハマイ,2026-07-28,1360.0,1372.0,1620.0,False,-15.31,0.56,0.57,,,,,2026-03-23,86.0,20.67,True,5.54,True,True,5.79,-9.09,False,crossed,19.0,,,-0.75,False,-0.9,narrowing,False,,-13.76,1335.0,1577.0,2026-03-18,-15.35,False,2026-06-30,2026-04-23,,0.19,0.0,0.59,6.67,21.05,21.05,1.42,7.94,20.35
4493.T,サイバーセキュリティクラウド,2026-07-28,1768.0,1815.0,2143.0,False,-15.31,0.65,1.08,,,,,2023-06-19,759.0,9.27,False,-0.2,True,True,7.32,-7.23,False,crossed,37.0,,,1.03,False,-5.49,narrowing,False,,-11.29,1751.0,1993.0,2026-01-16,-12.14,False,2026-06-04,2026-02-16,,0.54,0.07,0.06,10.26,22.29,29.62,14.14,-4.43,10.5
2488.T,ＪＴＰ,2026-07-28,1370.0,1422.0,1679.0,False,-15.31,2.83,0.78,,,,,2025-08-07,235.0,-2.63,True,1.51,False,True,6.64,-8.72,False,crossed,52.0,,,6.66,False,-4.28,widening,True,7.0,-3.18,1292.0,1415.0,2026-01-06,-8.69,False,2026-05-14,2025-10-29,,0.25,0.36,0.46,13.45,17.42,29.71,12.66,-0.44,-2.63
6420.T,ガリレイ,2026-07-28,3340.0,3400.0,4015.0,False,-15.32,0.8,0.73,,,,,2026-01-19,128.0,7.05,False,-6.82,False,False,5.46,-10.34,False,diverging,,-3.28,-2.38,,False,,,,,,,,,,,,2026-03-04,,0.66,0.66,0.04,9.6,17.41,18.14,-2.62,-14.03,8.44
1301.T,極洋,2026-07-28,4590.0,4615.0,5450.0,False,-15.32,0.52,0.72,,,,,2026-02-27,101.0,0.22,False,-3.81,False,True,5.27,-9.17,False,imminent,,-0.6,,,False,,,,,,,,,,,,2026-04-14,,0.01,0.73,0.08,10.24,23.44,23.44,-1.08,-8.75,-0.11
8584.T,ジャックス,2026-07-28,3740.0,3780.0,4465.0,False,-15.34,0.53,0.73,,,,,2026-01-09,133.0,-10.1,False,-6.86,False,True,6.29,-14.36,False,imminent,,-2.33,,,False,,,,,,,,,,,,2026-03-19,,0.09,0.71,0.44,18.1,23.93,24.01,-7.65,-13.63,-9.77
2935.T,ピックルスホールディングス,2026-07-28,1165.0,1180.0,1394.0,False,-15.35,0.6,1.08,,,,,2025-12-29,139.0,18.88,False,-1.57,True,True,7.75,-5.78,False,crossed,6.0,,,1.46,False,-0.63,narrowing,False,,-11.07,1162.0,1310.0,2026-01-05,-11.3,False,2026-07-17,2026-03-06,,0.58,0.54,0.11,4.21,17.25,21.95,6.68,-9.2,19.36
8115.T,ムーンバット,2026-07-28,1564.0,1627.0,1922.0,False,-15.35,1.43,1.36,,,,,2025-08-27,222.0,14.92,True,6.45,True,False,8.9,-14.54,False,crossed,124.0,,,0.14,False,-14.27,widening,,,,1423.0,,,,True,2026-01-23,2025-10-22,,0.4,0.74,0.08,15.54,15.54,37.91,2.83,9.68,16.37
7821.T,前田工繊,2026-07-28,1885.0,1897.0,2241.0,False,-15.35,0.61,0.95,,,,,2026-03-05,97.0,-2.78,False,-2.09,False,True,7.69,-10.07,False,crossed,0.0,,,,False,,,False,,-14.51,1885.0,2205.0,2026-03-05,-14.51,False,2026-07-28,2026-04-14,,0.04,0.46,0.06,7.94,21.68,21.68,4.2,-3.03,-2.08
7733.T,オリンパス,2026-07-28,1811.5,1835.0,2168.0,False,-15.36,0.54,0.78,,,,,2024-10-24,427.0,8.15,True,1.89,False,False,9.1,-17.0,False,crossed,51.0,,,9.77,False,-4.74,widening,False,,-14.25,1720.0,2112.5,2026-01-14,-18.58,False,2026-05-15,2026-01-29,,0.07,0.08,0.14,14.62,33.65,38.07,18.51,-3.87,8.93
7326.T,ＳＢＩインシュアランスグループ,2026-07-28,2126.0,2151.0,2542.0,False,-15.38,0.97,0.6,,,,,2026-02-19,106.0,49.72,True,4.21,True,False,11.81,-19.19,False,diverging,,-2.5,-0.32,,True,,,,,,,,,,,,2026-07-02,,0.2,0.18,0.66,12.56,22.82,22.82,0.52,1.0,51.97
297A.T,アルピコホールディングス,2026-07-28,218.0,220.0,260.0,False,-15.38,1.58,0.7,,,,,,,2.83,False,-4.17,False,True,5.53,-8.76,False,imminent,,-1.25,,,False,,,,,,,,,,,,2026-04-08,,0.08,0.77,0.03,11.21,18.25,18.25,-5.22,-9.17,3.32
8119.T,三栄コーポレーション,2026-07-28,795.0,795.0,940.0,False,-15.43,0.17,1.34,,,,,2025-04-25,305.0,-2.69,False,-1.53,False,True,4.36,-9.23,False,imminent,,-0.09,,,False,,,,,,,,,,,,2026-04-07,,0.0,0.7,0.1,6.13,15.43,15.43,-0.38,-5.24,-3.64
2670.T,エービーシー・マート,2026-07-28,2764.5,2765.5,3270.0,False,-15.43,0.44,1.62,,,,,2024-12-12,393.0,-6.62,True,3.85,False,True,5.16,-9.89,False,crossed,72.0,,,4.88,False,-14.86,narrowing,True,4.0,-4.03,2766.0,2880.5,2026-04-09,-3.98,False,2026-04-10,2025-10-15,,0.06,0.35,0.25,12.17,12.53,25.62,0.27,11.92,-5.26
9746.T,ＴＫＣ,2026-07-28,3905.0,3920.0,4635.0,False,-15.43,1.36,0.82,,,,,2025-08-13,232.0,-11.35,True,1.18,False,True,5.96,-8.19,False,crossed,0.0,,,,False,,,False,,-10.02,3905.0,4340.0,2026-01-13,-10.02,False,2026-07-28,2026-02-18,,0.04,0.66,0.84,8.31,21.38,27.97,8.17,-7.24,-12.25
1786.T,オリエンタル白石,2026-07-28,366.0,372.0,440.0,False,-15.45,0.75,1.08,,,,,2026-02-13,110.0,-3.68,False,-5.97,False,True,7.1,-14.25,False,crossed,1.0,,,,False,,,False,,-16.25,371.0,437.0,2026-01-22,-15.1,False,2026-07-27,2026-03-12,,0.0,0.67,0.52,17.32,27.92,28.25,-1.08,-16.25,-2.66
5697.T,サンユウ,2026-07-28,735.0,743.0,879.0,False,-15.47,0.6,1.44,,,,,2026-01-19,128.0,45.83,True,4.22,True,True,7.83,-13.39,False,crossed,12.0,,,-2.48,False,-0.35,widening,False,,-12.29,725.0,838.0,2026-01-19,-13.48,False,2026-07-09,2026-03-31,,0.42,0.45,0.4,5.01,22.25,22.43,10.19,-9.26,45.26
9221.T,フルハシＥＰＯ,2026-07-28,1249.0,1268.0,1500.0,False,-15.47,1.02,1.17,,,,,2026-02-16,109.0,11.72,True,1.86,True,True,6.44,-7.59,True,crossed,1.0,,,,False,,,False,,-16.17,1263.0,1490.0,2026-02-10,-15.23,False,2026-07-27,2026-03-19,,0.07,0.57,0.09,12.77,27.11,27.11,2.88,-15.55,11.52
4718.T,早稲田アカデミー,2026-07-28,2469.0,2497.0,2955.0,False,-15.5,0.99,0.67,,,,,2025-09-26,202.0,-3.78,True,9.41,False,False,10.44,-13.61,False,crossed,47.0,,,5.6,False,-1.03,narrowing,True,2.0,6.98,2284.0,2308.0,2026-01-07,-1.04,False,2026-05-21,2025-10-22,,0.51,0.57,0.3,12.31,13.18,34.48,27.53,10.72,-1.91
3277.T,サンセイランディック,2026-07-28,649.0,657.0,777.5,False,-15.5,0.35,1.12,,,,,2026-02-26,102.0,6.83,False,-4.1,True,True,5.53,-6.99,False,imminent,,-1.32,,,False,,,,,,,,,,,,2026-04-28,,0.09,0.52,0.06,11.61,19.88,19.88,-6.95,-5.74,5.79
6045.T,レントラックス,2026-07-28,1618.0,1645.0,1947.0,False,-15.51,1.02,0.56,,,,,2026-01-22,125.0,43.57,True,1.14,False,True,10.2,-9.93,False,crossed,0.0,,,,False,,,False,,-15.29,1618.0,1910.0,2026-01-22,-15.29,False,2026-07-28,2026-03-31,,0.0,0.6,0.14,18.16,28.27,28.27,-1.64,-15.29,43.69
7110.T,クラシコム,2026-07-28,2064.0,2070.0,2450.0,False,-15.51,1.22,0.37,,,,,2025-12-26,140.0,33.94,False,-0.83,True,True,9.12,-10.22,False,crossed,2.0,,,,True,,,False,,-12.13,2050.0,2349.0,2026-01-16,-12.73,False,2026-07-24,2026-07-21,,0.06,0.14,0.14,10.01,14.02,17.54,4.72,-8.75,36.24
7079.T,ＷＤＢココ,2026-07-28,2610.0,2640.0,3125.0,False,-15.52,0.35,1.53,,,,,2023-08-07,725.0,-11.04,False,-1.48,False,True,3.15,-7.37,False,imminent,,-0.22,,,False,,,,,,,,,,,,2026-03-23,,0.0,0.72,0.54,3.55,9.91,17.92,0.04,-5.84,-10.4
9890.T,マキヤ,2026-07-28,1345.0,1349.0,1597.0,False,-15.53,0.36,0.68,,,,,2026-05-28,42.0,21.17,True,7.73,True,False,9.01,-11.98,False,crossed,41.0,,,-4.4,True,-16.45,widening,False,,-10.33,1477.0,1500.0,2026-05-27,-1.53,False,2026-05-29,2026-04-02,,0.35,0.34,0.32,14.6,14.6,14.6,12.55,6.83,21.06
3649.T,ファインデックス,2026-07-28,843.0,854.0,1011.0,False,-15.53,0.63,0.89,,,,,2025-11-27,161.0,14.07,False,-1.18,True,True,8.0,-10.57,False,crossed,13.0,,,3.04,False,-3.4,widening,False,,-13.27,856.0,972.0,2026-01-08,-11.93,False,2026-07-08,2026-02-19,,0.51,0.25,0.0,9.38,21.75,26.08,4.07,-9.65,15.8
9218.T,メンタルヘルステクノロジーズ,2026-07-28,747.0,750.0,888.0,False,-15.54,0.52,0.65,,,,,,,15.1,False,-3.4,False,True,8.44,-6.29,False,crossed,4.0,,,,False,,,False,,-9.89,750.0,829.0,2026-01-07,-9.53,False,2026-07-22,2026-01-22,,0.09,0.36,0.16,11.35,18.43,24.63,0.0,-6.97,15.63
4410.T,ハリマ化成グループ,2026-07-28,997.0,1020.0,1208.0,False,-15.56,1.0,0.45,,,,,2026-06-05,36.0,20.85,True,4.24,True,False,7.66,-13.51,False,crossed,38.0,,,-3.95,True,-19.26,widening,True,2.0,-15.79,1140.0,1184.0,2026-06-02,-3.72,False,2026-06-03,2026-04-07,,0.27,0.18,0.65,17.47,17.47,17.47,9.92,4.51,21.59
7931.T,未来工業,2026-07-28,3350.0,3415.0,4045.0,False,-15.57,1.06,1.11,,,,,2024-02-26,591.0,-1.33,True,1.85,False,True,5.7,-10.47,False,crossed,8.0,,,6.53,False,0.67,narrowing,False,,-4.56,3290.0,3510.0,2026-02-12,-6.27,False,2026-07-15,2026-03-12,,0.56,0.28,0.7,5.6,18.97,29.69,14.45,-2.47,-1.18
3475.T,グッドコムアセット,2026-07-28,1550.0,1560.0,1848.0,False,-15.58,1.23,0.83,,,,,2026-04-07,75.0,34.9,True,9.41,False,True,10.8,-12.77,False,imminent,,-0.11,,,False,,,,,,,,,,,,2026-05-25,,0.08,0.0,0.06,20.94,26.68,31.75,-6.57,20.62,35.25
6382.T,トリニティ工業,2026-07-28,1224.0,1241.0,1470.0,False,-15.58,1.45,1.34,,,,,2026-02-27,101.0,22.16,False,-2.14,True,False,7.85,-16.67,False,imminent,,-1.58,,,False,,,,,,,,,,,,2026-04-02,,0.5,0.52,0.29,8.48,17.76,17.76,-0.33,-10.53,22.4
4990.T,昭和化学工業,2026-07-28,496.0,498.0,590.0,False,-15.59,0.35,1.67,,,,,2026-03-02,100.0,4.86,False,-1.36,False,True,5.52,-8.33,False,imminent,,-0.15,,,False,,,,,,,,,,,,2026-04-23,,0.01,0.42,0.09,9.14,17.62,17.62,-4.8,-4.8,5.76
9534.T,北海道瓦斯,2026-07-28,777.0,785.0,930.0,False,-15.59,0.75,0.84,,,,,2026-04-21,65.0,32.59,False,-1.69,True,True,6.9,-8.83,False,,,,,,,,,,,,,,,,,,,,0.22,0.55,0.45,21.28,21.96,21.96,-15.64,-5.01,31.69
7242.T,カヤバ,2026-07-28,4440.0,4490.0,5320.0,False,-15.6,1.07,0.85,,,,,2026-02-26,102.0,39.62,True,2.17,True,True,12.42,-21.64,False,imminent,,-1.86,,,False,,,,,,,,,,,,2026-03-31,,0.04,0.5,0.19,18.76,28.11,28.11,0.0,-5.03,38.53
4415.T,ブロードエンタープライズ,2026-07-28,1305.0,1325.0,1570.0,False,-15.61,0.24,0.8,,,,,2026-02-12,111.0,84.32,True,7.84,True,True,11.66,-18.0,False,crossed,8.0,,,0.15,True,-3.41,widening,False,,-12.83,1335.0,1497.0,2026-02-10,-10.82,False,2026-07-15,2026-05-22,,0.14,0.0,0.59,19.23,24.65,26.18,5.41,8.75,70.14
471A.T,ＮＳグループ,2026-07-28,1498.0,1518.0,1799.0,False,-15.62,0.69,0.84,,,,,,,,,,,True,11.97,-15.25,False,,,,,,,,,,,,,,,,,,,,0.1,0.16,,20.64,22.22,,-11.31,1.84,
544A.T,ＧＭＳグループ,2026-07-28,360.0,362.0,429.0,False,-15.62,0.69,1.24,,,,,,,,,,,False,,,False,,,,,,,,,,,,,,,,,,,,0.46,,,13.28,,,-8.86,,
9946.T,ミニストップ,2026-07-28,1854.0,1854.0,2198.0,False,-15.65,0.82,1.59,,,,,2026-01-07,135.0,-4.53,False,-4.58,False,True,3.88,-6.51,False,imminent,,-0.86,,,False,,,,,,,,,,,,2026-02-13,,0.17,0.37,0.54,8.67,16.76,20.24,0.32,-11.21,-5.17
9233.T,アジア航測,2026-07-28,1118.0,1124.0,1333.0,False,-15.68,0.36,1.26,,,,,2026-02-26,102.0,-5.33,False,-5.74,False,True,5.45,-8.83,False,imminent,,-0.44,,,False,,,,,,,,,,,,2026-04-08,,0.02,0.72,0.15,9.66,19.55,19.55,-4.53,-11.27,-4.77
3291.T,飯田グループホールディングス,2026-07-28,2350.5,2355.0,2794.0,False,-15.71,0.51,0.93,,,,,2026-02-27,101.0,11.77,False,-1.17,False,True,6.84,-13.99,False,crossed,1.0,,,,False,,,False,,-15.48,2334.0,2781.0,2026-02-27,-16.07,False,2026-07-27,2026-03-30,,0.18,0.69,0.02,8.44,26.3,26.3,5.52,-9.42,11.93
4442.T,バルテス・ホールディングス,2026-07-28,408.0,413.0,490.0,False,-15.71,1.46,0.53,,,,,2023-07-04,748.0,-2.86,False,-2.98,False,True,6.41,-12.83,False,imminent,,-1.24,,,False,,,,,,,,,,,,2026-04-09,,0.09,0.58,0.48,10.14,19.13,22.98,-1.45,-4.67,-2.16
7135.T,ジャパンクラフトホールディングス,2026-07-28,219.0,220.0,261.0,False,-15.71,0.55,0.31,,,,,2025-08-08,234.0,1.86,False,-0.17,False,True,5.01,-11.5,False,crossed,30.0,,,0.45,False,-6.78,widening,False,,-6.01,223.0,233.0,2026-02-13,-4.29,False,2026-06-15,2026-03-12,,0.53,0.05,0.37,4.91,15.02,23.26,2.82,-2.67,3.3
9435.T,光通信,2026-07-28,38630.0,38720.0,45950.0,False,-15.73,0.49,0.71,,,,,2026-01-15,130.0,-6.53,False,-4.78,False,True,5.43,-10.11,False,imminent,,-1.7,,,False,,,,,,,,,,,,2026-02-25,,0.05,0.79,0.34,13.33,23.31,24.6,-0.64,-11.98,-7.36
4750.T,ダイサン,2026-07-28,560.0,562.0,667.0,False,-15.74,0.82,0.41,,,,,2024-09-03,461.0,-0.36,False,-3.27,False,True,4.62,-6.45,False,imminent,,-1.53,,,False,,,,,,,,,,,,2026-03-19,,0.06,0.67,0.31,8.0,14.68,17.6,-2.27,-5.08,0.0
3359.T,ｃｏｔｔａ,2026-07-28,517.0,519.0,616.0,False,-15.75,0.37,0.67,,,,,2025-09-05,215.0,20.79,True,0.41,False,True,13.96,-11.61,False,crossed,10.0,,,1.55,False,-1.43,widening,False,,-10.4,517.0,577.0,2026-02-27,-10.4,False,2026-07-13,2026-04-30,,0.32,0.04,0.02,6.04,16.46,23.44,2.38,2.58,20.79
6859.T,エスペック,2026-07-28,3940.0,4035.0,4790.0,False,-15.76,1.15,0.82,,,,,2026-06-19,26.0,27.1,True,9.73,True,False,10.88,-23.08,False,crossed,41.0,,,5.67,True,-8.14,widening,True,0.0,-0.63,3965.0,3965.0,2026-05-29,0.0,False,2026-05-29,2026-03-30,,0.53,0.32,0.4,17.98,24.64,24.64,20.67,11.14,26.08
2593.T,伊藤園,2026-07-28,3099.0,3115.0,3698.0,False,-15.77,0.7,0.59,,,,,2020-11-30,1383.0,-4.35,True,2.63,False,True,5.13,-8.82,False,crossed,5.0,,,1.47,False,0.72,,False,,-2.12,3054.0,3166.0,2026-01-20,-3.54,False,2026-07-21,2026-05-20,,0.14,0.04,0.68,10.98,14.09,27.19,4.48,-0.64,-3.58
3750.T,ＡＤＲ１２０Ｓ,2026-07-28,777.0,800.0,950.0,False,-15.79,2.62,1.59,,,,,2021-09-02,1197.0,-15.54,False,-6.81,False,True,3.46,-7.81,False,imminent,,-1.35,,,False,,,,,,,,,,,,2026-04-14,,0.27,0.77,0.57,7.9,13.6,18.97,-5.24,-9.86,-15.17
7246.T,プレス工業,2026-07-28,840.0,847.0,1006.0,False,-15.81,0.73,0.76,,,,,2026-02-27,101.0,48.67,True,4.37,True,True,10.56,-19.48,False,crossed,1.0,,,,False,,,False,,-16.5,847.0,1006.0,2026-02-27,-15.81,False,2026-07-27,2026-04-03,,0.19,0.48,0.53,7.41,22.96,22.96,5.53,-5.83,48.15
9341.T,ＧＥＮＯＶＡ,2026-07-28,626.0,633.0,752.0,False,-15.82,1.0,0.92,,,,,2024-10-30,423.0,-10.95,True,6.51,False,True,6.65,-12.56,False,crossed,17.0,,,2.36,False,3.08,widening,True,16.0,-0.48,593.0,629.0,2026-02-27,-5.72,False,2026-07-02,2026-04-03,3ヶ月,0.74,0.01,0.42,6.61,13.83,27.05,13.2,3.3,-10.44
3131.T,シンデン・ハイテックス,2026-07-28,3380.0,3485.0,4140.0,False,-15.82,0.53,0.79,,,,,2026-07-06,15.0,18.72,True,9.37,True,True,11.53,-22.51,False,crossed,49.0,,,9.11,True,0.34,narrowing,True,4.0,2.89,3075.0,3285.0,2026-05-13,-6.39,False,2026-05-19,2026-03-30,,0.49,0.56,0.12,16.92,16.92,29.89,23.18,13.84,19.9
7673.T,ダイコー通産,2026-07-28,1631.0,1632.0,1939.0,False,-15.83,0.11,0.96,,,,,2026-05-07,57.0,11.1,False,-2.57,True,True,6.61,-8.96,False,diverging,,-4.75,-2.25,,True,,,,,,,,,,,,2026-06-10,,0.49,0.15,0.37,17.97,17.97,17.97,-9.99,-3.32,12.64
8179.T,ロイヤルホールディングス,2026-07-28,1305.0,1308.0,1554.0,False,-15.83,0.49,0.48,,,,,2026-02-24,104.0,-1.44,False,-3.39,False,True,6.89,-6.43,False,,,,,,,,,,,,,,,,,,,,0.38,0.53,0.04,14.52,22.99,22.99,-5.3,-2.39,-1.25
2146.T,ＵＴグループ,2026-07-28,183.0,186.0,221.0,False,-15.84,0.85,1.02,,,,,2026-01-23,124.0,11.22,False,-3.42,False,True,5.04,-9.77,False,imminent,,-1.25,,,False,,,,,,,,,,,,2026-03-26,,0.02,0.82,0.01,8.15,22.48,22.48,0.0,-14.88,11.22
1417.T,ミライト・ワン,2026-07-28,3616.0,3662.0,4351.0,False,-15.84,0.99,0.94,,,,,2026-05-12,54.0,39.4,True,0.25,True,False,7.36,-12.11,False,diverging,,-2.5,-0.15,,True,,,,,,,,,,,,2026-07-10,,0.72,0.0,0.8,13.54,15.23,15.23,-7.76,-3.88,39.59
3489.T,フェイスネットワーク,2026-07-28,797.0,807.0,959.0,False,-15.85,0.59,0.74,,,,,2026-02-27,101.0,9.48,False,-1.08,False,True,9.84,-19.4,False,crossed,8.0,,,-2.2,False,-3.73,widening,False,,-16.89,818.0,959.0,2026-02-27,-14.7,False,2026-07-15,2026-04-10,,0.36,0.43,0.19,11.77,28.88,28.88,4.59,-5.57,9.98
3628.T,データホライゾン,2026-07-28,610.0,610.0,725.0,False,-15.86,0.19,0.68,,,,,2026-05-29,41.0,1.5,True,13.68,True,False,23.53,-30.36,False,imminent,,-0.29,,,True,,,,,,,,,,,,2026-07-03,,0.01,0.16,0.04,32.82,32.82,34.14,28.42,19.61,4.27
3297.T,東武住販,2026-07-28,1164.0,1169.0,1390.0,False,-15.9,1.21,0.43,,,,,2025-04-21,309.0,7.58,False,-3.57,False,False,5.18,-11.09,False,,,,,,,,,,,,,,,,,,,,0.58,0.37,0.18,22.04,22.84,22.84,-10.87,-7.4,7.08
5451.T,ヨドコウ,2026-07-28,1389.0,1396.0,1660.0,False,-15.9,0.7,0.68,,,,,2026-03-03,99.0,20.57,True,2.83,False,True,6.47,-5.67,False,crossed,4.0,,,,False,,,False,,-15.87,1368.0,1651.0,2026-03-02,-17.14,False,2026-07-22,2026-04-20,,0.28,0.42,0.03,12.05,27.92,27.92,3.35,-4.27,20.57
7049.T,識学,2026-07-28,849.0,855.0,1017.0,False,-15.93,0.65,1.58,,,,,2026-01-05,137.0,3.03,False,-0.27,True,True,6.69,-10.06,False,crossed,30.0,,,0.36,False,-1.96,widening,False,,-15.86,824.0,1009.0,2026-01-05,-18.33,False,2026-06-15,2026-03-04,3ヶ月,0.79,0.06,0.11,6.19,20.06,25.77,6.66,-8.12,3.54
6856.T,堀場製作所,2026-07-28,24585.0,25300.0,30100.0,False,-15.95,0.96,1.29,,,,,2026-06-19,26.0,130.63,True,24.43,True,True,11.82,-15.11,False,,,,,,,,,,,,,,,,,,,,0.53,0.83,0.97,14.87,15.25,15.25,13.58,34.27,124.32
4341.T,西菱電機,2026-07-28,873.0,874.0,1040.0,False,-15.96,0.2,0.48,,,,,2026-03-18,88.0,0.11,True,4.68,True,True,8.57,-17.9,False,crossed,26.0,,,1.28,False,-2.71,widening,False,,-15.08,860.0,1028.0,2026-03-18,-16.34,False,2026-06-19,2026-04-16,,0.66,0.0,0.12,6.35,23.15,23.15,8.85,5.82,2.71
2750.T,石光商事,2026-07-28,1296.0,1300.0,1547.0,False,-15.97,0.69,0.79,,,,,2025-08-22,225.0,13.58,False,-0.34,False,True,10.04,-16.27,False,crossed,5.0,,,0.0,False,-0.75,,False,,-13.25,1296.0,1494.0,2026-02-19,-13.25,False,2026-07-21,2026-04-10,,0.27,0.43,0.0,7.94,19.95,20.18,5.62,-2.56,13.88
4481.T,ベース,2026-07-28,3185.0,3210.0,3820.0,False,-15.97,0.59,0.55,,,,,2025-08-15,230.0,-6.46,False,-1.02,False,True,6.16,-7.61,False,imminent,,-2.2,,,False,,,,,,,,,,,,2026-05-26,,0.1,0.2,0.68,12.38,16.99,24.89,-1.24,-2.15,-7.81
4558.T,中京医薬品,2026-07-28,199.0,200.0,238.0,False,-15.97,0.14,1.16,,,,,2024-08-26,467.0,-1.49,False,-1.68,False,True,1.93,-2.91,False,imminent,,-0.52,,,False,,,,,,,,,,,,2026-03-31,,0.2,0.62,0.41,6.64,6.64,9.63,-0.5,-3.4,-1.97
6302.T,住友重機械工業,2026-07-28,5180.0,5345.0,6362.0,False,-15.99,1.14,0.86,,,,,2026-03-03,99.0,65.55,True,7.08,True,False,13.06,-23.73,False,diverging,,-0.21,-0.13,,False,,,,,,,,,,,,2026-07-28,,0.02,0.0,0.81,12.47,25.04,25.04,1.39,8.66,66.67
9956.T,バローホールディングス,2026-07-28,3325.0,3355.0,3995.0,False,-16.02,0.53,6.81,,,,,2026-04-09,73.0,27.39,False,-2.55,True,False,8.22,-14.63,False,diverging,,-3.91,-1.54,,False,,,,,,,,,,,,2026-05-26,,0.29,0.17,0.65,17.69,18.42,18.42,-8.9,-7.12,27.01
3799.T,キーウェアソリューションズ,2026-07-28,1073.0,1085.0,1292.0,False,-16.02,1.08,0.44,,,,,2026-01-15,130.0,16.88,False,-4.18,False,True,6.1,-8.36,False,crossed,0.0,,,,False,,,False,,-16.56,1073.0,1286.0,2026-01-14,-16.56,False,2026-07-28,2026-03-11,,0.01,0.74,0.0,13.67,25.06,25.35,-3.51,-14.09,15.62
8014.T,蝶理,2026-07-28,3905.0,3985.0,4745.0,False,-16.02,0.95,0.95,,,,,2026-03-02,100.0,-4.41,False,-4.88,True,False,6.93,-9.78,False,,,,,,,,,,,,,,,,,,,,0.62,0.47,0.1,13.83,18.98,18.98,-9.4,-6.8,-2.5
9304.T,澁澤倉庫,2026-07-28,1728.0,1800.0,2144.0,False,-16.04,0.76,3.13,,,,,2026-07-21,5.0,66.76,True,27.63,True,True,6.4,-6.85,True,crossed,42.0,,,-0.78,True,14.93,narrowing,True,8.0,20.5,1408.0,1434.0,2026-05-22,-1.81,False,2026-05-28,2026-04-15,,0.85,0.57,0.8,19.1,19.1,19.1,35.42,30.51,64.57
3826.T,システムインテグレータ,2026-07-28,451.0,455.0,542.0,False,-16.05,0.75,1.38,,,,,2025-10-22,185.0,10.81,False,-2.74,True,True,7.26,-14.84,False,imminent,,-0.65,,,False,,,,,,,,,,,,2026-03-27,,0.02,0.58,0.01,6.96,19.09,22.22,0.67,-9.07,8.94
3231.T,野村不動産ホールディングス,2026-07-28,974.0,978.9,1166.0,False,-16.05,0.74,0.67,,,,,2026-02-27,101.0,11.11,False,-0.75,False,True,8.04,-13.08,False,imminent,,-1.77,,,False,,,,,,,,,,,,2026-04-14,,0.09,0.68,0.14,12.86,23.77,23.77,-2.89,-6.48,11.95
7943.T,ニチハ,2026-07-28,3100.0,3135.0,3735.0,False,-16.06,0.58,1.05,,,,,2026-02-25,103.0,-0.16,False,-1.15,True,True,7.25,-13.06,False,imminent,,-1.42,,,False,,,,,,,,,,,,2026-04-01,,0.04,0.73,0.07,12.8,23.71,23.71,-2.21,-11.68,0.32
150A.T,ＪＳＨ,2026-07-28,441.0,585.0,697.0,False,-16.07,5.05,260.91,,,,,2026-07-22,4.0,-0.45,True,11.22,True,True,10.09,-14.68,False,crossed,6.0,,,-0.92,False,-19.52,widening,True,0.0,-18.63,542.0,542.0,2026-07-17,0.0,False,2026-07-17,2025-11-04,,0.26,0.0,0.23,36.73,36.73,36.73,22.5,8.89,4.26
8198.T,マックスバリュ東海,2026-07-28,3300.0,3315.0,3950.0,False,-16.08,0.59,1.01,,,,,2026-02-12,111.0,5.1,False,-6.49,False,False,3.73,-4.8,False,,,,,,,,,,,,,,,,,,,,0.6,0.89,0.0,11.68,21.42,21.42,-3.65,-13.5,5.43
7361.T,ヒューマンクリエイションホールディングス,2026-07-28,1196.0,1200.0,1430.0,False,-16.08,0.68,0.92,,,,,2026-01-07,135.0,5.84,False,-2.87,False,True,6.08,-8.29,False,crossed,3.0,,,,False,,,False,,-15.0,1200.0,1407.0,2026-01-14,-14.71,False,2026-07-23,2026-03-03,,0.03,0.6,0.0,6.53,19.33,19.62,-1.16,-14.27,5.19
3391.T,ツルハホールディングス,2026-07-28,2506.0,2511.5,2993.0,False,-16.09,0.48,1.31,,,,,2026-01-08,134.0,8.86,True,3.38,False,True,10.75,-17.03,False,crossed,7.0,,,2.04,False,5.48,widening,False,,-15.22,2353.0,2956.0,2026-01-06,-20.4,False,2026-07-16,2026-01-28,,0.45,0.35,0.18,11.5,30.89,35.59,22.15,-1.65,8.67
138A.T,光フードサービス,2026-07-28,2950.0,2970.0,3540.0,False,-16.1,0.28,1.59,,,,,2026-04-30,59.0,40.41,True,1.73,True,True,8.43,-14.94,False,imminent,,-1.94,,,True,,,,,,,,,,,,2026-06-15,,0.32,0.1,0.57,16.07,16.93,22.75,-6.2,4.06,39.61
7744.T,ノーリツ鋼機,2026-07-28,1943.0,1980.0,2360.0,False,-16.1,1.69,0.83,,,,,2026-02-12,111.0,30.14,False,-1.96,True,False,7.67,-11.85,False,,,,,,,,,,,,,,,,,,,,0.24,0.62,0.64,9.04,16.97,16.97,-4.33,-4.89,30.84
3931.T,バリューゴルフ,2026-07-28,1879.0,1885.0,2247.0,False,-16.11,1.1,2.48,,,,,2025-07-29,242.0,-5.29,True,12.88,True,True,5.83,-6.58,False,crossed,122.0,,,-1.01,False,-5.21,narrowing,,,,1584.0,,,,True,2026-01-27,2025-08-29,6ヶ月,0.42,0.82,0.14,6.78,6.78,37.28,5.86,21.15,-5.34
7199.T,プレミアグループ,2026-07-28,2024.0,2070.0,2468.0,False,-16.13,0.56,0.72,,,,,2024-12-02,401.0,-4.8,True,6.06,False,True,6.86,-9.75,False,crossed,55.0,,,-7.26,False,-12.44,widening,True,0.0,-1.36,2052.0,2052.0,2026-05-11,0.0,False,2026-05-11,2025-10-06,,0.42,0.57,0.23,10.57,13.76,31.77,14.41,9.29,-4.62
6455.T,モリタホールディングス,2026-07-28,2492.0,2514.0,2998.0,False,-16.14,0.74,0.77,,,,,2026-02-27,101.0,10.85,False,-4.67,True,False,6.26,-10.66,False,,,,,,,,,,,,,,,,,,,,0.37,0.81,0.16,15.96,20.82,20.82,-8.21,-14.1,12.15
6322.T,タクミナ,2026-07-28,1605.0,1610.0,1920.0,False,-16.15,0.75,0.35,,,,,2026-02-09,113.0,0.94,True,1.2,True,True,1.61,-2.62,True,crossed,26.0,,,-2.25,False,-6.42,widening,True,1.0,-2.43,1641.0,1645.0,2026-06-18,-0.24,False,2026-06-19,2026-04-03,,0.42,0.13,0.0,5.21,5.21,5.21,2.75,0.63,0.31
4937.T,Ｗａｑｏｏ,2026-07-28,1512.0,1551.0,1850.0,False,-16.16,0.3,0.56,,,,,2025-11-19,166.0,48.53,True,3.25,True,False,13.75,-20.17,False,crossed,44.0,,,-0.38,True,-11.58,narrowing,False,,-7.58,1562.0,1636.0,2026-05-19,-4.52,False,2026-05-26,2026-04-08,,0.04,0.15,0.32,11.86,19.52,28.93,16.31,7.31,52.88
1882.T,東亜道路工業,2026-07-28,1630.0,1638.0,1954.0,False,-16.17,0.79,1.15,,,,,2026-03-02,100.0,2.64,False,-1.16,False,True,6.62,-12.45,False,crossed,0.0,,,,False,,,False,,-16.5,1630.0,1952.0,2026-02-27,-16.5,False,2026-07-28,2026-04-08,,0.08,0.7,0.0,8.85,24.03,24.03,2.71,-9.29,2.77
3197.T,すかいらーくホールディングス,2026-07-28,3143.0,3155.0,3764.0,False,-16.18,0.74,0.47,,,,,2025-12-02,158.0,7.45,False,-0.68,False,True,12.87,-11.66,False,imminent,,-0.1,,,False,,,,,,,,,,,,2026-04-10,,0.01,0.6,0.0,13.26,28.86,29.39,5.24,-2.6,7.8
3433.T,トーカロ,2026-07-28,2792.0,2900.0,3460.0,False,-16.18,4.01,1.3,,,,,2026-05-14,52.0,43.4,True,4.06,True,False,12.98,-20.0,False,,,,,,,,,,,,,,,,,,,,0.13,0.45,0.87,17.64,20.86,20.86,-8.01,12.35,42.45
3317.T,フライングガーデン,2026-07-28,1465.0,1465.0,1748.0,False,-16.19,0.27,0.94,,,,,2026-02-24,104.0,15.81,False,-2.17,False,True,6.74,-9.92,False,imminent,,-0.57,,,False,,,,,,,,,,,,2026-04-03,,0.0,0.66,0.04,18.61,25.5,25.5,-3.62,-9.29,15.81
7636.T,ハンズマン,2026-07-28,773.0,776.0,926.0,False,-16.2,1.6,1.15,,,,,2025-10-20,187.0,-3.25,False,-4.5,False,False,1.83,-3.25,False,diverging,,-1.9,-0.37,,False,,,,,,,,,,,,2026-02-27,,0.55,0.64,0.35,4.45,6.87,8.41,-3.37,-6.76,-3.01
7637.T,白銅,2026-07-28,3320.0,3360.0,4010.0,False,-16.21,1.52,0.57,,,,,2026-05-29,41.0,41.34,True,24.85,True,False,19.58,-12.32,False,crossed,51.0,,,1.68,True,-8.53,widening,True,0.0,1.53,3270.0,3270.0,2026-05-15,0.0,False,2026-05-15,2026-04-24,,0.31,0.68,0.61,15.95,15.95,16.69,40.14,35.84,41.52
6727.T,ワコム,2026-07-28,775.0,795.0,949.0,False,-16.23,0.83,1.02,,,,,2026-06-03,38.0,15.84,False,-3.55,False,False,10.76,-15.62,False,,,,,,,,,,,,,,,,,,,,0.01,0.01,0.1,21.52,21.52,21.52,3.89,-3.85,15.5
9302.T,三井倉庫ホールディングス,2026-07-28,3649.0,3677.0,4390.0,False,-16.24,0.51,0.7,,,,,2025-09-09,213.0,-4.48,False,-5.15,False,False,6.06,-12.13,False,diverging,,-7.03,-1.48,,True,,,,,,,,,,,,2026-06-01,,0.66,0.04,0.28,15.6,21.13,22.67,-7.39,-2.01,-3.85
7202.T,いすゞ自動車,2026-07-28,2442.5,2453.0,2929.0,False,-16.25,1.01,0.95,,,,,2026-02-12,111.0,26.13,True,4.98,True,True,12.84,-23.9,False,crossed,7.0,,,-2.38,False,3.92,widening,False,,-16.31,2327.5,2918.5,2026-02-27,-20.25,False,2026-07-16,2026-03-30,,0.23,0.47,0.28,12.39,28.63,28.63,8.89,-4.85,25.29
6265.T,コンバム,2026-07-28,3350.0,3350.0,4000.0,False,-16.25,4.31,1.08,,,,,2026-06-22,25.0,48.56,True,21.65,True,True,9.36,-12.76,False,,,,,,,,,,,,,,,,,,,,0.36,0.84,0.82,18.36,18.36,18.36,14.14,34.48,43.84
4307.T,野村総合研究所,2026-07-28,5378.0,5423.0,6476.0,False,-16.26,1.06,0.98,,,,,2025-11-25,163.0,1.95,True,5.17,False,True,11.47,-21.92,False,crossed,56.0,,,-0.44,False,12.27,widening,False,,-13.36,4351.0,6207.0,2026-01-13,-29.9,False,2026-05-08,2026-01-30,,0.34,0.09,0.44,18.66,39.95,44.35,5.62,-8.16,3.18
9248.T,人・夢・技術グループ,2026-07-28,1579.0,1591.0,1900.0,False,-16.26,0.93,0.55,,,,,2025-09-19,206.0,-3.78,False,-0.25,False,True,5.44,-10.43,False,crossed,10.0,,,1.62,True,1.17,widening,False,,-6.29,1539.0,1685.0,2026-01-16,-8.66,False,2026-07-13,2026-07-10,,0.04,0.06,0.65,7.38,12.82,22.93,1.41,-2.83,-4.65
1826.T,佐田建設,2026-07-28,1079.0,1085.0,1296.0,False,-16.28,0.39,1.16,,,,,2025-09-05,215.0,-2.62,False,-3.38,False,True,6.74,-15.76,False,crossed,4.0,,,,False,,,False,,-15.83,1070.0,1282.0,2026-02-27,-16.54,False,2026-07-22,2026-04-06,,0.22,0.66,0.4,8.03,24.02,24.02,5.27,-11.34,-2.44
3059.T,ヒラキ,2026-07-28,714.0,715.0,854.0,False,-16.28,1.93,0.6,,,,,2021-03-08,1318.0,-15.1,False,-10.38,False,True,2.76,-8.54,False,,,,,,,,,,,,,,,,,,,,0.6,0.89,0.65,11.28,16.37,17.55,-9.51,-14.49,-15.0
4631.T,ＤＩＣ,2026-07-28,4409.0,4499.0,5374.0,False,-16.28,0.72,0.85,,,,,2026-06-19,26.0,50.58,True,8.72,True,False,13.62,-17.45,False,crossed,43.0,,,1.9,True,-17.91,widening,True,3.0,-10.35,4889.0,4918.0,2026-05-26,-0.59,False,2026-05-27,2026-04-07,,0.3,0.39,0.68,16.29,22.58,22.58,22.27,17.26,51.12
9682.T,ＤＴＳ,2026-07-28,1131.0,1140.0,1362.0,False,-16.3,1.13,0.87,,,,,2025-10-27,182.0,-7.77,False,-0.4,False,True,6.17,-10.15,False,crossed,3.0,,,,False,,,False,,-12.73,1060.0,1296.0,2026-01-14,-18.21,False,2026-07-23,2026-02-20,,0.21,0.48,0.75,8.29,25.35,29.09,7.71,-11.92,-7.58
6543.T,日宣,2026-07-28,1189.0,1190.0,1422.0,False,-16.32,0.96,1.82,,,,,2025-08-25,224.0,67.94,False,-1.61,False,True,4.38,-6.0,False,crossed,6.0,,,1.53,False,0.13,narrowing,False,,-12.25,1177.0,1355.0,2026-01-15,-13.14,False,2026-07-17,2026-03-23,,0.29,0.56,0.04,4.25,15.7,18.64,0.85,-6.67,63.55
7287.T,日本精機,2026-07-28,2394.0,2413.0,2884.0,False,-16.33,1.12,0.7,,,,,2026-02-27,101.0,65.1,True,1.74,True,False,10.88,-19.64,False,diverging,,-3.69,-0.32,,True,,,,,,,,,,,,2026-07-09,,0.42,0.19,0.77,13.04,19.64,19.64,-5.11,-10.54,63.75
3202.T,ダイトウボウ,2026-07-28,127.0,128.0,153.0,False,-16.34,0.61,0.49,,,,,2026-06-01,40.0,14.41,True,2.82,True,False,8.26,-11.19,False,diverging,,-0.83,-0.04,,True,,,,,,,,,,,,2026-07-07,,0.0,0.1,0.58,17.33,17.33,17.33,2.42,4.1,13.39
4053.T,Ｓｕｎ　Ａｓｔｅｒｉｓｋ,2026-07-28,456.0,466.0,557.0,False,-16.34,0.67,0.73,,,,,,,-4.2,True,2.99,False,True,7.69,-12.92,False,crossed,0.0,,,,True,,,False,,-9.52,456.0,504.0,2026-05-18,-9.52,False,2026-07-28,2026-07-02,,0.02,0.08,0.25,17.86,18.42,30.73,10.14,-1.94,-3.39
9621.T,建設技術研究所,2026-07-28,2985.0,2990.0,3575.0,False,-16.36,1.25,0.68,,,,,2026-02-19,106.0,3.65,True,1.06,False,True,8.08,-13.32,False,crossed,5.0,,,0.44,False,-0.31,,False,,-16.39,2972.0,3570.0,2026-02-19,-16.75,False,2026-07-21,2026-04-03,,0.27,0.4,0.05,10.25,27.14,27.14,3.0,-2.13,4.37
2804.T,ブルドックソース,2026-07-28,1820.0,1865.0,2230.0,False,-16.37,1.36,1.06,,,,,2025-08-22,225.0,-0.55,False,-2.37,False,True,3.22,-5.93,False,crossed,0.0,,,,False,,,False,,-6.43,1820.0,1945.0,2026-01-19,-6.43,False,2026-07-28,2026-04-02,,0.01,0.62,0.7,7.54,12.96,23.92,-0.11,-5.94,-0.71
6888.T,アクモス,2026-07-28,483.0,485.0,580.0,False,-16.38,0.28,0.89,,,,,2024-05-02,545.0,-14.06,False,-9.67,False,False,4.39,-12.92,False,,,,,,,,,,,,,,,,,,,,0.82,0.69,0.36,17.11,18.85,18.85,-12.97,-15.41,-12.66
4421.T,ディ・アイ・システム,2026-07-28,923.0,923.0,1104.0,False,-16.39,0.09,2.99,,,,,2025-10-14,191.0,-0.75,False,-1.39,False,True,5.22,-7.93,False,crossed,16.0,,,1.28,False,-3.94,widening,False,,-6.67,938.0,989.0,2026-01-22,-5.16,False,2026-07-03,2026-03-09,,0.31,0.08,0.32,5.43,10.52,15.71,0.54,-6.67,-1.39
5351.T,品川リフラ,2026-07-28,2063.0,2096.0,2507.0,False,-16.39,0.88,0.95,,,,,2026-03-02,100.0,22.65,True,1.71,True,True,9.24,-18.66,False,crossed,4.0,,,,False,,,False,,-17.58,2069.0,2503.0,2026-02-27,-17.34,False,2026-07-22,2026-04-06,,0.39,0.55,0.12,4.78,26.05,26.05,7.84,-6.18,23.9
9325.T,ファイズホールディングス,2026-07-28,1150.0,1152.0,1378.0,False,-16.4,0.47,0.54,,,,,2026-05-11,55.0,0.61,True,0.35,False,False,6.77,-12.38,False,diverging,,-4.69,-0.45,,True,,,,,,,,,,,,2026-06-23,,0.51,0.0,0.01,19.27,19.27,24.64,0.0,2.59,2.77
1811.T,錢高組,2026-07-28,8100.0,8210.0,9820.0,False,-16.4,1.44,1.68,,,,,2026-02-27,101.0,87.5,False,-0.4,True,True,16.37,-15.47,False,imminent,,-0.53,,,False,,,,,,,,,,,,2026-04-14,,0.1,0.31,0.51,20.26,24.59,24.59,-3.91,-5.26,89.7
3682.T,エンカレッジ・テクノロジ,2026-07-28,598.0,611.0,731.0,False,-16.42,7.9,1.14,,,,,2026-01-28,121.0,-1.48,False,-7.0,False,True,4.67,-10.28,False,imminent,,-1.31,,,False,,,,,,,,,,,,2026-03-23,,0.04,0.76,0.0,14.54,21.05,21.05,-10.34,-15.77,-1.32
9740.T,セントラル警備保障,2026-07-28,2762.0,2800.0,3350.0,False,-16.42,0.92,1.05,,,,,2026-04-06,76.0,19.36,False,-2.05,True,True,5.83,-11.4,False,imminent,,-0.51,,,False,,,,,,,,,,,,2026-05-07,,0.1,0.43,0.19,10.13,24.05,24.05,-1.11,-7.07,20.24
3494.T,マリオン,2026-07-28,445.0,463.0,554.0,False,-16.43,0.8,3.89,,,,,2024-08-19,472.0,3.97,True,18.94,False,True,9.96,-8.93,False,crossed,11.0,,,11.58,False,8.02,narrowing,True,3.0,2.3,406.0,435.0,2026-07-09,-6.67,False,2026-07-10,2026-03-24,,0.42,0.0,0.48,11.42,21.09,42.6,26.06,17.41,8.54
8013.T,ナイガイ,2026-07-28,374.0,376.0,450.0,False,-16.44,1.87,0.72,,,,,2025-09-18,207.0,25.93,True,20.88,True,False,8.13,-9.87,False,crossed,63.0,,,3.21,True,6.91,narrowing,True,3.0,17.98,312.0,317.0,2026-01-14,-1.58,False,2026-04-23,2026-03-16,,0.21,0.73,0.43,14.29,14.29,37.26,19.11,23.03,25.93
6932.T,遠藤照明,2026-07-28,2565.0,2590.0,3100.0,False,-16.45,0.49,0.99,,,,,2026-03-03,99.0,6.61,True,3.98,True,True,11.5,-15.92,False,imminent,,-2.26,,,False,,,,,,,,,,,,2026-04-20,,0.09,0.39,0.26,18.18,23.42,23.42,-2.1,4.95,8.96
5252.T,日本ナレッジ,2026-07-28,818.0,826.0,989.0,False,-16.48,1.39,0.92,,,,,2026-03-16,90.0,83.27,True,17.77,True,True,13.53,-6.48,False,crossed,0.0,,,,False,,,False,,-16.53,818.0,980.0,2026-03-16,-16.53,True,2026-07-28,2026-05-08,,0.02,0.0,0.78,16.36,29.59,29.59,4.2,33.66,90.09
1847.T,イチケン,2026-07-28,2708.0,2760.0,3305.0,False,-16.49,1.04,0.89,,,,,2026-02-27,101.0,76.7,True,7.59,True,True,13.67,-23.57,False,crossed,6.0,,,4.02,False,0.8,narrowing,False,,-18.06,2663.0,3305.0,2026-02-27,-19.43,False,2026-07-17,2026-04-21,,0.04,0.11,0.74,11.78,24.51,24.51,0.15,7.89,76.42
7502.T,プラザホールディングス,2026-07-28,1651.0,1651.0,1977.0,False,-16.49,0.92,1.46,,,,,2026-01-16,129.0,-8.18,False,-6.78,False,True,3.68,-6.99,False,imminent,,-0.93,,,False,,,,,,,,,,,,2026-02-09,,0.06,0.78,0.56,7.63,15.24,19.46,-3.79,-11.71,-7.25
6357.T,三精テクノロジーズ,2026-07-28,2307.0,2379.0,2849.0,False,-16.5,1.44,0.79,,,,,2026-05-27,43.0,44.19,False,-3.87,True,False,13.21,-19.21,False,crossed,42.0,,,-7.93,False,-24.24,widening,False,,-17.37,2761.0,2792.0,2026-05-26,-1.11,False,2026-05-28,2026-03-06,,0.02,0.0,0.33,17.37,20.75,22.65,8.46,-12.45,44.91
9716.T,乃村工藝社,2026-07-28,1208.0,1224.0,1466.0,False,-16.51,0.67,1.27,,,,,2026-02-27,101.0,33.63,False,-0.69,True,True,9.42,-12.76,False,imminent,,-0.94,,,False,,,,,,,,,,,,2026-04-02,,0.02,0.73,0.2,10.26,27.22,27.22,4.86,-13.03,36.96
9504.T,中国電力,2026-07-28,943.6,955.9,1145.0,False,-16.52,0.97,0.87,,,,,2026-02-19,106.0,26.9,False,-0.91,True,True,8.31,-10.37,False,crossed,1.0,,,,False,,,False,,-16.12,951.0,1125.0,2026-02-19,-15.47,False,2026-07-27,2026-03-30,,0.12,0.5,0.1,10.91,24.4,24.4,0.35,-9.18,26.35
9627.T,アインホールディングス,2026-07-28,6050.0,6076.0,7280.0,False,-16.54,1.24,1.09,,,,,2025-12-09,153.0,8.04,False,-1.71,False,True,7.12,-8.82,False,imminent,,-0.91,,,False,,,,,,,,,,,,2026-01-09,,0.03,0.36,0.33,11.0,20.05,25.31,4.31,-7.46,4.82
3104.T,富士紡ホールディングス,2026-07-28,3665.0,3860.0,4625.0,False,-16.54,0.86,0.89,,,,,2026-07-02,17.0,92.56,True,11.3,True,True,9.49,-13.76,False,,,,,,,,,,,,,,,,,,,,0.02,0.59,0.93,18.37,21.36,21.36,-2.53,17.97,90.55
7820.T,ニホンフラッシュ,2026-07-28,722.0,726.0,870.0,False,-16.55,0.89,1.02,,,,,2026-02-25,103.0,-11.52,False,-9.15,False,True,3.88,-8.46,False,,,,,,,,,,,,,,,,,,,,0.44,0.84,0.42,11.65,18.21,18.21,-8.49,-13.53,-10.64
3352.T,バッファロー,2026-07-28,1755.0,1769.0,2120.0,False,-16.56,0.19,4.1,,,,,2026-02-17,108.0,29.9,True,7.58,True,False,6.74,-11.14,False,imminent,,-0.22,,,True,,,,,,,,,,,,2026-06-30,,0.01,0.04,0.65,9.76,20.1,20.1,5.47,7.01,29.81
9160.T,オンザページ,2026-07-28,307.0,307.0,368.0,False,-16.58,0.78,0.76,,,,,2024-12-04,399.0,-1.6,False,-1.55,False,True,4.12,-5.72,False,imminent,,-0.29,,,False,,,,,,,,,,,,2026-05-19,,0.01,0.34,0.61,9.06,12.73,22.8,-0.65,-1.29,-1.92
5446.T,北越メタル,2026-07-28,1087.0,1110.0,1331.0,False,-16.6,11.53,1.45,,,,,2023-03-14,824.0,-13.59,False,-12.01,False,False,3.11,-8.12,False,diverging,,-6.23,-1.04,,False,,,,,,,,,,,,2026-04-06,,0.81,0.71,0.22,14.88,18.15,18.15,-13.25,-14.61,-12.55
2121.T,ＭＩＸＩ,2026-07-28,2923.0,2940.0,3525.0,False,-16.6,0.91,1.27,,,,,2025-02-14,353.0,-15.28,True,5.83,False,True,4.44,-7.0,False,crossed,45.0,,,3.39,False,2.64,narrowing,True,28.0,5.07,2626.0,2782.0,2026-01-15,-5.61,False,2026-05-25,2025-08-22,,0.63,0.25,0.62,6.62,9.37,28.46,15.99,7.19,-15.15
6089.T,ウィルグループ,2026-07-28,1090.0,1100.0,1319.0,False,-16.6,0.71,1.04,,,,,2026-02-18,107.0,16.83,False,-3.04,True,True,6.83,-10.19,False,imminent,,-0.62,,,False,,,,,,,,,,,,2026-04-09,,0.0,0.67,0.16,13.19,23.66,23.66,-3.11,-9.54,15.83
3372.T,関門海,2026-07-28,221.0,221.0,265.0,False,-16.6,0.5,0.76,,,,,2025-03-27,326.0,-7.92,False,-2.33,False,True,2.92,-6.41,False,imminent,,-0.02,,,False,,,,,,,,,,,,2026-04-07,,0.06,0.61,0.77,1.8,6.84,16.15,0.0,-3.49,-7.53
9672.T,東京都競馬,2026-07-28,5040.0,5070.0,6080.0,False,-16.61,0.51,0.79,,,,,2026-03-02,100.0,3.28,False,-6.77,False,True,6.44,-14.8,False,,,,,,,,,,,,,,,,,,,,0.29,0.59,0.05,18.28,23.01,23.01,-11.42,-8.7,2.34
4725.T,ＣＡＣ　Ｈｏｌｄｉｎｇｓ,2026-07-28,1851.0,1861.0,2233.0,False,-16.66,0.7,0.91,,,,,2025-09-29,201.0,-7.59,False,-4.6,False,True,3.56,-6.62,False,imminent,,-0.17,,,False,,,,,,,,,,,,2025-11-20,,0.03,0.64,0.79,4.29,15.27,21.53,2.15,-9.97,-6.66
7314.T,小田原機器,2026-07-28,1250.0,1250.0,1500.0,False,-16.67,0.37,4.7,,,,,2026-07-09,12.0,15.85,True,3.11,False,True,5.75,-7.99,False,crossed,17.0,,,25.0,True,1.68,narrowing,True,5.0,3.48,1200.0,1208.0,2026-02-13,-0.66,False,2026-07-02,2026-06-05,,0.3,0.2,0.08,19.33,19.33,19.33,7.11,6.84,16.6
1975.T,朝日工業社,2026-07-28,3920.0,4050.0,4860.0,False,-16.67,0.7,0.96,,,,,2026-07-07,14.0,56.36,True,5.13,True,True,15.33,-28.66,False,crossed,32.0,,,11.33,False,-3.29,widening,False,,-18.42,3840.0,4805.0,2026-03-02,-20.08,True,2026-06-11,2026-04-06,,0.48,0.04,0.73,16.06,29.03,29.03,11.21,0.64,56.61
8999.T,グランディハウス,2026-07-28,543.0,550.0,660.0,False,-16.67,0.28,0.95,,,,,2026-02-13,110.0,0.37,False,-5.67,False,True,5.85,-14.66,False,imminent,,-0.27,,,False,,,,,,,,,,,,2026-03-27,,0.01,0.76,0.14,7.89,23.36,23.36,-0.37,-14.22,-0.37
4651.T,サニックスホールディングス,2026-07-28,262.0,265.0,318.0,False,-16.67,0.61,0.73,,,,,2026-04-21,65.0,5.22,True,16.89,True,True,7.25,-9.96,False,crossed,3.0,,,,True,,,False,,-6.43,266.0,280.0,2026-04-21,-5.0,False,2026-07-23,2026-07-02,,0.02,0.38,0.0,18.15,21.07,24.9,13.42,15.93,4.8
4092.T,日本化学工業,2026-07-28,5030.0,5300.0,6360.0,False,-16.67,0.58,0.59,,,,,2026-06-02,39.0,146.21,True,44.44,True,False,19.08,-21.56,False,crossed,55.0,,,-6.64,True,17.4,narrowing,True,0.0,28.48,3915.0,3915.0,2026-05-11,0.0,False,2026-05-11,2026-04-06,,0.37,0.63,0.73,29.53,29.53,29.53,54.77,55.25,144.89
7646.T,ＰＬＡＮＴ,2026-07-28,1789.0,1807.0,2169.0,False,-16.69,3.89,1.4,,,,,2026-01-20,127.0,19.67,False,-3.5,True,True,6.62,-8.66,False,imminent,,-1.07,,,False,,,,,,,,,,,,2026-03-24,,0.01,0.81,0.21,6.78,19.22,21.35,-2.24,-15.29,19.67
9361.T,伏木海陸運送,2026-07-28,2080.0,2080.0,2497.0,False,-16.7,3.4,0.78,,,,,2026-02-13,110.0,26.06,True,1.23,True,False,7.61,-9.56,False,,,,,,,,,,,,,,,,,,,,0.57,0.35,0.6,13.77,20.0,20.0,-9.01,2.72,26.06
4972.T,綜研化学,2026-07-28,3040.0,3215.0,3860.0,False,-16.71,2.15,1.17,,,,,2026-07-23,3.0,97.4,True,1.47,True,True,9.22,-11.11,False,,,,,,,,,,,,,,,,,,,,0.06,0.53,0.91,20.11,20.11,20.11,-10.46,9.75,95.12
4465.T,ニイタカ,2026-07-28,2240.0,2248.0,2700.0,False,-16.74,0.74,1.11,,,,,2025-10-28,181.0,10.13,False,-6.34,False,True,6.28,-10.2,False,imminent,,-1.84,,,False,,,,,,,,,,,,2026-01-07,,0.14,0.67,0.0,13.07,19.54,23.69,-3.07,-10.86,9.38
8039.T,築地魚市場,2026-07-28,3470.0,3480.0,4180.0,False,-16.75,0.95,0.49,,,,,2026-03-02,100.0,1.31,False,-7.94,False,False,4.51,-8.78,False,,,,,,,,,,,,,,,,,,,,0.87,0.6,0.19,16.23,18.85,18.85,-12.81,-11.7,0.73
1332.T,ニッスイ,2026-07-28,1287.5,1306.5,1570.0,False,-16.78,0.75,1.08,,,,,2026-03-02,100.0,48.31,True,2.19,True,False,10.52,-13.27,False,,,,,,,,,,,,,,,,,,,,0.03,0.34,0.6,8.81,24.01,24.01,4.76,5.79,48.01
9824.T,泉州電業,2026-07-28,5940.0,6200.0,7450.0,False,-16.78,0.76,0.63,,,,,2026-06-23,24.0,40.43,True,2.1,True,False,8.32,-15.5,False,crossed,41.0,,,9.53,True,-14.7,widening,True,5.0,-9.59,6400.0,6570.0,2026-04-27,-2.59,False,2026-05-29,2026-05-28,,0.05,0.33,0.88,18.52,18.52,18.52,-6.9,4.95,41.94
3157.T,ジオリーブグループ,2026-07-28,1392.0,1437.0,1727.0,False,-16.79,0.89,1.53,,,,,2026-03-02,100.0,20.83,False,-5.07,True,True,5.75,-11.02,False,imminent,,-0.72,,,False,,,,,,,,,,,,2026-04-10,,0.1,0.62,0.35,15.08,20.72,20.72,-12.51,-12.45,20.73
3566.T,ユニフォームネクスト,2026-07-28,878.0,882.0,1060.0,False,-16.79,0.94,0.43,,,,,2026-06-08,35.0,48.56,True,17.79,True,False,6.98,-6.09,False,crossed,70.0,,,-1.34,True,-7.32,widening,True,0.0,7.07,820.0,820.0,2026-04-14,0.0,False,2026-04-14,2026-03-31,,0.0,0.7,0.85,15.08,15.08,15.08,10.72,28.93,43.93
7918.T,ヴィア・ホールディングス,2026-07-28,109.0,109.0,131.0,False,-16.79,0.3,0.86,,,,,2023-12-06,643.0,-7.63,False,-0.82,False,True,3.58,-5.17,False,crossed,7.0,,,-0.92,False,-1.02,narrowing,False,,-12.8,109.0,125.0,2026-03-18,-12.8,False,2026-07-16,2026-04-28,,0.39,0.17,0.33,4.63,17.6,17.6,0.93,0.0,-8.4
9219.T,ギックス,2026-07-28,872.0,872.0,1048.0,False,-16.79,0.2,1.5,,,,,2023-05-02,790.0,-3.75,False,-7.95,False,False,3.32,-5.52,False,diverging,,-3.53,-1.71,,False,,,,,,,,,,,,2025-12-22,,0.68,0.81,0.31,9.21,15.52,18.64,-4.28,-11.92,-3.0
3939.T,カナミックネットワーク,2026-07-28,478.0,485.0,583.0,False,-16.81,0.76,0.86,,,,,2026-04-20,66.0,8.39,False,-6.53,False,False,9.91,-8.26,False,,,,,,,,,,,,,,,,,,,,0.54,0.22,0.17,14.29,17.85,17.85,-10.99,-6.46,9.63
4486.T,ユナイトアンドグロウ,2026-07-28,650.0,653.0,785.0,False,-16.82,0.64,0.78,,,,,2025-09-25,203.0,3.01,False,-5.27,False,False,7.37,-9.56,False,imminent,,-2.69,,,True,,,,,,,,,,,,2026-06-30,,0.27,0.2,0.24,10.95,13.71,20.08,-4.41,-8.06,4.0
4403.T,日油,2026-07-28,2786.0,2828.0,3400.0,False,-16.82,0.67,0.63,,,,,2026-04-08,74.0,-4.24,False,-5.13,True,True,7.88,-12.93,False,,,,,,,,,,,,,,,,,,,,0.32,0.45,0.0,22.24,23.04,23.41,-11.5,-11.1,-3.33
3392.T,デリカフーズホールディングス,2026-07-28,823.0,859.0,1033.0,False,-16.84,2.22,0.76,,,,,2026-03-17,89.0,38.09,False,-4.2,False,True,13.37,-15.44,False,imminent,,-0.08,,,False,,,,,,,,,,,,2026-04-28,,0.0,0.33,0.14,10.06,22.31,25.02,-5.94,-9.76,37.4
5257.T,ノバシステム,2026-07-28,2515.0,2536.0,3050.0,False,-16.85,1.24,0.73,,,,,,,-17.27,False,-3.47,False,True,4.64,-7.22,False,crossed,27.0,,,-0.64,True,-4.45,widening,False,,-11.41,2516.0,2839.0,2026-01-13,-11.38,False,2026-06-18,2026-06-11,,0.06,0.01,0.16,10.1,17.46,23.48,-2.33,-10.18,-15.97
5013.T,ユシロ,2026-07-28,2949.0,2981.0,3585.0,False,-16.85,0.61,1.43,,,,,2026-01-15,130.0,36.02,True,2.04,True,False,9.36,-14.76,False,diverging,,-7.08,-0.09,,True,,,,,,,,,,,,2026-06-29,,0.7,0.01,0.73,17.73,17.73,17.73,-9.82,-7.12,37.16
4177.T,ｉ‐ｐｌｕｇ,2026-07-28,1538.0,1538.0,1850.0,False,-16.86,0.21,0.43,,,,,2026-01-26,123.0,14.35,True,4.59,True,True,9.21,-12.54,False,imminent,,-1.11,,,False,,,,,,,,,,,,2026-04-13,,0.04,0.67,0.31,11.95,25.45,25.45,3.43,-9.74,13.67
5947.T,リンナイ,2026-07-28,3690.0,3703.0,4456.0,False,-16.9,0.75,0.62,,,,,2026-02-12,111.0,-0.62,False,-1.08,False,True,5.93,-10.16,False,crossed,7.0,,,-1.69,False,0.97,narrowing,False,,-14.39,3618.0,4310.0,2026-02-10,-16.06,False,2026-07-16,2026-03-17,,0.19,0.63,0.06,9.43,22.46,22.46,5.04,-10.0,-0.27
9474.T,ゼンリン,2026-07-28,940.0,944.0,1136.0,False,-16.9,1.13,0.84,,,,,2025-04-30,303.0,-9.88,False,-4.05,False,True,5.75,-14.04,False,crossed,0.0,,,,False,,,False,,-14.39,940.0,1098.0,2026-01-16,-14.39,False,2026-07-28,2026-02-20,,0.17,0.68,0.7,12.66,22.04,25.16,-2.49,-12.64,-7.93
8848.T,レオパレス２１,2026-07-28,671.0,672.0,809.0,False,-16.93,0.93,0.93,,,,,2025-09-22,205.0,-2.75,True,1.32,False,True,6.88,-14.65,False,crossed,5.0,,,-0.59,False,-1.34,,False,,-9.81,675.0,744.0,2026-02-27,-9.27,False,2026-07-21,2026-04-01,,0.09,0.42,0.31,9.51,18.15,22.52,-0.3,-2.33,-2.89
6034.T,ＭＲＴ,2026-07-28,628.0,628.0,756.0,False,-16.93,0.27,0.74,,,,,2021-09-01,1198.0,-12.04,False,-1.67,False,True,3.8,-7.63,False,crossed,10.0,,,-0.16,False,-1.91,widening,False,,-7.37,631.0,678.0,2026-02-13,-6.93,False,2026-07-13,2026-03-30,,0.03,0.25,0.67,6.72,9.88,16.53,-1.1,-2.79,-11.42
6706.T,電気興業,2026-07-28,2984.0,3010.0,3625.0,False,-16.97,1.43,0.99,,,,,2026-06-01,40.0,39.83,True,4.55,True,False,14.53,-13.39,False,diverging,,-7.13,-0.38,,True,,,,,,,,,,,,2026-07-02,,0.76,0.09,0.76,18.44,18.44,18.44,-10.26,8.71,39.11
6459.T,大和冷機工業,2026-07-28,1684.0,1732.0,2086.0,False,-16.97,0.97,0.94,,,,,2026-04-06,76.0,-0.18,False,-1.27,False,False,7.75,-8.67,False,,,,,,,,,,,,,,,,,,,,0.68,0.01,0.15,19.25,20.83,20.83,-8.03,5.78,1.2
5951.T,ダイニチ工業,2026-07-28,1035.0,1036.0,1248.0,False,-16.99,0.24,0.76,,,,,2026-06-29,20.0,43.15,True,5.91,True,True,9.97,-13.53,False,crossed,20.0,,,-2.62,True,-12.61,widening,True,1.0,-13.17,1146.0,1192.0,2026-06-26,-3.86,False,2026-06-29,2026-05-15,,0.41,0.15,0.72,16.67,21.81,21.81,4.55,9.76,42.76
2378.T,ルネサンス,2026-07-28,1064.0,1075.0,1295.0,False,-16.99,0.68,0.71,,,,,2025-09-26,202.0,0.47,True,0.77,False,True,5.03,-10.25,False,crossed,7.0,,,1.63,False,0.89,widening,False,,-6.58,1044.0,1139.0,2026-01-16,-8.34,False,2026-07-16,2026-04-03,,0.49,0.48,0.43,4.33,14.27,24.57,7.47,-5.17,0.76
6249.T,ゲームカードホールディングス,2026-07-28,2637.0,2639.0,3180.0,False,-17.01,1.31,0.35,,,,,2025-09-18,207.0,8.07,False,-4.0,False,True,7.53,-11.44,False,imminent,,-0.13,,,False,,,,,,,,,,,,2026-03-03,,0.05,0.63,0.22,16.21,28.41,28.97,-1.68,-14.38,7.94
6191.T,エアトリ,2026-07-28,863.0,891.0,1074.0,False,-17.04,0.53,0.97,,,,,2021-10-04,1177.0,-11.21,True,11.15,False,True,10.45,-13.69,False,crossed,46.0,,,-4.48,False,-9.7,widening,True,0.0,-0.8,870.0,870.0,2026-05-22,0.0,False,2026-05-22,2025-10-17,,0.46,0.4,0.37,15.86,15.86,35.89,26.35,13.11,-9.25
9063.T,岡山県貨物運送,2026-07-28,4040.0,4065.0,4900.0,False,-17.04,0.78,1.0,,,,,2026-02-26,102.0,15.1,False,-1.48,True,True,7.8,-17.1,False,imminent,,-1.51,,,False,,,,,,,,,,,,2026-04-03,,0.14,0.62,0.32,11.8,20.29,20.29,-6.26,-3.81,15.43
1376.T,カネコ種苗,2026-07-28,1531.0,1542.0,1859.0,False,-17.05,0.63,1.03,,,,,2025-10-16,189.0,9.51,True,0.61,True,True,5.27,-8.55,False,crossed,13.0,,,2.56,False,1.35,narrowing,False,,-6.76,1483.0,1642.0,2026-01-05,-9.68,False,2026-07-08,2025-12-19,3ヶ月,0.72,0.07,0.02,6.18,12.09,24.48,9.2,-0.07,11.02
2814.T,佐藤食品工業,2026-07-28,3110.0,3110.0,3750.0,False,-17.07,0.39,0.65,,,,,2025-09-17,208.0,32.91,False,-1.65,False,True,9.91,-6.97,False,crossed,0.0,,,,False,,,False,,-5.76,3110.0,3300.0,2026-02-27,-5.76,False,2026-07-28,2026-03-30,,0.08,0.43,0.1,5.73,9.3,15.21,0.97,-2.51,32.34
2120.T,ＬＩＦＵＬＬ,2026-07-28,197.0,199.0,240.0,False,-17.08,0.67,0.85,,,,,2025-08-26,223.0,4.79,True,3.52,False,True,10.31,-14.06,False,crossed,10.0,,,0.0,False,-3.42,widening,False,,-10.45,201.0,220.0,2026-02-17,-8.64,False,2026-07-13,2026-05-12,,0.35,0.01,0.01,7.14,17.27,33.33,2.07,10.06,6.49
4707.T,キタック,2026-07-28,327.0,330.0,398.0,False,-17.09,2.68,0.48,,,,,2024-02-27,590.0,-7.1,False,-2.82,False,True,5.76,-13.57,False,crossed,27.0,,,1.85,False,-3.8,widening,False,,-15.06,325.0,385.0,2026-01-16,-15.58,False,2026-06-18,2026-03-16,,0.18,0.18,0.6,4.73,16.89,21.12,0.0,-4.94,-6.57
8860.T,フジ住宅,2026-07-28,765.0,771.0,930.0,False,-17.1,0.67,0.63,,,,,2026-03-02,100.0,12.5,False,-4.6,False,True,7.34,-13.66,False,imminent,,-0.81,,,False,,,,,,,,,,,,2026-04-10,,0.01,0.55,0.0,11.51,23.12,23.12,-5.32,-7.5,13.0
4694.T,ビー・エム・エル,2026-07-28,3620.0,3635.0,4385.0,False,-17.1,0.66,0.75,,,,,2026-02-27,101.0,7.1,False,-4.58,False,True,5.56,-8.65,False,,,,,,,,,,,,,,,,,,,,0.01,0.64,0.05,10.81,21.35,21.35,-5.24,-6.34,6.16
1982.T,日比谷総合設備,2026-07-28,2849.0,2889.0,3485.0,False,-17.1,0.74,1.13,,,,,2026-02-12,111.0,50.34,True,5.04,True,False,12.89,-17.34,False,,,,,,,,,,,,,,,,,,,,0.1,0.11,0.78,20.67,21.2,21.2,0.42,11.94,50.34
9685.T,ＫＹＣＯＭホールディングス,2026-07-28,573.0,576.0,695.0,False,-17.12,0.73,0.57,,,,,2025-03-26,327.0,-12.39,False,-9.19,False,True,4.28,-7.87,False,imminent,,-1.36,,,False,,,,,,,,,,,,2026-02-24,,0.2,0.75,0.49,17.6,21.04,23.0,-10.75,-14.35,-12.39
3182.T,オイシックス・ラ・大地,2026-07-28,1619.0,1655.0,1997.0,False,-17.13,0.75,0.71,,,,,2025-08-14,231.0,-2.76,True,8.01,False,True,5.74,-11.03,False,crossed,60.0,,,-1.55,False,1.74,narrowing,True,27.0,2.6,1419.0,1578.0,2026-01-20,-10.08,False,2026-04-28,2025-10-30,,0.65,0.44,0.44,9.09,14.6,32.02,15.15,5.06,-2.29
7638.T,ＮＥＷ　ＡＲＴ　ＨＯＬＤＩＮＧＳ,2026-07-28,1371.0,1378.0,1663.0,False,-17.14,0.62,0.6,,,,,2024-01-23,613.0,0.0,False,-5.08,False,True,7.73,-14.02,False,imminent,,-0.19,,,False,,,,,,,,,,,,2026-04-13,,0.01,0.57,0.19,6.16,21.18,21.18,-1.79,-7.68,-0.51
6482.T,ＹＵＳＨＩＮ,2026-07-28,665.0,686.0,828.0,False,-17.15,1.01,0.9,,,,,2026-02-13,110.0,9.02,False,-4.36,True,False,5.94,-15.36,False,diverging,,-0.05,-0.04,,False,,,,,,,,,,,,2026-07-28,,0.0,0.32,0.28,14.32,21.51,21.51,0.91,-12.04,10.28
6059.T,ウチヤマホールディングス,2026-07-28,346.0,347.0,419.0,False,-17.18,0.79,0.9,,,,,2026-02-13,110.0,11.97,False,-4.56,True,False,4.97,-9.6,False,,,,,,,,,,,,,,,,,,,,0.38,0.85,0.11,5.6,17.2,17.2,-3.08,-11.28,12.7
9023.T,東京地下鉄,2026-07-28,1483.0,1487.5,1796.0,False,-17.18,0.79,0.57,,,,,,,-8.68,False,-5.62,False,True,3.64,-6.76,False,imminent,,-2.31,,,False,,,,,,,,,,,,2026-04-07,,0.21,0.76,0.54,16.19,23.46,24.57,-6.2,-11.88,-7.97
5304.T,ＳＥＣカーボン,2026-07-28,2481.0,2555.0,3085.0,False,-17.18,0.72,0.77,,,,,2026-03-11,93.0,21.08,False,-0.96,True,False,7.83,-12.47,False,imminent,,-1.94,,,False,,,,,,,,,,,,2026-04-15,,0.19,0.57,0.41,11.1,22.77,22.77,1.06,-11.87,20.15
7729.T,東京精密,2026-07-28,16390.0,17645.0,21310.0,False,-17.2,1.29,1.26,,,,,2026-07-01,18.0,71.03,True,12.73,True,True,17.71,-23.64,False,,,,,,,,,,,,,,,,,,,,0.12,0.54,0.9,21.65,27.56,27.56,-5.97,21.09,69.46
6817.T,スミダコーポレーション,2026-07-28,1294.0,1346.0,1626.0,False,-17.22,1.61,0.89,,,,,2026-06-05,36.0,34.23,True,4.72,True,False,9.72,-13.58,False,,,,,,,,,,,,,,,,,,,,0.0,0.55,0.8,19.94,19.94,19.94,-1.37,8.01,31.64
9311.T,アサガミ,2026-07-27,8030.0,8030.0,9700.0,False,-17.22,0.0,1.89,,,,,2026-03-03,98.0,38.21,True,4.39,True,True,8.12,-9.09,False,crossed,4.0,,,,False,,,False,,-17.22,8050.0,9700.0,2026-03-03,-17.01,False,2026-07-21,2026-04-24,,0.04,0.15,0.61,8.64,23.71,23.71,0.0,8.51,38.21
3608.T,ＴＳＩホールディングス,2026-07-28,1259.0,1274.0,1539.0,False,-17.22,0.75,0.92,,,,,2026-04-21,65.0,12.91,True,13.34,True,True,9.54,-10.49,False,imminent,,-1.64,,,True,,,,,,,,,,,,2026-06-10,,0.02,0.19,0.31,20.86,26.38,26.38,-10.07,16.14,3.88
7975.T,リヒトラブ,2026-07-28,1114.0,1115.0,1347.0,False,-17.22,0.27,2.04,,,,,2026-02-25,103.0,-3.55,False,-6.21,False,True,3.28,-5.48,False,imminent,,-2.32,,,False,,,,,,,,,,,,2026-03-16,,0.33,0.79,0.12,11.92,21.53,21.53,-3.55,-14.18,-3.55
9025.T,鴻池運輸,2026-07-28,2980.0,2996.0,3620.0,False,-17.24,0.84,0.99,,,,,2026-02-19,106.0,-4.64,False,-2.22,False,True,6.82,-17.29,False,crossed,0.0,,,,False,,,False,,-17.68,2980.0,3620.0,2026-02-19,-17.68,False,2026-07-28,2026-03-26,,0.04,0.69,0.51,8.14,27.4,27.4,5.19,-10.51,-4.79
548A.T,システムエグゼ,2026-07-28,978.0,989.0,1195.0,False,-17.24,0.25,0.81,,,,,,,,,,,True,,,False,,,,,,,,,,,,,,,,,,,,0.15,,,11.06,,,-1.11,,
3457.T,Ａｎｄ　Ｄｏホールディングス,2026-07-28,933.0,945.0,1142.0,False,-17.25,0.41,1.02,,,,,2025-04-23,307.0,-14.33,False,-11.36,False,False,3.42,-6.16,False,,,,,,,,,,,,,,,,,,,,0.75,0.7,0.26,14.48,18.11,18.25,-13.53,-16.25,-13.77
4832.T,ＪＦＥシステムズ,2026-07-28,2026.0,2043.0,2469.0,False,-17.25,1.33,0.9,,,,,2026-01-16,129.0,5.19,False,-2.49,False,True,8.58,-14.32,False,crossed,5.0,,,-0.83,False,-1.58,,False,,-17.94,2043.0,2469.0,2026-01-16,-17.25,False,2026-07-21,2026-02-26,,0.34,0.51,0.19,8.52,21.98,25.23,1.05,-13.93,1.35
8276.T,平和堂,2026-07-28,2680.0,2689.0,3250.0,False,-17.26,1.06,0.77,,,,,2026-02-18,107.0,-7.27,False,-4.46,False,True,4.75,-10.22,False,imminent,,-1.7,,,False,,,,,,,,,,,,2026-03-24,,0.12,0.8,0.49,8.4,23.4,23.4,1.86,-10.82,-7.27
9906.T,藤井産業,2026-07-28,4120.0,4120.0,4980.0,False,-17.27,0.06,0.87,,,,,2026-05-13,53.0,36.42,True,2.99,True,True,6.06,-7.89,True,crossed,3.0,,,,True,,,False,,-15.49,4080.0,4875.0,2026-05-13,-16.31,False,2026-07-23,2026-06-10,,0.05,0.16,0.45,26.56,26.56,26.56,-2.14,-6.47,37.47
5991.T,日本発條,2026-07-28,3520.0,3590.0,4340.0,False,-17.28,0.73,0.61,,,,,2026-06-19,26.0,114.7,True,18.72,True,False,15.33,-19.47,False,crossed,51.0,,,-8.39,True,-10.66,widening,True,13.0,-2.03,3541.0,3593.0,2026-05-13,-1.45,False,2026-05-15,2026-04-01,,0.46,0.57,0.8,17.61,24.88,24.88,26.37,26.85,114.77
8289.T,Ｏｌｙｍｐｉｃグループ,2026-06-29,952.0,952.0,1151.0,False,-17.29,0.0,0.65,,,,,2026-04-08,54.0,129.4,True,59.43,True,False,36.94,-7.66,False,crossed,57.0,,,75.93,True,42.21,narrowing,True,1.0,49.45,619.0,637.0,2026-04-02,-2.83,False,2026-04-03,2026-03-23,,0.13,0.71,0.6,16.84,16.84,16.84,113.93,116.36,125.59
4543.T,テルモ,2026-07-28,2295.0,2330.5,2818.0,False,-17.3,0.82,0.83,,,,,2024-11-12,415.0,-6.15,True,2.58,False,False,8.39,-11.12,False,crossed,69.0,,,-3.41,False,-9.25,narrowing,True,20.0,0.59,2187.0,2281.5,2026-01-08,-4.14,False,2026-04-15,2025-09-29,,0.16,0.4,0.5,10.18,13.64,31.71,11.62,5.4,-6.02
3105.T,日清紡ホールディングス,2026-07-28,2166.5,2228.0,2694.0,False,-17.3,0.74,0.83,,,,,2026-06-30,19.0,133.43,True,28.16,True,True,16.4,-17.93,False,,,,,,,,,,,,,,,,,,,,0.1,0.75,0.93,18.33,18.83,18.83,13.16,54.53,131.09
3988.T,ＳＹＳホールディングス,2026-07-28,544.0,554.0,670.0,False,-17.31,0.11,1.28,,,,,2025-09-12,210.0,-3.72,False,-2.09,False,True,3.85,-7.41,False,imminent,,-0.91,,,True,,,,,,,,,,,,2026-06-23,,0.14,0.22,0.48,9.11,11.94,22.29,0.18,-5.88,-2.86
8053.T,住友商事,2026-07-28,1583.5,1607.0,1943.8,False,-17.32,0.82,0.83,,,,,2026-05-13,53.0,69.95,True,8.16,True,False,10.05,-13.25,False,diverging,,-3.51,-0.29,,True,,,,,,,,,,,,2026-07-07,,0.22,0.07,0.83,21.34,21.34,21.34,9.57,0.57,71.79
3776.T,ブロードバンドタワー,2026-07-28,230.0,248.0,300.0,False,-17.33,1.24,1.04,,,,,2026-07-09,12.0,50.33,True,5.79,True,True,13.7,-19.3,False,,,,,,,,,,,,,,,,,,,,0.21,0.71,0.89,22.03,22.03,22.03,1.32,27.78,53.33
9319.T,中央倉庫,2026-07-28,1841.0,1864.0,2255.0,False,-17.34,1.38,0.7,,,,,2026-04-22,64.0,31.97,True,9.18,True,True,8.93,-11.25,False,,,,,,,,,,,,,,,,,,,,0.12,0.02,0.64,21.59,21.91,21.91,-15.51,8.87,33.31
173A.T,ハンモック,2026-07-28,1519.0,1529.0,1850.0,False,-17.35,1.57,2.23,,,,,2026-01-26,123.0,-6.87,True,3.23,False,True,5.1,-6.82,False,crossed,5.0,,,3.33,False,2.58,,False,,-5.12,1470.0,1601.0,2026-01-26,-8.18,False,2026-07-21,2025-11-25,,0.21,0.29,0.67,9.5,18.49,23.24,5.34,-1.04,-5.42
6894.T,パルステック工業,2026-07-28,2110.0,2136.0,2586.0,False,-17.4,1.32,1.06,,,,,2026-01-28,121.0,19.75,False,-1.65,True,True,4.0,-8.5,False,crossed,9.0,,,-0.79,False,-2.74,widening,False,,-14.75,2141.0,2475.0,2026-02-17,-13.49,False,2026-07-14,2026-04-03,,0.05,0.51,0.42,7.33,15.92,15.92,-0.33,-9.36,19.75
9064.T,ヤマトホールディングス,2026-07-28,2118.0,2121.0,2568.0,False,-17.41,0.9,1.03,,,,,2025-09-04,216.0,10.0,True,6.67,False,True,7.79,-8.86,False,crossed,23.0,,,4.73,False,16.99,widening,False,,-6.63,1756.5,2268.5,2026-01-07,-22.57,False,2026-06-24,2025-10-30,,0.69,0.0,0.59,5.24,18.2,33.48,19.8,2.79,11.24
9713.T,ロイヤルホテル,2026-07-28,903.0,906.0,1097.0,False,-17.41,0.63,0.72,,,,,2025-02-17,352.0,0.89,False,-2.94,False,True,4.62,-7.42,False,imminent,,-0.53,,,False,,,,,,,,,,,,2026-04-22,,0.07,0.53,0.32,4.45,10.83,18.95,-1.74,-7.86,2.03
8202.T,ラオックスホールディングス,2026-07-28,145.0,147.0,178.0,False,-17.42,3.34,0.3,,,,,2023-08-17,718.0,-9.94,False,-5.01,False,False,3.7,-7.88,False,imminent,,-0.86,,,True,,,,,,,,,,,,2026-06-03,,0.23,0.0,0.59,7.1,7.1,18.86,-3.33,-3.33,-9.94
167A.T,リョーサン菱洋ホールディングス,2026-07-28,2828.0,2849.0,3450.0,False,-17.42,1.05,0.89,,,,,2026-03-02,100.0,4.47,False,-4.1,False,False,7.07,-13.28,False,crossed,1.0,,,,False,,,False,,-18.03,2859.0,3450.0,2026-02-27,-17.13,False,2026-07-27,2026-04-06,,0.04,0.59,0.06,8.35,23.62,23.62,3.63,-9.79,3.4
3355.T,クリヤマホールディングス,2026-07-28,1653.0,1669.0,2021.0,False,-17.42,0.61,0.9,,,,,2026-04-14,70.0,10.13,False,-2.03,True,True,5.32,-13.7,False,,,,,,,,,,,,,,,,,,,,0.33,0.24,0.13,19.81,23.59,23.59,-13.14,-6.56,11.54
4667.T,アイサンテクノロジー,2026-07-28,1821.0,1924.0,2330.0,False,-17.42,1.98,0.82,,,,,2026-07-07,14.0,34.59,False,-1.05,True,True,11.44,-19.86,False,crossed,22.0,,,-3.37,False,-15.65,widening,False,,-20.79,2076.0,2299.0,2026-01-16,-9.7,False,2026-06-25,2026-03-18,,0.64,0.05,0.39,20.45,33.91,34.88,8.07,-19.6,33.6
4040.T,南海化学,2026-07-28,3445.0,3530.0,4275.0,False,-17.43,1.23,0.76,,,,,2026-05-28,42.0,7.66,True,5.1,True,False,16.31,-19.85,False,crossed,45.0,,,1.6,True,-23.82,widening,True,1.0,-15.87,4060.0,4095.0,2026-05-21,-0.85,False,2026-05-25,2026-04-09,,0.03,0.18,0.53,18.65,22.26,22.26,10.06,5.84,7.15
3987.T,エコモット,2026-07-28,627.0,639.0,774.0,False,-17.44,0.91,2.54,,,,,2026-04-20,66.0,10.97,True,22.32,True,True,8.12,-13.65,False,crossed,9.0,,,2.7,True,4.62,widening,False,,-8.06,592.0,682.0,2026-04-17,-13.2,False,2026-07-14,2026-06-22,,0.24,0.45,0.09,10.29,23.31,30.53,12.77,23.91,17.2
8131.T,ミツウロコグループホールディングス,2026-07-28,2064.0,2097.0,2540.0,False,-17.44,0.39,0.92,,,,,2025-08-12,233.0,-3.91,False,-3.27,False,True,8.9,-16.63,False,crossed,5.0,,,-1.39,False,-2.14,,False,,-16.74,2093.0,2479.0,2026-04-03,-15.57,False,2026-07-21,2026-05-01,,0.33,0.37,0.23,15.55,30.58,30.58,1.67,-7.77,-4.75
5906.T,エムケー精工,2026-07-28,820.0,833.0,1009.0,False,-17.44,1.49,0.53,,,,,2026-02-27,101.0,67.35,True,10.95,True,True,18.03,-17.0,False,imminent,,-0.04,,,False,,,,,,,,,,,,2026-05-12,,0.05,0.12,0.67,17.86,28.23,28.23,-3.42,16.48,69.77
8881.T,日神グループホールディングス,2026-07-28,679.0,690.0,836.0,False,-17.46,1.41,0.73,,,,,2026-02-05,115.0,31.08,False,-3.74,True,True,9.34,-14.22,False,imminent,,-1.22,,,False,,,,,,,,,,,,2026-03-30,,0.03,0.81,0.23,12.43,24.67,24.67,-1.16,-15.34,31.84
4503.T,アステラス製薬,2026-07-28,2235.5,2242.5,2717.0,False,-17.46,0.62,0.98,,,,,2026-04-08,74.0,55.3,True,2.88,True,True,9.71,-11.39,False,,,,,,,,,,,,,,,,,,,,0.47,0.34,0.64,14.63,20.71,20.71,-9.42,-0.42,55.03
5851.T,リョービ,2026-07-28,2490.0,2529.0,3065.0,False,-17.49,0.93,0.86,,,,,2026-02-16,109.0,11.91,False,-7.25,False,False,9.25,-20.13,False,,,,,,,,,,,,,,,,,,,,0.07,0.19,0.01,12.92,20.76,20.76,-1.03,-13.18,11.61
7538.T,大水,2026-07-28,381.0,382.0,463.0,False,-17.49,0.34,0.66,,,,,2026-02-17,108.0,13.39,True,0.82,True,True,7.52,-14.32,False,imminent,,-1.15,,,False,,,,,,,,,,,,2026-04-17,,0.09,0.62,0.26,15.0,25.44,25.44,-2.56,-5.22,13.06
2206.T,江崎グリコ,2026-07-28,5142.0,5189.0,6290.0,False,-17.5,0.67,1.0,,,,,2026-03-18,88.0,15.92,False,-6.42,True,False,5.45,-3.92,False,,,,,,,,,,,,,,,,,,,,0.75,0.6,0.35,13.27,19.87,19.87,-11.04,-5.86,15.11
3984.T,ユーザーローカル,2026-07-28,1786.0,1814.0,2199.0,False,-17.51,0.65,0.58,,,,,2025-08-26,223.0,-1.87,True,0.75,False,False,8.51,-14.61,False,crossed,49.0,,,-1.85,False,-6.29,widening,False,,-12.79,1729.0,2048.0,2026-01-15,-15.58,False,2026-05-19,2026-02-09,,0.17,0.08,0.41,16.86,30.24,35.93,13.98,-9.66,-1.6
9885.T,シャルレ,2026-07-28,333.0,334.0,405.0,False,-17.53,0.53,0.51,,,,,2024-02-27,590.0,-10.96,False,-5.86,False,False,3.04,-5.19,False,,,,,,,,,,,,,,,,,,,,0.56,0.8,0.87,9.29,12.86,13.99,-3.48,-7.5,-12.14
7077.T,ＡＬｉＮＫインターネット,2026-07-28,1007.0,1007.0,1221.0,False,-17.53,0.3,1.58,,,,,2024-02-28,589.0,-7.02,False,-1.65,False,True,3.78,-6.43,False,crossed,15.0,,,-0.1,True,-3.95,widening,False,,-8.87,1025.0,1105.0,2026-01-05,-7.24,False,2026-07-06,2026-07-02,,0.09,0.14,0.48,3.5,14.23,16.74,0.4,-5.71,-6.76
6918.T,アバールデータ,2026-07-28,3095.0,3125.0,3790.0,False,-17.55,1.04,0.77,,,,,2026-05-18,50.0,39.86,True,6.86,True,False,10.35,-14.81,False,crossed,55.0,,,2.04,True,-27.09,widening,True,0.0,-16.01,3685.0,3685.0,2026-05-11,0.0,False,2026-05-11,2026-03-26,,0.03,0.36,0.79,22.87,22.87,22.87,2.15,5.31,40.55
1925.T,大和ハウス工業,2026-07-28,4770.0,4786.0,5805.0,False,-17.55,0.53,0.8,,,,,2026-02-13,110.0,-3.69,False,-4.78,False,True,6.17,-12.85,False,imminent,,-0.77,,,False,,,,,,,,,,,,2026-03-30,,0.02,0.76,0.46,14.13,26.67,26.67,-0.27,-11.67,-2.65
4064.T,日本カーバイド工業,2026-07-28,3190.0,3240.0,3930.0,False,-17.56,0.89,0.64,,,,,2026-06-19,26.0,69.68,True,14.29,True,False,11.28,-17.44,False,crossed,46.0,,,4.39,True,-5.16,widening,True,1.0,0.95,3075.0,3160.0,2026-02-27,-2.69,False,2026-05-22,2026-04-10,,0.46,0.53,0.9,16.82,17.78,17.78,19.57,19.07,69.32
4752.T,昭和システムエンジニアリング,2026-07-28,1520.0,1540.0,1868.0,False,-17.56,6.41,1.13,,,,,2025-10-31,178.0,4.04,False,-4.56,False,True,4.64,-7.43,False,crossed,0.0,,,,False,,,False,,-9.52,1520.0,1680.0,2026-01-15,-9.52,False,2026-07-28,2026-01-30,,0.0,0.65,0.02,8.14,12.98,16.86,-4.04,-7.15,4.97
7585.T,かんなん丸,2026-07-28,407.0,408.0,495.0,False,-17.58,0.55,0.46,,,,,2023-09-01,707.0,-1.21,False,-1.89,False,False,1.76,-3.12,False,diverging,,-1.01,-0.03,,True,,,,,,,,,,,,2026-07-09,,0.33,0.0,0.12,3.81,4.32,8.06,-1.69,-2.16,-1.21
6040.T,日本スキー場開発,2026-07-28,524.0,525.0,637.0,False,-17.58,1.49,0.96,,,,,2025-08-29,220.0,-4.73,True,7.4,False,True,9.68,-10.1,False,crossed,31.0,,,1.24,False,3.53,widening,False,,-1.87,482.0,534.0,2026-01-22,-9.74,False,2026-06-12,2026-02-25,3ヶ月,0.94,0.01,0.48,3.33,19.1,31.43,21.02,-1.87,-1.32
4318.T,クイック,2026-07-28,786.0,792.0,961.0,False,-17.59,0.39,0.85,,,,,2026-03-02,100.0,3.51,False,-5.17,False,True,7.7,-11.05,False,imminent,,-2.05,,,False,,,,,,,,,,,,2026-03-26,,0.01,0.66,0.02,18.54,26.69,26.69,-7.09,-14.47,3.56
2454.T,オールアバウト,2026-07-28,346.0,346.0,420.0,False,-17.62,1.6,1.12,,,,,2025-09-01,219.0,-6.99,False,-7.78,False,False,6.37,-11.0,False,,,,,,,,,,,,,,,,,,,,0.76,0.88,0.48,11.8,18.16,21.48,-4.95,-12.85,-6.49
5819.T,カナレ電気,2026-07-28,1749.0,1769.0,2148.0,False,-17.64,0.48,1.18,,,,,2026-02-26,102.0,12.55,False,-5.85,False,False,7.66,-15.54,False,,,,,,,,,,,,,,,,,,,,0.4,0.6,0.05,10.11,20.12,20.12,-7.7,-7.75,12.55
7140.T,ペットゴー,2026-07-28,801.0,807.0,980.0,False,-17.65,0.16,11.65,,,,,2025-03-25,328.0,6.94,False,-3.19,False,False,8.13,-17.76,False,diverging,,-1.16,-0.02,,True,,,,,,,,,,,,2026-07-16,,0.1,0.27,0.09,18.28,18.28,18.28,-5.65,-1.6,6.09
7039.T,ブリッジインターナショナルグループ,2026-07-28,1720.0,1750.0,2125.0,False,-17.65,1.59,0.54,,,,,2025-10-01,199.0,-5.23,False,-8.11,False,True,4.16,-8.05,False,imminent,,-0.85,,,False,,,,,,,,,,,,2026-02-03,,0.0,0.71,0.58,11.9,19.81,24.04,-5.23,-13.48,-5.39
3835.T,ｅＢＡＳＥ,2026-07-28,426.0,429.0,521.0,False,-17.66,1.36,0.84,,,,,2023-06-21,757.0,-16.8,False,-0.47,False,True,3.97,-8.85,False,crossed,7.0,,,-1.64,False,-1.26,narrowing,False,,-9.94,427.0,473.0,2026-01-15,-9.73,False,2026-07-16,2026-02-18,,0.15,0.27,0.8,8.96,15.54,25.34,5.45,-6.78,-15.64
2975.T,スター・マイカ・ホールディングス,2026-07-28,1496.0,1520.0,1846.0,False,-17.66,0.64,1.63,,,,,2026-04-08,74.0,59.66,True,2.46,True,True,7.59,-7.02,False,,,,,,,,,,,,,,,,,,,,0.28,0.03,0.77,18.15,22.51,22.51,-9.72,2.05,61.21
5218.T,オハラ,2026-07-28,1424.0,1436.0,1744.0,False,-17.66,1.92,0.65,,,,,2026-06-23,24.0,28.87,True,15.45,True,False,11.51,-12.03,False,crossed,103.0,,,-5.9,False,1.68,narrowing,True,1.0,21.29,1169.0,1174.0,2026-02-24,-0.43,False,2026-02-25,2025-10-20,,0.18,0.78,0.35,16.65,16.65,19.13,18.67,32.34,29.81
3426.T,アトムリビンテック,2026-07-28,1298.0,1300.0,1579.0,False,-17.67,1.82,2.56,,,,,2025-04-30,303.0,-9.8,False,-2.41,False,False,2.48,-6.2,False,diverging,,-0.46,-0.24,,False,,,,,,,,,,,,2025-08-29,,0.38,0.55,0.77,2.41,2.85,16.68,-1.07,-0.92,-9.8
4390.T,ＩＰＳ,2026-07-28,3445.0,3540.0,4300.0,False,-17.67,0.77,0.61,,,,,2026-05-29,41.0,52.5,True,4.78,True,False,14.7,-19.76,False,,,,,,,,,,,,,,,,,,,,0.08,0.46,0.44,21.31,21.31,23.45,9.02,11.13,53.59
6745.T,ホーチキ,2026-07-28,1919.0,1940.0,2357.0,False,-17.69,0.41,0.85,,,,,2026-05-19,49.0,90.31,True,8.31,True,False,10.14,-6.41,False,diverging,,-1.87,-1.32,,False,,,,,,,,,,,,2026-05-26,,0.06,0.06,0.85,21.26,21.26,21.26,-0.1,14.91,90.0
4992.T,北興化学工業,2026-07-28,1832.0,1883.0,2288.0,False,-17.7,1.37,0.92,,,,,2026-06-26,21.0,26.43,True,3.53,True,True,8.73,-14.19,False,crossed,35.0,,,10.06,True,-8.97,widening,True,4.0,-6.72,1889.0,1964.0,2026-06-04,-3.82,False,2026-06-08,2026-04-24,,0.54,0.44,0.71,18.4,18.4,18.4,7.2,6.33,24.54
6503.T,三菱電機,2026-07-28,5301.0,5500.0,6686.0,False,-17.74,0.93,0.76,,,,,2026-05-27,43.0,72.84,True,1.28,True,False,12.9,-16.74,False,diverging,,-3.53,-0.08,,True,,,,,,,,,,,,2026-07-07,,0.49,0.24,0.89,19.19,19.19,19.19,-11.64,6.47,70.18
1994.T,高橋カーテンウォール工業,2026-07-28,545.0,547.0,665.0,False,-17.74,0.8,1.14,,,,,2026-05-12,54.0,11.68,True,0.2,True,False,5.15,-11.15,False,diverging,,-1.4,-0.11,,True,,,,,,,,,,,,2026-07-01,,0.3,0.0,0.68,19.4,19.4,19.4,-2.15,2.06,11.91
3071.T,ストリーム,2026-07-28,101.0,102.0,124.0,False,-17.74,0.39,0.18,,,,,2025-03-26,327.0,-9.01,False,-4.68,False,True,3.49,-5.31,False,imminent,,-0.95,,,False,,,,,,,,,,,,2026-02-25,,0.19,0.75,0.71,6.67,14.04,16.95,-2.88,-10.62,-11.4
1717.T,明豊ファシリティワークス,2026-07-28,943.0,950.0,1155.0,False,-17.75,0.26,0.6,,,,,2025-10-06,196.0,-7.55,False,-7.83,False,True,4.61,-9.88,False,imminent,,-0.99,,,False,,,,,,,,,,,,2026-03-13,,0.04,0.83,0.57,9.9,21.79,23.15,-3.48,-15.65,-5.79
1814.T,大末建設,2026-07-28,3590.0,3705.0,4505.0,False,-17.76,0.92,1.16,,,,,2026-02-24,104.0,60.05,True,1.38,True,True,13.78,-21.08,False,crossed,6.0,,,6.16,False,1.98,narrowing,False,,-20.13,3490.0,4495.0,2026-02-24,-22.36,True,2026-07-17,2026-04-02,,0.21,0.53,0.35,11.91,30.92,30.92,2.57,-9.91,62.74
3912.T,モバイルファクトリー,2026-07-28,1054.0,1067.0,1298.0,False,-17.8,0.4,1.73,,,,,2026-02-02,118.0,13.58,False,-4.34,True,False,5.42,-5.94,False,,,,,,,,,,,,,,,,,,,,0.27,0.45,0.49,12.91,17.9,17.9,-12.24,-2.5,14.44
9419.T,ワイヤレスゲート,2026-07-28,288.0,291.0,354.0,False,-17.8,1.37,0.49,,,,,2026-01-27,122.0,9.51,True,1.77,True,False,8.25,-11.18,False,diverging,,-1.35,-0.14,,True,,,,,,,,,,,,2026-07-06,,0.05,0.08,0.35,8.06,11.49,16.32,-2.37,9.51,11.2
5461.T,中部鋼鈑,2026-07-28,2113.0,2141.0,2605.0,False,-17.81,0.68,0.74,,,,,2026-02-19,106.0,-0.05,False,-3.22,False,False,6.14,-9.09,False,,,,,,,,,,,,,,,,,,,,0.22,0.46,0.01,16.91,25.1,25.1,-5.75,-8.88,0.81
7030.T,スプリックス,2026-07-28,1167.0,1200.0,1460.0,False,-17.81,2.34,0.52,,,,,2025-09-19,206.0,6.19,False,-8.66,False,False,10.86,-14.95,False,,,,,,,,,,,,,,,,,,,,0.64,0.47,0.14,31.35,31.35,33.43,-16.46,-14.94,6.28
3495.T,香陵住販,2026-07-28,2346.0,2346.0,2855.0,False,-17.83,1.19,0.37,,,,,2025-07-22,247.0,-6.2,False,-3.28,False,False,1.88,-5.16,False,diverging,,-1.56,-0.01,,True,,,,,,,,,,,,2026-07-01,,0.16,0.52,0.29,10.99,10.99,18.04,-2.82,-6.12,-8.64
9312.T,ケイヒン,2026-07-28,2871.0,2876.0,3500.0,False,-17.83,0.32,0.76,,,,,2026-02-13,110.0,5.09,False,-0.36,True,True,7.72,-17.58,False,imminent,,-1.83,,,False,,,,,,,,,,,,2026-04-08,,0.21,0.45,0.28,12.24,19.42,19.42,-3.14,-1.51,5.36
6086.T,シンメンテホールディングス,2026-07-28,1054.0,1060.0,1290.0,False,-17.83,0.43,1.14,,,,,2026-02-25,103.0,10.14,False,-5.27,False,False,6.89,-18.69,False,imminent,,-1.3,,,False,,,,,,,,,,,,2026-03-24,,0.16,0.6,0.29,13.04,23.85,23.85,7.55,-13.96,2.33
4657.T,環境管理センター,2026-07-28,459.0,459.0,559.0,False,-17.89,0.26,0.57,,,,,2026-04-22,64.0,11.41,True,2.29,True,True,4.59,-3.34,True,imminent,,-0.93,,,True,,,,,,,,,,,,2026-06-12,,0.12,0.0,0.26,15.37,18.62,20.85,-3.37,3.85,11.14
208A.T,構造計画研究所ホールディングス,2026-07-28,2891.0,2931.0,3570.0,False,-17.9,0.55,0.66,,,,,2025-09-10,212.0,15.55,False,-4.36,False,True,10.39,-6.66,False,imminent,,-1.2,,,False,,,,,,,,,,,,2026-03-10,,0.19,0.69,0.02,10.29,13.23,21.33,-0.58,-9.37,16.71
4471.T,三洋化成工業,2026-07-28,4805.0,5000.0,6090.0,False,-17.9,0.68,0.86,,,,,2026-02-19,106.0,24.81,False,-4.3,True,False,8.26,-16.61,False,diverging,,-3.22,-0.17,,False,,,,,,,,,,,,2026-04-01,,0.34,0.58,0.53,13.58,20.97,20.97,-4.47,-12.16,25.46
4450.T,パワーソリューションズ,2026-07-28,2131.0,2159.0,2630.0,False,-17.91,0.94,0.79,,,,,2025-10-06,196.0,55.55,False,-2.72,False,True,11.07,-18.72,False,,,,,,,,,,,,,,,,,,,,0.14,0.24,0.0,23.74,24.29,26.44,-14.25,-5.5,56.69
9057.T,遠州トラック,2026-07-28,3185.0,3185.0,3880.0,False,-17.91,0.49,0.92,,,,,2026-02-26,102.0,2.25,False,-5.19,True,True,5.66,-9.45,False,imminent,,-1.14,,,False,,,,,,,,,,,,2026-03-30,,0.09,0.84,0.04,7.46,18.64,18.64,-4.93,-14.27,2.25
7031.T,インバウンドテック,2026-07-28,751.0,765.0,932.0,False,-17.92,1.23,1.68,,,,,2026-03-12,92.0,-9.52,True,13.04,False,True,11.19,-13.21,False,crossed,25.0,,,2.04,True,13.87,widening,False,,-11.75,637.0,851.0,2026-04-27,-25.15,False,2026-06-22,2026-06-10,,0.1,0.2,0.51,31.61,31.61,34.43,7.13,23.93,-10.17
9791.T,ビケンテクノ,2026-07-28,1206.0,1215.0,1481.0,False,-17.96,0.52,0.88,,,,,2026-02-13,110.0,23.57,False,-7.14,False,True,7.47,-7.6,False,,,,,,,,,,,,,,,,,,,,0.13,0.72,0.07,19.12,25.67,25.67,-6.58,-13.67,23.44
3762.T,テクマトリックス,2026-07-28,2024.0,2033.0,2478.0,False,-17.96,1.26,0.74,,,,,2024-11-12,415.0,-3.94,True,2.29,False,True,8.49,-9.54,False,crossed,0.0,,,,True,,,False,,-16.6,2024.0,2427.0,2026-01-08,-16.6,False,2026-07-28,2026-06-26,,0.03,0.14,0.46,13.25,29.31,32.43,10.3,-10.04,-2.83
4430.T,東海ソフト,2026-07-28,1657.0,1668.0,2034.0,False,-17.99,0.23,0.81,,,,,2026-01-19,128.0,5.74,False,-6.25,True,True,5.42,-7.34,False,,,,,,,,,,,,,,,,,,,,0.49,0.71,0.11,14.39,20.36,21.2,-9.85,-16.27,8.51
2266.T,六甲バター,2026-07-28,1086.0,1099.0,1340.0,False,-17.99,1.34,0.97,,,,,2024-09-27,445.0,-15.29,False,-6.65,False,True,4.37,-6.83,False,imminent,,-0.53,,,False,,,,,,,,,,,,2026-01-13,,0.01,0.66,0.77,9.68,16.52,21.56,-4.4,-9.2,-14.42
3395.T,サンマルクホールディングス,2026-07-28,2609.0,2620.0,3195.0,False,-18.0,0.87,0.63,,,,,2026-03-11,93.0,8.89,False,-4.42,False,True,6.41,-9.53,False,imminent,,-1.57,,,False,,,,,,,,,,,,2026-04-22,,0.11,0.67,0.0,11.48,24.61,24.61,-0.91,-7.09,10.04
5532.T,リアルゲイト,2026-07-28,3465.0,3600.0,4390.0,False,-18.0,1.14,0.77,,,,,2026-04-20,66.0,70.52,True,13.66,True,True,16.25,-16.67,False,imminent,,-1.42,,,True,,,,,,,,,,,,2026-07-01,,0.06,0.43,0.4,25.5,29.51,37.14,-3.75,33.89,70.86
3010.T,ポラリス・ホールディングス,2026-07-28,198.0,200.0,244.0,False,-18.03,1.4,0.68,,,,,2024-05-07,544.0,-6.6,True,6.66,False,True,6.93,-10.15,False,crossed,14.0,,,-1.0,False,-3.04,widening,True,0.0,-1.0,200.0,200.0,2026-01-07,0.0,False,2026-07-07,2026-03-19,,0.47,0.0,0.51,12.02,18.27,32.64,11.86,6.45,-4.81
5580.T,プロディライト,2026-07-28,1661.0,1620.0,1977.0,False,-18.06,0.4,1.36,,,,,2025-08-27,222.0,-5.25,True,6.6,False,True,6.36,-8.29,False,crossed,12.0,,,-1.06,False,-3.91,widening,False,,-9.23,1698.0,1830.0,2026-01-21,-7.21,False,2026-07-09,2026-03-17,,0.58,0.17,0.23,7.49,21.42,27.11,16.48,-7.82,0.97
3948.T,光ビジネスフォーム,2026-07-28,1146.0,1147.0,1400.0,False,-18.07,0.24,1.53,,,,,2025-12-19,145.0,-5.29,False,-6.01,False,False,3.98,-7.57,False,imminent,,-1.79,,,False,,,,,,,,,,,,2026-02-02,,0.1,0.63,0.45,21.73,30.01,31.88,-4.58,-10.19,-3.78
2220.T,亀田製菓,2026-07-28,1252.0,1260.0,1538.0,False,-18.08,0.62,0.85,,,,,2026-04-07,75.0,-8.5,False,-5.79,False,True,6.45,-13.87,False,,,,,,,,,,,,,,,,,,,,0.31,0.37,0.13,18.51,22.21,22.45,-12.2,-2.82,-8.05
5334.T,日本特殊陶業,2026-07-28,8927.0,9228.0,11265.0,False,-18.08,1.09,1.1,,,,,2026-07-06,15.0,77.72,True,12.79,True,False,10.84,-16.61,False,,,,,,,,,,,,,,,,,,,,0.3,0.84,0.94,18.77,18.77,18.77,6.78,25.36,77.94
7609.T,ダイトロン,2026-07-28,3280.0,3350.0,4090.0,False,-18.09,1.26,0.96,,,,,2026-05-14,52.0,77.06,True,14.38,True,False,10.15,-12.07,False,,,,,,,,,,,,,,,,,,,,0.01,0.7,0.92,16.96,16.96,16.96,13.46,26.06,76.34
6501.T,日立製作所,2026-07-28,4878.0,4946.0,6039.0,False,-18.1,0.75,0.85,,,,,2026-02-10,112.0,19.3,False,-0.63,True,False,14.04,-14.58,False,diverging,,-3.25,-0.37,,True,,,,,,,,,,,,2026-06-29,,0.2,0.22,0.29,16.52,23.27,23.27,-6.71,-7.33,16.64
3101.T,東洋紡,2026-07-28,1537.0,1593.0,1945.0,False,-18.1,0.85,0.76,,,,,2026-06-01,40.0,62.82,True,7.07,True,False,17.09,-28.66,False,crossed,53.0,,,-9.95,True,-21.68,widening,True,13.0,-16.74,1729.0,1846.0,2026-02-27,-6.34,True,2026-05-13,2026-04-13,,0.18,0.41,0.89,19.74,28.76,28.76,10.81,14.87,63.16
2924.T,イフジ産業,2026-07-28,2063.0,2063.0,2520.0,False,-18.13,0.5,0.59,,,,,2025-08-27,222.0,-1.62,True,0.21,False,False,6.11,-10.41,False,crossed,45.0,,,0.62,False,-10.76,widening,False,,-4.49,2107.0,2160.0,2026-02-12,-2.45,False,2026-05-25,2025-10-21,,0.08,0.06,0.41,5.67,17.36,28.74,15.57,-1.81,-2.23
4624.T,イサム塗料,2026-07-28,3520.0,3520.0,4300.0,False,-18.14,0.16,1.03,,,,,2026-02-09,113.0,2.33,False,-4.23,False,False,7.08,-13.31,False,diverging,,-4.68,-2.68,,False,,,,,,,,,,,,2026-04-07,,0.66,0.61,0.03,14.56,19.16,19.16,-4.86,-6.01,2.03
5036.T,日本ビジネスシステムズ,2026-07-28,1552.0,1575.0,1924.0,False,-18.14,0.39,0.83,,,,,2026-05-21,47.0,8.99,False,-1.07,False,False,10.05,-14.83,False,imminent,,-1.78,,,True,,,,,,,,,,,,2026-06-30,,0.01,0.08,0.05,26.21,27.41,27.41,9.92,-15.56,10.78
2337.T,いちご,2026-07-28,431.0,433.0,529.0,False,-18.15,0.44,0.86,,,,,2026-04-21,65.0,4.11,False,-1.53,True,False,7.62,-11.14,False,,,,,,,,,,,,,,,,,,,,0.76,0.0,0.33,19.61,20.99,20.99,-16.31,4.61,5.38
3549.T,クスリのアオキホールディングス,2026-07-28,3938.0,3940.0,4815.0,False,-18.17,1.49,1.19,,,,,2026-01-15,130.0,0.72,True,1.57,False,True,8.41,-13.4,False,crossed,2.0,,,,False,,,False,,-17.46,3720.0,4771.0,2026-01-15,-22.03,False,2026-07-24,2026-03-06,,0.01,0.37,0.17,12.32,22.8,28.23,8.48,-9.97,0.38
8698.T,マネックスグループ,2026-07-28,716.0,740.0,905.0,False,-18.23,0.5,1.62,,,,,2024-12-05,398.0,-8.79,True,0.74,False,True,7.89,-14.97,False,crossed,5.0,,,-5.42,False,-6.17,,False,,-7.13,757.0,771.0,2026-01-06,-1.82,False,2026-07-21,2025-10-31,,0.19,0.13,0.61,10.8,18.21,28.95,5.14,0.99,-7.13
6823.T,リオン,2026-07-28,3280.0,3400.0,4160.0,False,-18.27,1.02,0.79,,,,,2026-06-19,26.0,27.73,True,8.92,True,False,10.53,-15.46,False,,,,,,,,,,,,,,,,,,,,0.0,0.7,0.72,16.86,16.86,16.86,2.66,16.73,26.64
8138.T,三京化成,2026-07-27,4070.0,4070.0,4980.0,False,-18.27,1.43,0.28,,,,,2026-02-06,113.0,20.06,False,-5.81,False,True,9.03,-15.2,False,imminent,,-2.82,,,False,,,,,,,,,,,,2026-03-31,,0.29,0.7,0.04,14.01,22.13,22.13,-8.74,-10.35,20.95
6532.T,ベイカレント,2026-07-28,7154.0,7415.0,9075.0,False,-18.29,0.97,1.37,,,,,2025-10-07,195.0,-12.05,True,19.28,False,True,12.13,-18.79,False,crossed,57.0,,,-2.46,False,28.0,widening,False,,-0.68,5125.0,7203.0,2026-01-15,-28.85,False,2026-05-07,2025-10-23,3ヶ月,0.72,0.47,0.5,11.49,38.87,57.45,33.42,16.46,-11.39
7192.T,日本モーゲージサービス,2026-07-28,597.0,603.0,738.0,False,-18.29,0.41,0.38,,,,,2026-02-27,101.0,41.81,True,5.58,True,True,13.22,-15.06,False,,,,,,,,,,,,,,,,,,,,0.32,0.11,0.65,18.28,24.55,24.55,-8.01,14.37,40.47
6490.T,ＰＩＬＬＡＲ,2026-07-28,9050.0,9460.0,11580.0,False,-18.31,0.87,0.85,,,,,2026-06-22,25.0,139.1,True,24.2,True,True,17.53,-17.65,False,,,,,,,,,,,,,,,,,,,,0.19,0.76,0.93,19.77,19.77,19.77,5.11,48.85,140.69
7255.T,桜井製作所,2026-07-28,558.0,580.0,710.0,False,-18.31,1.4,1.31,,,,,2026-01-20,127.0,-6.06,False,-1.52,False,True,12.06,-31.76,False,crossed,3.0,,,,False,,,False,,-19.48,515.0,693.0,2026-03-16,-25.69,False,2026-07-23,2026-04-06,,0.51,0.65,0.3,6.82,37.95,37.95,24.55,-18.18,-5.42
3674.T,オークファン,2026-07-28,329.0,333.0,408.0,False,-18.38,0.39,0.52,,,,,2023-08-08,724.0,-11.08,False,-1.16,False,True,2.66,-5.04,False,imminent,,-1.52,,,False,,,,,,,,,,,,2026-04-03,,0.26,0.68,0.79,7.76,9.38,22.17,-1.79,-2.95,-10.84
6078.T,バリューＨＲ,2026-07-28,1531.0,1550.0,1899.0,False,-18.38,0.74,0.97,,,,,2024-11-25,406.0,-9.03,True,1.35,False,True,6.1,-12.64,False,crossed,14.0,,,0.0,True,0.99,widening,True,13.0,0.0,1486.0,1531.0,2026-01-05,-2.94,False,2026-07-07,2026-05-22,,0.58,0.16,0.51,9.63,10.96,28.26,8.05,8.2,-7.44
9068.T,丸全昭和運輸,2026-07-28,7710.0,7840.0,9610.0,False,-18.42,0.63,0.93,,,,,2026-02-25,103.0,11.1,False,-1.63,True,False,6.51,-10.36,False,imminent,,-2.7,,,False,,,,,,,,,,,,2026-04-07,,0.3,0.74,0.19,10.74,24.29,24.29,0.0,-5.98,12.23
4491.T,コンピューターマネージメント,2026-07-28,3135.0,3140.0,3850.0,False,-18.44,0.24,0.89,,,,,2026-01-08,134.0,13.18,True,8.52,True,True,5.16,-9.66,False,crossed,15.0,,,-1.74,True,-3.29,widening,False,,-18.57,3170.0,3850.0,2026-01-08,-17.66,False,2026-07-06,2026-05-26,,0.4,0.09,0.3,7.25,7.25,26.23,5.06,4.15,16.63
372A.T,レント,2026-07-28,5440.0,5530.0,6780.0,False,-18.44,0.58,1.36,,,,,,,-16.56,False,-3.07,False,True,7.68,-11.27,False,imminent,,-2.59,,,False,,,,,,,,,,,,2026-04-01,,0.18,0.72,0.6,15.78,23.84,28.62,-2.68,-6.69,-14.2
4490.T,ビザスク,2026-07-28,629.0,659.0,808.0,False,-18.44,0.71,0.59,,,,,2024-09-24,448.0,-21.38,True,8.41,False,True,17.0,-21.27,False,diverging,,-3.07,-0.03,,True,,,,,,,,,,,,2026-06-30,,0.42,0.2,0.09,24.5,24.5,43.04,-16.69,4.31,-14.31
7211.T,三菱自動車工業,2026-07-28,372.5,373.5,458.0,False,-18.45,0.46,1.52,,,,,2024-12-26,383.0,-8.7,True,2.29,False,True,13.85,-28.41,False,crossed,7.0,,,-10.84,True,-5.31,narrowing,False,,-18.63,389.20001220703125,457.8,2026-02-10,-14.98,False,2026-07-16,2026-07-01,,0.09,0.2,0.44,23.93,33.73,33.73,19.35,-6.34,-8.57
9854.T,愛眼,2026-07-28,259.0,265.0,325.0,False,-18.46,0.33,0.94,,,,,2026-07-13,10.0,43.89,True,13.37,True,True,9.17,-13.13,False,crossed,11.0,,,-7.86,True,-20.14,widening,True,0.0,-18.55,318.0,318.0,2026-07-10,0.0,False,2026-07-10,2026-05-28,,0.32,0.21,0.67,18.55,22.14,22.14,5.71,14.1,39.25
4931.T,新日本製薬,2026-07-28,2049.0,2059.0,2525.0,False,-18.46,0.47,0.97,,,,,2025-04-24,306.0,-9.93,False,-0.25,False,True,4.51,-5.68,False,crossed,3.0,,,,False,,,False,,-4.16,2020.0,2138.0,2026-02-27,-5.52,False,2026-07-23,2026-04-21,,0.14,0.42,0.7,7.88,13.0,25.66,1.94,-0.97,-11.11
7567.T,栄電子,2026-07-28,521.0,529.0,649.0,False,-18.49,1.21,0.42,,,,,2026-05-26,44.0,15.01,True,3.46,True,False,8.71,-12.06,False,crossed,45.0,,,10.2,True,-13.77,narrowing,True,1.0,-6.46,549.0,557.0,2026-05-14,-1.44,False,2026-05-25,2026-04-07,,0.01,0.21,0.39,17.92,17.92,17.92,8.09,4.62,14.51
6023.T,ダイハツインフィニアース,2026-07-28,2736.0,2873.0,3525.0,False,-18.5,1.02,0.82,,,,,2025-10-27,182.0,24.82,True,1.47,False,False,17.3,-20.39,False,diverging,,-2.51,-0.06,,True,,,,,,,,,,,,2026-07-06,,0.39,0.16,0.05,25.87,25.87,41.34,4.31,0.7,25.1
1418.T,インターライフホールディングス,2026-07-28,586.0,594.0,729.0,False,-18.52,0.6,2.41,,,,,2026-01-14,131.0,51.03,True,6.1,True,True,14.6,-18.71,False,crossed,7.0,,,-0.84,True,-2.53,widening,False,,-19.51,595.0,728.0,2026-01-13,-18.27,False,2026-07-16,2026-06-02,,0.09,0.11,0.24,11.78,21.97,33.65,5.59,-5.33,56.27
9720.T,ホテル、ニューグランド,2026-07-27,6130.0,6150.0,7550.0,False,-18.54,1.08,2.89,,,,,2025-10-08,193.0,-6.98,True,1.86,False,True,6.01,-6.36,False,imminent,,-0.74,,,False,,,,,,,,,,,,2026-05-21,,0.01,0.25,0.77,11.51,15.57,31.79,6.98,2.68,-7.82
4203.T,住友ベークライト,2026-07-28,6314.0,6503.0,7985.0,False,-18.56,1.08,0.7,,,,,2026-06-19,26.0,50.8,True,10.53,True,True,12.39,-19.79,False,crossed,52.0,,,-1.21,True,-16.08,widening,True,0.0,-5.76,6700.0,6700.0,2026-05-14,0.0,False,2026-05-14,2026-04-01,,0.49,0.6,0.72,18.22,20.34,20.34,20.61,21.24,50.8
1773.T,ワイ・ティー・エル・コーポレーション・バーハッド,2026-07-28,77.0,79.0,97.0,False,-18.56,0.27,1.37,,,,,2025-10-10,192.0,-2.53,False,-5.22,False,False,8.39,-16.46,False,,,,,,,,,,,,,,,,,,,,0.17,0.0,0.46,11.76,26.67,31.96,0.0,-12.5,-7.23
2428.T,ウェルネット,2026-07-28,645.0,649.0,797.0,False,-18.57,0.51,0.64,,,,,2024-11-18,411.0,-9.66,False,-0.66,False,True,4.49,-9.07,False,crossed,0.0,,,,False,,,False,,-5.01,645.0,679.0,2026-02-27,-5.01,False,2026-07-28,2026-04-01,,0.02,0.58,0.74,8.12,11.63,24.53,0.0,-3.15,-9.79
5393.T,ニチアス,2026-07-28,3266.0,3376.0,4146.0,False,-18.57,1.06,0.91,,,,,2026-06-26,21.0,76.99,True,16.46,True,False,11.4,-17.32,False,,,,,,,,,,,,,,,,,,,,0.16,0.78,0.92,19.86,19.86,19.86,3.62,22.47,78.21
2124.T,ジェイエイシーリクルートメント,2026-07-28,957.0,960.0,1179.0,False,-18.58,1.94,1.19,,,,,2025-08-22,225.0,-8.07,True,0.72,False,True,6.46,-9.5,False,crossed,9.0,,,2.35,False,5.75,widening,False,,-11.22,894.0,1078.0,2026-01-07,-17.07,False,2026-07-14,2026-01-29,,0.42,0.23,0.72,5.61,20.69,28.97,11.67,-6.82,-9.12
8217.T,オークワ,2026-07-28,814.0,819.0,1006.0,False,-18.59,0.73,0.95,,,,,2025-06-30,262.0,-12.66,False,-1.47,False,True,4.69,-10.25,False,imminent,,-0.18,,,False,,,,,,,,,,,,2026-03-24,,0.04,0.72,0.74,4.91,16.65,24.85,3.3,-8.02,-11.71
3521.T,テルマー湯ホールディングス,2026-07-28,151.0,153.0,188.0,False,-18.62,0.69,0.3,,,,,2025-02-27,345.0,-3.82,False,-6.55,False,True,5.41,-12.36,False,imminent,,-0.61,,,False,,,,,,,,,,,,2026-03-23,,0.03,0.82,0.05,8.28,20.88,22.16,-3.82,-17.03,-3.82
7532.T,パン・パシフィック・インターナショナルホールディングス,2026-07-28,917.6,927.3,1139.4,False,-18.62,0.81,0.94,,,,,2025-08-19,228.0,-8.37,False,-0.9,False,True,7.5,-8.64,False,imminent,,-2.04,,,False,,,,,,,,,,,,2026-04-23,,0.05,0.59,0.56,13.59,25.03,28.14,-0.09,-0.79,-8.79
9532.T,大阪瓦斯,2026-07-28,5539.0,5555.0,6828.0,False,-18.64,0.55,0.8,,,,,2026-03-05,97.0,49.99,False,-0.63,True,False,7.81,-10.95,False,,,,,,,,,,,,,,,,,,,,0.53,0.63,0.57,10.94,21.36,21.36,-5.14,-3.06,49.22
4492.T,ゼネテック,2026-07-28,415.0,419.0,515.0,False,-18.64,1.48,0.69,,,,,2024-03-19,575.0,-8.39,False,-7.7,False,True,8.36,-22.61,False,imminent,,-0.86,,,False,,,,,,,,,,,,2026-04-21,,0.01,0.53,0.41,26.06,29.92,31.97,-9.19,-12.26,-8.79
9974.T,ベルク,2026-07-28,6630.0,6670.0,8200.0,False,-18.66,0.56,1.21,,,,,2026-01-21,126.0,-5.56,False,-7.9,False,True,5.82,-11.17,False,imminent,,-2.54,,,False,,,,,,,,,,,,2026-03-30,,0.11,0.76,0.38,13.31,24.16,24.16,-6.09,-15.43,-5.29
6498.T,キッツ,2026-07-28,2109.0,2221.0,2731.0,False,-18.67,1.26,0.59,,,,,2026-06-22,25.0,74.59,True,4.94,True,True,12.26,-18.18,False,crossed,59.0,,,9.65,True,-11.38,widening,True,19.0,-8.54,2094.0,2306.0,2026-02-12,-9.19,False,2026-04-30,2026-04-01,,0.3,0.41,0.83,21.98,25.11,25.11,2.13,7.33,74.15
5110.T,住友ゴム工業,2026-07-28,2274.5,2274.5,2798.5,False,-18.72,0.83,0.79,,,,,2026-02-25,103.0,35.39,True,3.49,True,True,11.39,-27.32,False,crossed,23.0,,,-1.38,False,2.53,widening,False,,-18.55,2143.5,2792.5,2026-02-19,-23.24,True,2026-06-24,2026-03-18,,0.61,0.28,0.26,8.8,31.71,31.71,14.04,-11.79,35.67
3771.T,システムリサーチ,2026-07-28,1840.0,1853.0,2280.0,False,-18.73,2.58,0.86,,,,,2025-10-28,181.0,-0.54,False,-1.53,False,True,4.94,-10.5,False,crossed,32.0,,,4.35,False,1.35,widening,False,,-9.85,1724.0,2041.0,2026-01-15,-15.53,False,2026-06-11,2025-11-05,,0.64,0.11,0.71,5.4,18.76,26.09,10.64,-8.05,-0.27
6134.T,ＦＵＪＩ,2026-07-28,6904.0,7267.0,8943.0,False,-18.74,1.14,1.05,,,,,2026-07-01,18.0,159.74,True,32.21,True,False,22.6,-23.48,False,,,,,,,,,,,,,,,,,,,,0.27,0.79,0.93,22.7,23.48,23.48,17.55,71.4,159.35
7265.T,エイケン工業,2026-07-28,3850.0,3875.0,4770.0,False,-18.76,2.08,0.69,,,,,2025-09-08,214.0,4.19,True,4.41,False,True,10.95,-26.21,False,crossed,60.0,,,0.13,True,-8.99,widening,True,0.0,3.36,3725.0,3725.0,2026-04-28,0.0,False,2026-04-28,2026-03-27,,0.52,0.56,0.09,5.15,7.03,27.27,5.62,4.48,3.49
6226.T,守谷輸送機工業,2026-07-28,2495.0,2624.0,3230.0,False,-18.76,1.19,0.96,,,,,2026-03-02,100.0,23.98,True,3.73,False,True,16.85,-39.72,False,crossed,27.0,,,-5.11,False,-0.67,narrowing,False,,-22.4,2405.0,3215.0,2026-03-02,-25.19,False,2026-06-18,2026-03-26,,0.51,0.11,0.03,17.22,42.3,42.3,33.0,-8.78,21.71
7080.T,スポーツフィールド,2026-07-28,830.0,835.0,1028.0,False,-18.77,0.32,0.75,,,,,2025-08-25,224.0,19.42,False,-1.91,False,True,12.03,-10.41,False,,,,,,,,,,,,,,,,,,,,0.29,0.25,0.0,17.03,20.97,23.58,-7.78,1.59,18.74
7915.T,ＮＩＳＳＨＡ,2026-07-28,1353.0,1389.0,1710.0,False,-18.77,0.73,0.88,,,,,2026-05-26,44.0,3.05,True,1.74,False,False,12.17,-16.63,False,diverging,,-3.87,-0.41,,True,,,,,,,,,,,,2026-07-10,,0.09,0.19,0.04,22.64,22.64,22.84,4.0,3.05,3.52
6331.T,三菱化工機,2026-07-28,3235.0,3395.0,4180.0,False,-18.78,0.86,0.81,,,,,2026-06-23,24.0,61.51,False,-3.56,True,False,13.55,-23.62,False,crossed,43.0,,,-0.68,True,-19.82,widening,True,15.0,-17.47,3665.0,3920.0,2026-02-20,-6.51,False,2026-05-27,2026-03-30,,0.05,0.09,0.6,23.4,25.66,25.66,0.78,-5.55,62.56
3153.T,八洲電機,2026-07-28,2898.0,2968.0,3655.0,False,-18.8,1.02,1.29,,,,,2026-02-12,111.0,70.37,True,0.72,True,True,10.92,-19.52,False,imminent,,-1.93,,,False,,,,,,,,,,,,2026-04-02,,0.14,0.67,0.51,14.33,26.46,26.46,-1.43,-10.69,68.59
4816.T,東映アニメーション,2026-07-28,2909.0,2938.0,3620.0,False,-18.84,0.85,1.19,,,,,2023-12-14,637.0,-10.9,True,9.3,False,True,7.75,-9.52,False,crossed,1.0,,,,True,,,True,1.0,0.9,2870.0,2883.0,2026-04-17,-0.45,False,2026-07-27,2026-06-03,,0.01,0.0,0.64,18.68,20.71,36.21,8.14,6.4,-10.63
3186.T,ネクステージ,2026-07-28,3375.0,3510.0,4325.0,False,-18.84,0.56,1.58,,,,,2026-06-19,26.0,76.79,True,4.38,True,False,12.76,-18.94,False,crossed,60.0,,,6.65,True,-14.81,widening,True,32.0,-12.45,3460.0,3855.0,2026-02-27,-10.25,False,2026-04-28,2026-04-03,,0.02,0.22,0.85,20.31,27.32,27.32,1.66,-1.46,77.44
9376.T,ユーラシア旅行社,2026-07-28,809.0,809.0,997.0,False,-18.86,0.37,0.64,,,,,2026-02-06,114.0,61.48,False,-1.36,True,True,14.47,-11.95,False,imminent,,-0.85,,,False,,,,,,,,,,,,2026-04-06,,0.03,0.73,0.31,13.07,22.64,22.64,-4.82,-4.82,60.52
1719.T,安藤・間,2026-07-28,1828.5,1841.5,2270.0,False,-18.88,0.55,1.04,,,,,2026-02-12,111.0,16.76,False,-2.47,True,True,5.35,-8.83,False,imminent,,-1.91,,,False,,,,,,,,,,,,2026-03-30,,0.13,0.7,0.24,12.72,21.47,21.47,-3.61,-9.37,17.14
7069.T,サイバー・バズ,2026-07-28,610.0,640.0,789.0,False,-18.88,0.8,0.74,,,,,2026-07-03,16.0,60.74,True,33.73,True,True,15.71,-13.22,False,crossed,49.0,,,-2.49,True,-1.23,narrowing,True,0.0,8.35,563.0,563.0,2026-05-19,0.0,False,2026-05-19,2026-03-19,,0.77,0.66,0.49,16.94,18.17,22.33,54.43,38.48,60.74
4684.T,オービック,2026-07-28,4571.0,4587.0,5655.0,False,-18.89,0.75,1.16,,,,,2025-07-01,261.0,-16.63,True,4.21,False,True,8.5,-12.7,False,imminent,,-0.07,,,True,,,,,,,,,,,,2026-06-16,,0.0,0.0,0.78,14.12,21.3,34.22,9.49,-2.43,-16.13
9268.T,オプティマスグループ,2026-07-28,403.0,408.0,503.0,False,-18.89,0.9,0.59,,,,,2026-03-06,96.0,4.4,True,4.12,True,True,6.02,-8.99,False,,,,,,,,,,,,,,,,,,,,0.17,0.0,0.33,22.13,26.21,26.21,-10.44,14.16,6.33
3673.T,ブロードリーフ,2026-07-28,435.0,438.0,540.0,False,-18.89,0.44,0.98,,,,,2026-05-21,47.0,21.0,True,8.92,True,True,10.77,-16.42,False,diverging,,-4.78,-0.49,,True,,,,,,,,,,,,2026-06-17,,0.21,0.17,0.3,27.59,28.78,28.78,-0.8,22.54,21.0
269A.T,Ｓａｐｅｅｔ,2026-07-28,2460.0,2510.0,3095.0,False,-18.9,2.39,0.37,,,,,,,-17.23,True,7.84,False,True,10.95,-15.21,False,imminent,,-2.4,,,True,,,,,,,,,,,,2026-06-24,,0.21,0.09,0.29,24.53,24.53,34.77,3.71,11.16,-15.75
1942.T,関電工,2026-07-28,5873.0,6050.0,7460.0,False,-18.9,0.96,0.77,,,,,2026-05-12,54.0,74.74,True,2.1,True,True,12.13,-16.09,False,crossed,15.0,,,-10.6,True,-16.54,widening,False,,-20.05,6857.0,7346.0,2026-05-12,-6.66,False,2026-07-06,2026-06-15,,0.09,0.06,0.85,21.79,21.79,21.79,-3.29,2.26,75.26
7483.T,ドウシシャ,2026-07-28,3035.0,3045.0,3755.0,False,-18.91,0.59,0.85,,,,,2026-03-02,100.0,23.52,False,-3.83,True,True,7.55,-10.11,False,,,,,,,,,,,,,,,,,,,,0.34,0.68,0.23,15.25,24.45,24.45,-8.72,-11.64,23.88
6794.T,フォスター電機,2026-07-28,2769.0,2838.0,3500.0,False,-18.91,1.11,0.62,,,,,2026-04-15,69.0,73.06,False,-2.42,True,True,8.37,-9.51,False,,,,,,,,,,,,,,,,,,,,0.07,0.02,0.68,12.34,20.58,20.58,-11.11,1.61,66.81
9171.T,栗林商船,2026-07-28,1698.0,1766.0,2178.0,False,-18.92,5.19,0.7,,,,,2026-02-27,101.0,57.95,False,-8.83,True,True,16.9,-16.48,False,imminent,,-2.21,,,False,,,,,,,,,,,,2026-05-25,,0.29,0.39,0.3,13.74,23.92,23.92,-9.68,-12.52,57.66
7561.T,ハークスレイ,2026-07-28,661.0,664.0,819.0,False,-18.93,1.4,0.97,,,,,2026-02-10,112.0,6.61,False,-1.32,True,True,6.12,-13.77,False,crossed,3.0,,,,False,,,False,,-16.86,658.0,795.0,2026-02-17,-17.23,False,2026-07-23,2026-04-14,,0.07,0.57,0.1,6.12,20.88,20.88,1.23,-5.84,6.27
7699.T,オムニ・プラス・システム・リミテッド　ＪＤＲ,2026-07-28,723.0,727.0,897.0,False,-18.95,0.13,3.53,,,,,2025-09-03,217.0,-6.59,False,-5.83,False,False,3.82,-5.49,False,diverging,,-0.51,-0.01,,True,,,,,,,,,,,,2026-07-16,,0.0,0.71,0.69,5.24,12.42,21.4,-2.3,-10.07,-6.47
6413.T,理想科学工業,2026-07-28,1043.0,1052.0,1298.0,False,-18.95,0.57,1.47,,,,,2024-11-12,415.0,-6.46,False,-9.07,False,True,5.98,-12.43,False,imminent,,-1.78,,,False,,,,,,,,,,,,2026-03-13,,0.0,0.78,0.44,10.88,26.18,26.3,-0.95,-17.94,-6.96
2708.T,久世,2026-07-28,1983.0,1985.0,2449.0,False,-18.95,1.36,0.88,,,,,2026-02-13,110.0,17.76,False,-1.38,True,True,6.16,-12.84,False,crossed,8.0,,,-1.63,False,-2.99,widening,False,,-13.78,2020.0,2300.0,2026-02-13,-12.17,False,2026-07-15,2026-04-02,,0.31,0.56,0.12,8.65,21.43,21.43,1.28,-8.41,18.96
3139.T,ラクト・ジャパン,2026-07-28,3450.0,3465.0,4275.0,False,-18.95,0.52,1.04,,,,,2025-07-10,254.0,-17.37,False,-1.41,False,True,6.84,-17.13,False,crossed,6.0,,,-0.43,False,-1.61,widening,False,,-9.69,3475.0,3820.0,2026-02-27,-9.03,False,2026-07-17,2026-04-22,,0.44,0.41,0.59,6.62,18.72,27.28,4.55,-1.29,-18.34
3744.T,サイオス,2026-07-28,503.0,513.0,633.0,False,-18.96,1.26,0.51,,,,,2026-05-13,53.0,14.84,True,2.32,True,False,12.1,-16.2,False,crossed,48.0,,,6.25,False,-14.09,widening,True,1.0,-11.75,528.0,570.0,2026-05-13,-7.37,False,2026-05-20,2026-01-29,,0.01,0.1,0.0,18.71,23.54,29.14,15.9,1.41,18.35
343A.T,ＩＡＣＥトラベル,2026-07-28,1407.0,1418.0,1750.0,False,-18.97,1.38,0.54,,,,,,,33.62,True,1.37,False,True,12.42,-11.32,False,crossed,14.0,,,-0.35,False,-2.25,narrowing,False,,-11.01,1410.0,1581.0,2026-02-12,-10.82,False,2026-07-07,2026-01-22,,0.4,0.01,0.0,14.04,27.96,32.76,10.27,3.76,38.48
2376.T,サイネックス,2026-07-27,790.0,798.0,985.0,False,-18.98,2.66,0.57,,,,,2026-04-03,76.0,-3.07,True,5.69,True,True,7.95,-13.49,False,crossed,32.0,,,0.37,True,-7.6,widening,False,,-9.4,808.0,872.0,2026-04-02,-7.34,False,2026-06-10,2026-04-10,,0.7,0.09,0.06,5.95,27.06,27.06,22.67,6.76,-2.83
6346.T,キクカワエンタープライズ,2026-07-28,5800.0,5800.0,7160.0,False,-18.99,0.45,0.77,,,,,2025-09-26,202.0,-0.68,False,-4.81,False,True,6.17,-9.73,False,imminent,,-2.92,,,False,,,,,,,,,,,,2026-05-01,,0.4,0.55,0.12,13.66,17.29,19.35,-4.61,-4.76,0.0
2733.T,あらた,2026-07-28,2637.0,2653.0,3275.0,False,-18.99,0.79,0.72,,,,,2024-10-03,441.0,-16.02,False,-8.55,False,True,3.96,-7.04,False,,,,,,,,,,,,,,,,,,,,0.29,0.84,0.69,14.59,24.62,26.93,-4.97,-16.15,-16.68
7741.T,ＨＯＹＡ,2026-07-28,23730.0,24625.0,30400.0,False,-19.0,0.54,0.97,,,,,2026-04-15,69.0,30.6,False,-8.09,True,False,9.41,-8.55,False,,,,,,,,,,,,,,,,,,,,0.68,0.2,0.67,19.02,20.98,20.98,-17.0,-5.46,30.82
9252.T,ラストワンマイル,2026-07-28,3840.0,3855.0,4760.0,False,-19.01,0.24,1.1,,,,,2026-01-16,129.0,-5.19,False,-0.66,False,True,10.71,-24.8,False,imminent,,-1.7,,,False,,,,,,,,,,,,2026-04-13,,0.11,0.71,0.01,15.7,28.16,28.16,-0.26,-14.0,-5.33
5891.T,魁力屋,2026-07-28,1660.0,1660.0,2050.0,False,-19.02,0.43,0.44,,,,,,,-16.92,True,3.51,False,True,6.09,-11.51,False,crossed,31.0,,,1.19,False,-0.85,narrowing,True,10.0,-0.24,1591.0,1664.0,2026-01-06,-4.39,False,2026-06-12,2025-09-01,,0.56,0.01,0.69,10.15,20.69,36.17,15.44,2.91,-16.92
8804.T,東京建物,2026-07-28,3480.0,3542.0,4374.0,False,-19.02,0.42,0.81,,,,,2026-02-27,101.0,34.41,True,0.14,True,True,10.83,-17.99,False,imminent,,-0.71,,,False,,,,,,,,,,,,2026-04-09,,0.0,0.56,0.4,14.91,29.01,29.01,-2.44,-5.56,35.7
9060.T,日本ロジテム,2026-07-28,4190.0,4210.0,5200.0,False,-19.04,0.45,5.02,,,,,2026-02-10,112.0,-3.68,False,-8.07,False,True,7.17,-15.26,False,imminent,,-0.47,,,False,,,,,,,,,,,,2026-03-16,,0.08,0.68,0.21,15.24,21.92,21.92,-5.42,-14.05,-5.2
6233.T,ＫＬＡＳＳ,2026-07-28,386.0,387.0,478.0,False,-19.04,0.13,0.46,,,,,2025-04-22,308.0,-10.65,False,-4.49,False,False,1.49,-4.52,False,diverging,,-2.21,-0.18,,True,,,,,,,,,,,,2026-06-12,,0.71,0.68,0.87,7.56,9.33,16.15,-3.26,-7.43,-11.87
9049.T,京福電気鉄道,2026-07-27,6720.0,6720.0,8300.0,False,-19.04,0.0,0.85,,,,,2026-03-16,89.0,-0.3,False,-7.08,False,False,5.42,-9.45,False,diverging,,-4.71,-1.96,,False,,,,,,,,,,,,2026-04-28,,0.65,0.47,0.06,12.85,17.07,17.07,-8.32,-10.52,1.2
1808.T,長谷工コーポレーション,2026-07-28,2854.0,2858.5,3531.0,False,-19.05,0.45,0.74,,,,,2026-02-12,111.0,28.62,False,-1.23,True,True,8.54,-15.48,False,crossed,8.0,,,-1.51,False,0.43,narrowing,False,,-18.39,2809.5,3497.0,2026-02-10,-19.66,False,2026-07-15,2026-03-25,,0.23,0.64,0.25,7.96,25.15,25.15,6.33,-11.91,29.14
2903.T,シノブフーズ,2026-07-28,1711.0,1715.0,2119.0,False,-19.07,0.63,0.69,,,,,2026-02-02,118.0,3.26,True,3.22,True,True,11.32,-20.81,False,crossed,9.0,,,1.32,False,1.72,widening,False,,-16.29,1661.0,2044.0,2026-02-02,-18.74,False,2026-07-14,2026-03-31,,0.53,0.52,0.0,12.37,31.02,31.02,16.87,-12.48,3.57
7218.T,田中精密工業,2026-07-28,1047.0,1047.0,1294.0,False,-19.09,0.32,0.37,,,,,2026-01-06,136.0,3.05,False,-5.12,False,True,6.3,-14.58,False,crossed,3.0,,,,False,,,False,,-18.71,1040.0,1288.0,2026-01-05,-19.25,False,2026-07-23,2026-03-10,,0.0,0.7,0.02,18.17,26.87,27.95,0.87,-15.36,3.66
3627.T,テクミラホールディングス,2026-07-28,266.0,271.0,335.0,False,-19.1,1.44,0.17,,,,,2023-06-20,758.0,-14.74,False,-3.13,False,False,9.68,-16.56,False,diverging,,-3.87,-0.06,,True,,,,,,,,,,,,2026-06-26,,0.46,0.19,0.29,15.69,18.54,24.54,-5.67,3.1,-14.47
9640.T,セゾンテクノロジー,2026-07-28,2053.0,2059.0,2545.0,False,-19.1,0.72,1.2,,,,,2026-02-02,118.0,11.09,False,-5.22,True,True,7.0,-10.39,False,,,,,,,,,,,,,,,,,,,,0.27,0.58,0.33,14.05,20.85,20.85,-11.77,-15.38,13.3
3252.T,地主,2026-07-28,2931.0,2977.0,3680.0,False,-19.1,0.61,0.64,,,,,2026-02-13,110.0,27.66,False,-5.52,False,True,10.4,-13.93,False,,,,,,,,,,,,,,,,,,,,0.51,0.52,0.2,17.31,22.14,22.14,-11.45,-9.12,27.99
302A.T,ビースタイルホールディングス,2026-07-28,582.0,582.0,719.5,False,-19.11,0.12,0.38,,,,,,,-2.27,False,-1.84,False,True,7.59,-14.07,False,crossed,1.0,,,,False,,,False,,-11.55,590.0,658.0,2026-07-14,-10.33,False,2026-07-27,2026-03-13,,0.0,0.23,0.37,17.91,19.71,30.87,-1.52,-3.0,-1.85
9733.T,ナガセ,2026-07-28,2320.0,2327.0,2877.0,False,-19.12,0.98,1.09,,,,,2026-03-27,82.0,21.66,False,-3.77,True,True,7.47,-16.25,False,crossed,2.0,,,,False,,,False,,-18.45,2286.0,2845.0,2026-03-26,-19.65,False,2026-07-24,2026-04-13,,0.12,0.68,0.31,6.34,23.13,23.13,0.39,-12.91,21.02
7601.T,ポプラ,2026-07-28,166.0,169.0,209.0,False,-19.14,1.82,1.23,,,,,2024-02-13,599.0,-9.29,False,-3.95,False,True,2.7,-3.37,False,imminent,,-0.16,,,False,,,,,,,,,,,,2026-03-23,,0.03,0.75,0.63,4.73,13.9,13.9,-0.6,-10.75,-9.29
7082.T,ジモティー,2026-07-28,1405.0,1406.0,1740.0,False,-19.2,0.48,0.21,,,,,2025-08-29,220.0,20.91,True,29.6,False,False,27.89,-23.42,False,crossed,60.0,,,4.42,False,42.9,narrowing,True,10.0,38.15,905.0,1017.0,2026-01-15,-11.01,True,2026-04-28,2025-11-06,,0.48,0.7,0.02,8.9,28.22,59.47,62.43,45.14,23.46
3765.T,ガンホー・オンライン・エンターテイメント,2026-07-28,2443.0,2463.0,3049.0,False,-19.22,0.82,0.89,,,,,2025-02-14,353.0,-13.45,False,-1.14,False,True,5.47,-9.68,False,imminent,,-1.62,,,False,,,,,,,,,,,,2026-04-06,,0.1,0.61,0.7,15.2,18.35,28.11,-3.78,-5.82,-12.8
7670.T,オーウエル,2026-07-28,1065.0,1066.0,1320.0,False,-19.24,0.42,1.74,,,,,2026-03-16,90.0,11.75,True,0.98,True,True,6.33,-15.32,False,crossed,4.0,,,,False,,,False,,-15.41,1118.0,1259.0,2026-02-24,-11.2,False,2026-07-22,2026-04-02,,0.06,0.48,0.24,7.06,21.6,21.6,2.7,-2.92,9.34
6947.T,図研,2026-07-28,4725.0,4740.0,5870.0,False,-19.25,0.81,0.8,,,,,2025-08-06,236.0,-16.22,True,1.3,False,True,5.31,-14.6,False,crossed,45.0,,,-2.37,False,-11.25,narrowing,False,,-10.17,4850.0,5260.0,2026-01-14,-7.79,False,2026-05-25,2026-02-24,,0.06,0.0,0.52,8.14,17.15,26.55,8.0,-5.88,-17.4
2055.T,日和産業,2026-07-28,333.0,335.0,415.0,False,-19.28,0.74,0.5,,,,,2026-03-03,99.0,3.1,False,-4.88,True,True,6.62,-10.47,False,,,,,,,,,,,,,,,,,,,,0.25,0.52,0.09,18.59,25.06,25.06,-10.0,-4.58,4.06
4534.T,持田製薬,2026-07-28,3185.0,3200.0,3965.0,False,-19.29,0.65,1.13,,,,,2026-02-27,101.0,8.11,False,-6.25,False,False,8.13,-12.74,False,,,,,,,,,,,,,,,,,,,,0.6,0.81,0.09,14.91,21.56,21.56,-6.05,-13.22,7.64
4719.T,アルファシステムズ,2026-07-28,3375.0,3420.0,4240.0,False,-19.34,0.39,0.59,,,,,2025-12-26,140.0,-3.57,False,-6.82,False,True,6.11,-9.43,False,crossed,5.0,,,0.6,False,-0.15,,False,,-18.58,3355.0,4145.0,2026-01-16,-19.06,False,2026-07-21,2026-02-06,,0.15,0.66,0.41,7.95,21.19,24.97,1.81,-14.88,-2.6
6844.T,新電元工業,2026-07-28,3285.0,3440.0,4265.0,False,-19.34,0.98,0.72,,,,,2026-06-25,22.0,41.84,False,-4.29,True,True,13.68,-28.44,False,crossed,25.0,,,-3.06,False,-23.52,widening,True,3.0,-21.22,4080.0,4170.0,2026-02-27,-2.16,False,2026-06-22,2026-03-30,,0.21,0.01,0.33,21.41,28.44,28.44,2.18,-12.28,40.38
6335.T,東京機械製作所,2026-07-28,692.0,717.0,889.0,False,-19.35,0.53,0.96,,,,,2025-09-12,210.0,78.35,True,29.07,True,True,13.85,-12.27,False,crossed,47.0,,,12.73,True,6.79,widening,True,0.0,15.91,597.0,597.0,2026-05-21,0.0,False,2026-05-21,2026-04-07,,0.54,0.52,0.57,27.18,27.18,34.78,42.98,32.82,80.21
6579.T,ログリー,2026-07-28,354.0,354.0,439.0,False,-19.36,1.24,0.32,,,,,2022-10-26,917.0,-18.62,True,7.02,False,False,6.65,-7.86,False,crossed,49.0,,,-18.1,False,-27.45,narrowing,True,0.0,-17.87,431.0,431.0,2026-05-19,0.0,False,2026-05-19,2025-09-30,,0.14,0.36,0.33,23.9,23.9,35.32,11.67,11.67,-15.31
6144.T,西部電機,2026-07-28,2728.0,2790.0,3460.0,False,-19.36,1.34,0.97,,,,,2026-05-14,52.0,44.19,True,0.41,True,True,9.28,-11.89,False,crossed,8.0,,,-6.45,True,-13.58,widening,False,,-19.05,3115.0,3370.0,2026-05-12,-7.57,False,2026-07-15,2026-06-16,,0.03,0.04,0.72,23.65,23.65,23.65,-3.88,-4.72,42.45
2806.T,ユタカフーズ,2026-07-28,1895.0,1895.0,2350.0,False,-19.36,0.59,0.43,,,,,2025-01-16,373.0,-7.74,False,-8.27,False,False,5.34,-7.22,False,,,,,,,,,,,,,,,,,,,,0.71,0.8,0.18,14.22,19.43,20.0,-9.98,-14.83,-7.74
5703.T,日本軽金属ホールディングス,2026-07-28,2607.0,2685.0,3330.0,False,-19.37,0.92,1.06,,,,,2026-05-25,45.0,57.14,False,-3.65,True,False,9.49,-14.03,False,diverging,,-7.78,-0.8,,True,,,,,,,,,,,,2026-07-08,,0.43,0.02,0.77,20.76,20.76,20.76,-8.78,-5.99,56.58
4187.T,大阪有機化学工業,2026-07-28,4670.0,4990.0,6190.0,False,-19.39,0.79,1.69,,,,,2026-06-22,25.0,62.27,True,6.37,True,False,17.84,-27.17,False,crossed,55.0,,,3.04,True,-16.55,widening,True,0.0,-5.47,4940.0,4940.0,2026-05-11,0.0,False,2026-05-11,2026-04-01,,0.1,0.55,0.85,24.19,27.55,27.55,8.73,14.32,61.26
8219.T,青山商事,2026-07-28,743.0,745.0,924.3,False,-19.4,0.75,0.91,,,,,2026-02-12,111.0,-1.72,False,-5.79,False,True,6.31,-12.04,False,imminent,,-2.74,,,False,,,,,,,,,,,,2026-03-23,,0.1,0.8,0.16,15.87,27.29,27.29,-5.71,-14.53,-1.37
4650.T,ＳＤエンターテイメント,2026-07-28,268.0,270.0,335.0,False,-19.4,0.59,0.55,,,,,2025-08-22,225.0,-4.29,False,-4.58,False,False,4.38,-9.59,False,imminent,,-0.86,,,False,,,,,,,,,,,,2026-03-17,,0.24,0.76,0.4,5.45,14.19,18.5,0.0,-10.37,-4.63
5133.T,テリロジーホールディングス,2026-07-28,301.0,307.0,381.0,False,-19.42,0.42,1.05,,,,,2024-06-20,512.0,-17.53,False,-7.05,False,True,6.53,-9.84,False,,,,,,,,,,,,,,,,,,,,0.26,0.42,0.41,25.27,25.48,28.42,-11.47,-7.95,-17.31
8931.T,和田興産,2026-07-28,1430.0,1443.0,1792.0,False,-19.48,0.44,1.75,,,,,2026-02-12,111.0,-6.78,False,-7.71,False,True,8.05,-18.25,False,crossed,0.0,,,,False,,,False,,-20.2,1430.0,1792.0,2026-02-12,-20.2,False,2026-07-28,2026-03-27,,0.15,0.73,0.35,11.62,31.7,31.7,3.25,-18.19,-5.98
9073.T,京極運輸商事,2026-07-28,1248.0,1248.0,1550.0,False,-19.48,9.82,1.31,,,,,2026-01-21,126.0,-1.58,False,-5.15,False,True,5.71,-12.27,False,crossed,9.0,,,0.32,False,-0.73,widening,False,,-19.22,1241.0,1545.0,2026-02-16,-19.68,False,2026-07-14,2026-03-18,,0.03,0.59,0.04,6.37,21.94,21.94,-0.79,-16.47,-1.73
6055.T,ジャパンマテリアル,2026-07-28,2123.0,2230.0,2770.0,False,-19.49,0.65,0.82,,,,,2026-07-01,18.0,52.3,True,10.38,True,True,17.47,-27.91,False,crossed,54.0,,,-9.25,True,-13.13,widening,True,17.0,-3.94,2173.0,2210.0,2026-02-26,-1.67,False,2026-05-12,2026-04-10,,0.6,0.58,0.6,21.89,28.82,28.82,17.03,30.65,49.3
9204.T,スカイマーク,2026-07-28,411.0,413.0,513.0,False,-19.49,0.93,0.45,,,,,2022-12-19,881.0,-15.95,True,4.04,False,True,11.31,-14.7,False,crossed,32.0,,,3.25,False,-2.62,narrowing,True,2.0,-2.38,400.0,421.0,2026-05-28,-4.99,False,2026-06-11,2026-04-07,,0.69,0.09,0.4,8.31,22.46,37.06,21.96,1.73,-14.55
8416.T,高知銀行,2026-07-28,1147.0,1194.0,1483.0,False,-19.49,1.95,1.87,,,,,2026-02-09,113.0,47.05,True,6.51,True,False,10.06,-14.9,False,crossed,45.0,,,-5.02,True,-17.2,widening,False,,-21.81,1254.0,1467.0,2026-02-06,-14.52,True,2026-05-25,2026-04-01,,0.06,0.05,0.71,13.27,33.4,33.4,9.76,5.04,45.37
8040.T,東京ソワール,2026-07-28,1047.0,1049.0,1303.0,False,-19.49,0.69,0.49,,,,,2025-10-14,191.0,18.84,False,-1.26,True,False,4.65,-7.82,False,imminent,,-1.45,,,False,,,,,,,,,,,,2026-05-15,,0.51,0.7,0.27,6.39,8.93,12.17,-2.97,-3.94,18.57
5704.T,ＪＭＣ,2026-07-28,384.0,388.0,482.0,False,-19.5,0.84,0.95,,,,,2023-10-02,687.0,-11.72,False,-4.39,False,False,4.96,-7.94,False,diverging,,-1.14,-0.11,,True,,,,,,,,,,,,2026-06-30,,0.21,0.33,0.57,7.09,12.64,22.74,-2.29,-4.24,-10.28
1380.T,秋川牧園,2026-07-28,997.0,1002.0,1245.0,False,-19.52,1.34,1.5,,,,,2025-04-22,308.0,-1.19,False,-1.64,False,True,2.29,-3.48,False,imminent,,-0.69,,,False,,,,,,,,,,,,2026-04-28,,0.21,0.4,0.0,3.89,9.45,9.45,-2.25,-1.38,-1.19
9104.T,商船三井,2026-07-28,5825.0,5895.0,7325.0,False,-19.52,0.58,0.77,,,,,2026-03-19,87.0,20.6,True,10.2,True,False,9.24,-8.64,False,,,,,,,,,,,,,,,,,,,,0.22,0.0,0.44,17.82,28.35,28.35,-4.85,22.63,22.22
5929.T,三和ホールディングス,2026-07-28,3966.0,3968.0,4931.0,False,-19.53,0.8,0.62,,,,,2025-05-19,292.0,-13.99,True,2.93,False,True,10.29,-14.44,False,crossed,20.0,,,0.7,False,0.17,narrowing,False,,-7.05,3847.0,4267.0,2026-01-14,-9.84,False,2026-06-29,2026-01-30,,0.49,0.11,0.75,10.13,20.82,32.99,10.44,-3.46,-13.61
7898.T,ウッドワン,2026-07-28,895.0,901.0,1120.0,False,-19.55,0.61,0.79,,,,,2026-02-13,110.0,5.17,False,-4.4,False,True,6.89,-12.04,False,imminent,,-2.93,,,False,,,,,,,,,,,,2026-04-13,,0.17,0.71,0.06,15.22,24.17,24.17,-8.58,-12.25,7.06
6328.T,荏原実業,2026-07-28,2350.0,2401.0,2985.0,False,-19.56,0.92,0.77,,,,,2026-03-02,100.0,28.59,False,-0.35,True,True,13.85,-19.26,False,crossed,7.0,,,0.13,False,-2.86,widening,False,,-20.61,2394.0,2960.0,2026-02-27,-19.12,False,2026-07-16,2026-04-23,,0.02,0.05,0.48,14.72,23.68,23.68,-1.8,-0.42,27.03
1967.T,ヤマト,2026-07-28,1997.0,2034.0,2529.0,False,-19.57,1.27,0.7,,,,,2026-02-27,101.0,15.97,False,-5.76,False,False,8.67,-13.95,False,,,,,,,,,,,,,,,,,,,,0.6,0.81,0.12,14.58,22.67,22.67,-5.4,-17.99,17.61
2749.T,ＪＰホールディングス,2026-07-28,639.0,641.0,797.0,False,-19.57,0.68,1.1,,,,,2026-02-25,103.0,19.89,False,-3.34,False,True,9.23,-14.38,False,,,,,,,,,,,,,,,,,,,,0.21,0.74,0.08,16.91,28.12,28.12,-2.89,-10.0,20.57
3242.T,アーバネットコーポレーション,2026-07-28,505.0,509.0,633.0,False,-19.59,0.76,1.17,,,,,2025-12-01,159.0,4.99,False,-9.25,False,False,6.1,-8.79,False,diverging,,-4.83,-2.45,,False,,,,,,,,,,,,2026-01-23,,0.72,0.78,0.1,12.48,16.55,22.68,-7.34,-12.93,4.99
7971.T,東リ,2026-07-28,658.0,661.0,822.0,False,-19.59,0.77,0.74,,,,,2026-02-05,115.0,32.66,False,-2.96,True,True,7.69,-16.37,False,crossed,12.0,,,-0.76,False,-1.12,narrowing,False,,-18.67,654.0,809.0,2026-02-05,-19.16,False,2026-07-09,2026-03-23,,0.31,0.61,0.16,10.12,27.56,27.56,0.92,-15.64,33.74
7318.T,セレンディップ・ホールディングス,2026-07-28,1928.0,2090.0,2600.0,False,-19.62,0.59,0.73,,,,,2026-06-24,23.0,123.21,True,19.79,True,False,27.81,-21.08,False,,,,,,,,,,,,,,,,,,,,0.0,0.69,0.62,22.1,28.78,41.68,6.52,81.72,127.83
463A.T,インテリックスホールディングス,2026-07-28,935.0,946.0,1177.0,False,-19.63,0.48,0.84,,,,,2026-04-20,66.0,6.13,False,-3.81,False,True,9.12,-16.6,False,,,,,,,,,,,,,,,,,,,,0.33,0.19,0.0,23.25,26.17,26.17,-16.07,-4.2,6.86
7524.T,マルシェ,2026-07-28,183.0,184.0,229.0,False,-19.65,0.49,0.43,,,,,,,-8.5,False,-0.71,False,True,4.51,-11.35,False,crossed,26.0,,,-0.56,False,-2.56,widening,False,,-8.04,180.0,199.0,2026-01-19,-9.55,False,2026-06-19,2025-11-17,3ヶ月,0.76,0.07,0.63,8.28,21.32,25.48,10.91,-7.11,-8.04
4216.T,旭有機材,2026-07-28,5950.0,6370.0,7930.0,False,-19.67,0.69,0.62,,,,,2026-06-22,25.0,44.42,True,6.26,True,False,9.31,-17.13,False,,,,,,,,,,,,,,,,,,,,0.2,0.67,0.86,24.3,24.3,24.3,1.88,5.68,45.65
4284.T,ソルクシーズ,2026-07-28,439.0,445.0,554.0,False,-19.68,1.13,1.08,,,,,2026-01-26,123.0,11.14,False,-4.11,False,True,9.57,-9.5,False,imminent,,-0.38,,,False,,,,,,,,,,,,2026-03-06,,0.03,0.55,0.0,15.13,26.81,26.81,-7.77,-16.7,13.73
4345.T,シーティーエス,2026-07-28,884.0,893.0,1112.0,False,-19.69,1.35,1.23,,,,,2026-01-23,124.0,7.8,False,-3.13,False,True,5.98,-7.3,False,crossed,0.0,,,,False,,,False,,-19.64,884.0,1100.0,2026-01-22,-19.64,False,2026-07-28,2026-03-09,,0.11,0.72,0.04,9.01,26.55,26.55,0.34,-19.64,8.6
8006.T,ユアサ・フナショク,2026-07-28,1598.0,1598.0,1990.0,False,-19.7,0.2,1.79,,,,,2025-09-29,201.0,37.76,False,-1.37,True,True,10.72,-10.28,False,crossed,3.0,,,,False,,,False,,-12.2,1676.0,1820.0,2026-02-12,-7.91,False,2026-07-23,2026-04-07,,0.03,0.51,0.13,17.07,24.73,24.73,-2.44,-7.25,39.11
3423.T,エスイー,2026-07-28,268.0,269.0,335.0,False,-19.7,0.09,1.1,,,,,2026-03-31,80.0,0.75,False,-2.09,True,False,6.42,-16.67,False,,,,,,,,,,,,,,,,,,,,0.34,0.7,0.12,4.73,19.14,19.14,-1.11,-3.6,0.75
8023.T,ＤＡＩＫＯ　ＸＴＥＣＨ,2026-07-28,978.0,994.0,1238.0,False,-19.71,2.05,0.76,,,,,2025-09-18,207.0,-6.5,False,-5.9,False,True,6.02,-10.04,False,imminent,,-0.12,,,False,,,,,,,,,,,,2026-03-12,,0.15,0.57,0.5,11.25,22.48,28.26,-0.81,-12.99,-6.23
7004.T,カナデビア,2026-07-28,1189.0,1216.0,1515.0,False,-19.74,0.82,0.77,,,,,2026-05-13,53.0,19.26,True,5.82,True,False,10.4,-12.75,False,,,,,,,,,,,,,,,,,,,,0.09,0.58,0.51,19.27,19.27,23.45,-1.08,14.66,21.33
6150.T,タケダ機械,2026-07-28,2785.0,2785.0,3470.0,False,-19.74,0.56,0.54,,,,,2024-04-16,556.0,-4.43,False,-9.01,False,True,5.36,-10.53,False,,,,,,,,,,,,,,,,,,,,0.46,0.76,0.0,17.75,23.08,23.08,-7.93,-14.31,-4.26
6481.T,ＴＨＫ,2026-07-28,6121.0,6617.0,8244.0,False,-19.74,1.85,1.18,,,,,2026-06-23,24.0,58.82,True,13.88,True,False,16.3,-18.88,False,,,,,,,,,,,,,,,,,,,,0.11,0.78,0.78,25.32,25.32,25.32,12.33,41.46,57.92
3817.T,ＳＲＡホールディングス,2026-07-28,4690.0,4710.0,5870.0,False,-19.76,1.11,1.3,,,,,2026-01-19,128.0,0.86,False,-4.71,False,True,5.7,-9.96,False,imminent,,-0.85,,,False,,,,,,,,,,,,2026-03-03,,0.0,0.67,0.12,11.02,25.44,26.33,4.57,-18.29,0.43
8058.T,三菱商事,2026-07-28,4784.0,4824.0,6012.0,False,-19.76,0.64,0.87,,,,,2026-05-15,51.0,64.57,True,6.91,True,False,11.12,-14.18,False,diverging,,-7.32,-1.61,,True,,,,,,,,,,,,2026-06-11,,0.51,0.01,0.73,26.15,26.15,26.15,-3.35,17.2,67.13
3880.T,大王製紙,2026-07-28,987.0,998.0,1244.0,False,-19.77,0.93,0.81,,,,,2026-03-03,99.0,14.1,True,2.43,True,True,10.0,-12.86,False,imminent,,-0.92,,,False,,,,,,,,,,,,2026-04-17,,0.0,0.46,0.3,9.32,25.29,25.29,2.92,-1.2,15.98
8093.T,極東貿易,2026-07-28,1773.0,1786.0,2227.0,False,-19.8,1.21,1.0,,,,,2026-02-27,101.0,17.18,False,-4.36,False,True,8.31,-16.61,False,,,,,,,,,,,,,,,,,,,,0.48,0.7,0.13,14.3,24.48,24.48,-5.19,-9.91,17.42
2303.T,ドーン,2026-07-28,1230.0,1243.0,1550.0,False,-19.81,0.29,2.37,,,,,2026-04-22,64.0,8.9,False,-5.24,True,False,5.4,-8.73,False,,,,,,,,,,,,,,,,,,,,0.57,0.15,0.2,18.66,21.37,21.37,-15.2,-10.02,9.48
4334.T,ユークス,2026-07-28,379.0,380.0,474.0,False,-19.83,1.41,0.42,,,,,2025-06-10,276.0,-8.67,False,-5.69,False,False,4.82,-7.5,False,diverging,,-3.29,-0.1,,True,,,,,,,,,,,,2026-06-22,,0.51,0.33,0.6,10.24,10.68,22.78,-4.05,-7.79,-8.89
7050.T,フロンティアインターナショナル,2026-07-28,1373.0,1382.0,1724.0,False,-19.84,0.42,0.36,,,,,2026-04-27,61.0,24.25,False,-0.61,True,True,9.49,-10.95,False,,,,,,,,,,,,,,,,,,,,0.3,0.48,0.42,25.39,26.97,26.97,-15.35,-7.04,24.14
9216.T,ビーウィズ,2026-07-28,1604.0,1614.0,2014.0,False,-19.86,0.76,0.49,,,,,2026-05-20,48.0,12.56,False,-3.29,True,True,6.09,-13.24,False,,,,,,,,,,,,,,,,,,,,0.36,0.19,0.25,28.63,28.63,28.63,-14.09,-6.25,13.84
9517.T,イーレックス,2026-07-28,855.0,896.0,1118.0,False,-19.86,0.6,1.13,,,,,2026-03-31,80.0,16.64,True,11.89,True,True,13.76,-19.6,False,,,,,,,,,,,,,,,,,,,,0.29,0.09,0.2,32.65,32.65,32.65,-13.72,31.94,16.8
2815.T,アリアケジャパン,2026-07-28,5490.0,5520.0,6890.0,False,-19.88,0.91,0.77,,,,,2025-07-18,248.0,-17.57,True,0.46,False,True,6.62,-9.84,False,imminent,,-2.48,,,False,,,,,,,,,,,,2026-04-22,,0.26,0.7,0.47,11.99,18.64,27.56,-0.18,-3.51,-17.69
3501.T,ＳＵＭＩＮＯＥ,2026-07-28,1142.0,1159.0,1447.0,False,-19.9,0.68,0.57,,,,,2026-02-27,101.0,4.77,False,-7.79,False,True,6.48,-8.41,False,,,,,,,,,,,,,,,,,,,,0.47,0.67,0.0,18.83,27.52,27.52,-8.49,-11.34,5.35
8920.T,東祥,2026-07-28,769.0,785.0,980.0,False,-19.9,0.89,0.63,,,,,2026-02-17,108.0,20.16,False,-4.75,True,True,10.19,-12.71,False,,,,,,,,,,,,,,,,,,,,0.12,0.41,0.17,16.78,27.12,27.12,-9.1,-1.28,21.48
2354.T,ＹＥ　ＤＩＧＩＴＡＬ,2026-07-28,1271.0,1360.0,1698.0,False,-19.91,1.37,9.75,,,,,2026-07-27,1.0,96.75,True,55.06,True,True,21.87,-20.99,False,crossed,2.0,,,,True,,,True,0.0,-20.56,1600.0,1600.0,2026-07-24,0.0,False,2026-07-24,2026-07-06,,0.05,0.34,0.67,25.6,25.6,25.6,37.85,49.88,97.05
9509.T,北海道電力,2026-07-28,1018.0,1037.0,1295.0,False,-19.92,0.57,0.98,,,,,2025-11-27,161.0,28.71,False,-3.05,False,True,12.91,-14.18,False,imminent,,-0.15,,,False,,,,,,,,,,,,2026-03-31,,0.01,0.53,0.1,13.2,27.91,28.45,2.57,-11.52,28.84
3712.T,情報企画,2026-07-28,1084.0,1089.0,1360.0,False,-19.93,0.78,2.07,,,,,2026-02-05,115.0,5.65,False,-2.68,False,True,12.73,-16.41,False,,,,,,,,,,,,,,,,,,,,0.13,0.6,0.32,23.95,38.51,38.51,-1.0,-15.18,6.27
3910.T,エムケイシステム,2026-07-28,274.0,277.0,346.0,False,-19.94,0.17,1.19,,,,,2022-10-13,926.0,-11.61,False,-6.49,False,False,3.39,-6.21,False,,,,,,,,,,,,,,,,,,,,0.49,0.71,0.63,15.21,17.35,19.63,-7.43,-13.29,-12.74
5471.T,大同特殊鋼,2026-07-28,2313.5,2405.0,3005.0,False,-19.97,1.57,0.62,,,,,2026-06-26,21.0,125.49,True,20.43,True,True,16.07,-23.97,False,crossed,32.0,,,17.02,False,1.49,narrowing,True,2.0,-2.96,2165.0,2384.0,2026-02-27,-9.19,True,2026-06-11,2026-04-09,,0.65,0.3,0.86,22.48,24.29,24.29,26.42,15.76,125.6
6038.T,イード,2026-07-28,823.0,828.0,1035.0,False,-20.0,0.25,0.64,,,,,2025-06-02,282.0,-8.15,False,-10.97,False,False,6.24,-11.37,False,diverging,,-6.38,-0.67,,False,,,,,,,,,,,,2026-03-13,,0.65,0.7,0.12,14.87,18.11,21.81,-11.98,-14.72,-8.45
1447.T,ＳＡＡＦホールディングス,2026-07-28,376.0,380.0,475.0,False,-20.0,0.13,5.97,,,,,2026-02-12,111.0,45.74,True,19.1,True,True,18.62,-23.35,False,crossed,7.0,,,-13.41,False,-9.31,narrowing,False,,-19.31,410.0,466.0,2026-02-10,-12.02,True,2026-07-16,2026-04-23,,0.34,0.28,0.29,23.01,44.85,44.85,23.68,24.09,45.74
9346.T,ココルポート,2026-07-28,1650.0,1660.0,2075.0,False,-20.0,1.44,1.18,,,,,2025-09-24,204.0,7.0,False,-2.06,False,False,6.27,-8.42,False,diverging,,-1.17,-0.09,,True,,,,,,,,,,,,2026-07-07,,0.34,0.15,0.05,5.15,6.04,21.13,-1.14,-2.94,8.27
2317.T,システナ,2026-07-28,441.0,444.0,555.0,False,-20.0,0.86,0.83,,,,,2025-10-31,178.0,11.65,False,-3.85,False,True,9.35,-12.99,False,imminent,,-1.04,,,False,,,,,,,,,,,,2026-02-05,,0.04,0.37,0.37,11.47,25.77,28.25,1.61,-14.2,12.5
6858.T,小野測器,2026-07-28,785.0,816.0,1020.0,False,-20.0,2.19,1.29,,,,,2026-06-10,33.0,30.83,True,3.72,True,False,13.07,-19.26,False,crossed,29.0,,,4.1,True,-17.77,widening,True,4.0,-17.02,902.0,946.0,2026-06-10,-4.65,True,2026-06-16,2026-05-01,,0.31,0.17,0.83,18.31,19.26,19.26,-3.8,12.46,31.49
3665.T,エニグモ,2026-07-28,415.0,420.0,525.0,False,-20.0,0.84,0.74,,,,,2026-01-19,128.0,38.8,True,2.65,True,True,13.91,-13.7,False,crossed,12.0,,,-0.74,False,0.23,narrowing,False,,-20.19,407.0,520.0,2026-01-23,-21.73,False,2026-07-09,2026-02-27,,0.5,0.23,0.12,9.74,34.04,34.04,12.16,-18.79,42.12
8789.T,フィンテック　グローバル,2026-07-28,131.0,132.0,165.0,False,-20.0,1.11,0.8,,,,,2026-02-12,111.0,16.96,False,-0.53,True,True,16.75,-23.23,False,crossed,0.0,,,,False,,,False,,-19.14,131.0,162.0,2026-02-10,-19.14,False,2026-07-28,2026-03-18,,0.01,0.44,0.15,13.14,26.54,26.54,3.97,-9.66,18.02
7841.T,遠藤製作所,2026-07-28,1088.0,1091.0,1364.0,False,-20.01,0.6,2.08,,,,,2024-07-03,503.0,0.18,False,-7.0,False,True,6.34,-11.79,False,imminent,,-0.08,,,False,,,,,,,,,,,,2026-03-18,,0.06,0.74,0.39,5.33,21.69,23.24,-0.82,-15.85,0.0
9987.T,スズケン,2026-07-28,5325.0,5333.0,6668.0,False,-20.02,0.39,0.77,,,,,2026-02-12,111.0,0.08,False,-8.07,False,False,5.48,-10.16,False,,,,,,,,,,,,,,,,,,,,0.42,0.86,0.24,12.99,26.37,26.37,-4.74,-16.59,-0.99
3397.T,トリドールホールディングス,2026-07-28,4306.0,4310.0,5391.0,False,-20.05,1.27,0.66,,,,,2025-08-20,227.0,1.84,True,2.31,False,True,6.49,-7.16,False,crossed,0.0,,,,False,,,False,,-4.63,4306.0,4515.0,2026-04-03,-4.63,False,2026-07-28,2026-05-07,,0.05,0.41,0.63,13.12,20.95,32.95,5.75,2.04,2.97
7972.T,イトーキ,2026-07-28,2903.0,2954.0,3695.0,False,-20.05,0.62,0.69,,,,,2026-03-02,100.0,32.32,True,5.27,True,True,14.25,-18.89,False,imminent,,-1.93,,,False,,,,,,,,,,,,2026-05-19,,0.02,0.16,0.31,27.99,35.62,35.62,-9.0,13.27,32.19
2874.T,横浜冷凍,2026-07-28,2131.0,2169.0,2713.0,False,-20.05,0.65,0.77,,,,,2026-05-21,47.0,97.86,True,34.1,True,False,18.23,-19.85,False,crossed,109.0,,,-4.56,True,19.48,narrowing,True,0.0,40.75,1514.0,1514.0,2026-02-16,0.0,False,2026-02-16,2026-01-26,,0.07,0.73,0.83,33.31,33.31,33.31,30.42,73.82,101.8
4754.T,トスネット,2026-07-28,1502.0,1502.0,1879.0,False,-20.06,0.2,1.03,,,,,2026-02-16,109.0,5.03,False,-1.93,True,True,3.64,-5.85,False,imminent,,-0.09,,,True,,,,,,,,,,,,2026-06-30,,0.11,0.4,0.0,4.72,15.13,15.13,1.14,-8.97,5.11
3004.T,神栄,2026-07-28,2214.0,2259.0,2827.0,False,-20.09,0.62,0.65,,,,,2026-02-18,107.0,17.08,False,-5.28,False,True,7.23,-15.42,False,crossed,3.0,,,,False,,,False,,-19.64,2250.0,2755.0,2026-02-17,-18.33,False,2026-07-23,2026-04-06,,0.05,0.69,0.08,10.81,25.12,25.12,-4.28,-11.93,17.08
3778.T,さくらインターネット,2026-07-28,3055.0,3215.0,4025.0,False,-20.12,7.66,1.27,,,,,2024-03-07,583.0,-16.53,True,1.98,False,False,11.82,-17.85,False,diverging,,-5.13,-2.76,,True,,,,,,,,,,,,2026-06-08,,0.28,0.01,0.12,27.71,33.46,34.04,-16.19,11.25,-17.1
9989.T,サンドラッグ,2026-07-28,3879.0,3900.0,4883.0,False,-20.13,0.75,0.68,,,,,2025-08-22,225.0,-13.93,False,-3.87,False,True,4.31,-7.39,False,crossed,12.0,,,-0.91,False,-1.01,narrowing,False,,-9.69,3851.0,4295.0,2026-01-06,-10.34,False,2026-07-09,2026-01-27,,0.26,0.63,0.85,5.78,15.63,25.64,2.73,-8.54,-14.63
6824.T,新コスモス電機,2026-07-28,4790.0,4880.0,6110.0,False,-20.13,1.17,1.43,,,,,2026-05-11,55.0,88.95,True,4.1,True,True,14.41,-16.44,False,crossed,5.0,,,0.0,True,-0.75,,False,,-18.95,4790.0,5910.0,2026-05-11,-18.95,False,2026-07-21,2026-06-08,,0.03,0.09,0.7,28.93,28.93,28.93,-9.45,5.74,88.43
3954.T,昭和パックス,2026-07-28,2771.0,2771.0,3470.0,False,-20.14,1.92,0.92,,,,,2026-01-19,128.0,33.22,False,-7.63,False,False,9.12,-7.89,False,diverging,,-4.55,-2.78,,False,,,,,,,,,,,,2026-05-21,,0.72,0.74,0.2,13.29,17.68,23.37,-10.61,-14.87,31.2
7114.T,フーディソン,2026-07-28,785.0,797.0,998.0,False,-20.14,2.21,0.55,,,,,,,-12.78,False,-5.92,False,False,6.22,-10.17,False,,,,,,,,,,,,,,,,,,,,0.6,0.8,0.62,19.53,23.49,30.91,-7.21,-7.54,-12.87
6460.T,セガサミーホールディングス,2026-07-28,2750.5,2783.0,3485.0,False,-20.14,1.4,0.86,,,,,2025-06-19,269.0,-9.97,True,9.76,False,True,9.36,-8.69,False,crossed,2.0,,,,False,,,False,,-0.88,2520.0,2775.0,2026-03-10,-9.19,False,2026-07-24,2026-04-21,,0.2,0.16,0.75,13.57,23.8,38.53,18.56,14.89,-10.08
7377.T,ＤＮホールディングス,2026-07-28,1742.0,1755.0,2198.0,False,-20.15,1.59,0.95,,,,,2025-06-12,274.0,-18.37,False,-10.86,False,False,3.04,-7.61,False,diverging,,-3.8,-1.86,,False,,,,,,,,,,,,2026-02-26,,0.92,0.89,0.81,8.81,16.95,20.14,-8.12,-16.33,-17.83
1963.T,日揮ホールディングス,2026-07-28,2282.0,2337.0,2927.5,False,-20.17,1.0,0.94,,,,,2026-05-25,45.0,81.18,True,4.81,True,False,10.1,-8.88,False,,,,,,,,,,,,,,,,,,,,0.18,0.24,0.88,23.09,23.09,23.09,-3.06,12.89,81.62
6273.T,ＳＭＣ,2026-07-28,66720.0,69280.0,86800.0,False,-20.18,0.74,0.91,,,,,2026-05-14,52.0,35.64,True,4.55,True,True,14.74,-20.62,False,crossed,14.0,,,0.17,True,-10.06,widening,False,,-21.1,72540.0,84560.0,2026-05-12,-14.21,False,2026-07-07,2026-06-11,,0.0,0.11,0.76,26.87,26.87,26.87,-5.32,7.79,33.79
7057.T,エヌ・シー・エヌ,2026-07-28,948.0,948.0,1188.0,False,-20.2,0.11,0.82,,,,,2024-12-13,392.0,-4.82,False,-4.79,False,True,7.11,-16.73,False,imminent,,-0.25,,,False,,,,,,,,,,,,2026-03-13,,0.0,0.78,0.15,10.78,26.54,26.54,-1.76,-18.7,-2.27
4825.T,ウェザーニューズ,2026-07-28,1930.0,1943.0,2435.0,False,-20.21,0.78,1.08,,,,,2025-09-18,207.0,-4.93,False,-4.93,False,False,6.94,-14.74,False,diverging,,-2.93,-0.04,,True,,,,,,,,,,,,2026-07-01,,0.32,0.02,0.21,12.54,12.84,24.25,-3.64,-4.46,-3.98
7727.T,オーバル,2026-07-28,711.0,730.0,915.0,False,-20.22,1.21,0.78,,,,,2026-02-27,101.0,59.42,True,0.42,True,False,15.99,-22.08,False,crossed,25.0,,,-1.02,True,-13.69,widening,False,,-22.3,787.0,915.0,2026-02-27,-13.99,True,2026-06-22,2026-04-22,,0.01,0.07,0.64,16.27,26.23,26.23,5.33,-7.54,63.45
2982.T,ＡＤワークスグループ,2026-07-28,411.0,414.0,519.0,False,-20.23,0.6,0.58,,,,,2025-09-12,210.0,20.18,False,-4.69,False,True,10.81,-12.9,False,crossed,0.0,,,,False,,,False,,-17.14,411.0,496.0,2026-02-10,-17.14,True,2026-07-28,2025-12-01,,0.03,0.5,0.04,10.3,22.78,24.31,2.49,-9.67,20.18
3580.T,小松マテーレ,2026-07-28,723.0,741.0,929.0,False,-20.24,1.15,1.22,,,,,2026-02-27,101.0,-0.82,False,-9.48,False,True,6.61,-16.74,False,imminent,,-0.67,,,False,,,,,,,,,,,,2026-03-26,,0.01,0.82,0.2,8.28,25.81,25.81,-1.09,-18.31,-0.96
6471.T,日本精工,2026-07-28,1100.5,1128.0,1414.5,False,-20.25,0.81,0.97,,,,,2026-03-03,99.0,58.1,True,1.3,True,False,13.97,-22.79,False,diverging,,-3.4,-0.28,,True,,,,,,,,,,,,2026-06-12,,0.44,0.04,0.78,21.1,22.79,22.79,-5.21,-0.77,58.19
4432.T,ウイングアーク１ｓｔ,2026-07-28,3060.0,3090.0,3875.0,False,-20.26,0.74,2.06,,,,,2025-06-20,268.0,-15.35,True,3.47,False,True,11.69,-15.83,False,crossed,0.0,,,,False,,,False,,-18.83,3060.0,3770.0,2026-01-06,-18.83,False,2026-07-28,2026-02-09,,0.03,0.33,0.7,17.61,37.16,41.74,12.83,-14.04,-14.88
2418.T,ツカダ・グローバルホールディング,2026-07-28,599.0,602.0,755.0,False,-20.26,0.64,0.51,,,,,2025-09-03,217.0,2.57,False,-1.98,False,True,11.21,-11.89,False,imminent,,-0.29,,,False,,,,,,,,,,,,2026-05-07,,0.0,0.17,0.07,10.86,20.96,27.96,-3.23,2.92,2.57
6554.T,エスユーエス,2026-07-28,1033.0,1035.0,1298.0,False,-20.26,0.6,0.92,,,,,2025-09-10,212.0,-5.75,False,-4.61,False,True,3.46,-8.4,False,crossed,8.0,,,-0.48,False,-2.59,widening,False,,-13.92,1048.0,1200.0,2026-01-19,-12.67,False,2026-07-15,2026-02-24,,0.16,0.45,0.71,9.56,20.97,25.39,-1.24,-12.75,-4.53
3484.T,イノベーションホールディングス,2026-07-28,1079.0,1097.0,1377.0,False,-20.33,0.84,0.85,,,,,2026-02-25,103.0,11.24,False,-6.59,True,True,7.4,-17.63,False,crossed,3.0,,,,False,,,False,,-20.54,1091.0,1358.0,2026-03-05,-19.66,False,2026-07-23,2026-04-07,,0.0,0.72,0.12,10.72,23.93,23.93,-3.83,-17.38,11.24
6430.T,ダイコク電機,2026-07-28,2417.0,2446.0,3070.0,False,-20.33,2.01,0.65,,,,,2023-09-20,695.0,13.69,False,-5.67,False,True,8.76,-10.44,False,crossed,3.0,,,,False,,,False,,-18.32,2363.0,2959.0,2026-01-16,-20.14,False,2026-07-23,2026-02-13,,0.07,0.62,0.18,12.77,29.43,32.78,4.72,-15.64,13.9
7743.T,シード,2026-07-28,523.0,525.0,659.0,False,-20.33,0.46,0.68,,,,,2026-03-24,85.0,10.57,False,-5.01,False,True,6.7,-12.05,False,imminent,,-1.27,,,False,,,,,,,,,,,,2026-05-12,,0.01,0.42,0.0,13.04,23.44,23.44,-2.06,-11.8,10.81
9242.T,メディア総研,2026-07-28,2015.0,2021.0,2537.0,False,-20.34,0.64,0.88,,,,,2025-11-12,171.0,54.41,True,4.53,True,True,10.79,-7.12,False,crossed,8.0,,,0.8,True,-0.31,widening,False,,-7.65,1998.0,2182.0,2026-01-28,-8.43,False,2026-07-15,2026-05-25,,0.23,0.03,0.47,8.37,17.23,31.4,3.07,-3.17,52.19
5868.T,ロココ,2026-07-28,956.0,974.0,1223.0,False,-20.36,1.2,0.34,,,,,2026-01-19,128.0,1.59,False,-7.12,False,False,9.52,-13.72,False,diverging,,-3.18,-2.72,,False,,,,,,,,,,,,2026-03-30,,0.22,0.66,0.0,15.27,21.62,24.69,-10.4,-18.64,2.36
6594.T,ニデック,2026-07-28,2550.0,2625.0,3296.0,False,-20.36,1.08,0.81,,,,,2021-02-16,1331.0,-4.33,True,8.02,False,False,15.59,-28.5,False,crossed,56.0,,,-1.3,True,-13.52,narrowing,True,0.0,-2.19,2607.0,2607.0,2026-05-08,0.0,False,2026-05-08,2026-04-06,,0.0,0.49,0.01,14.9,20.15,42.5,3.45,8.83,-5.78
6866.T,日置電機,2026-07-28,10630.0,10990.0,13800.0,False,-20.36,0.64,0.98,,,,,2026-06-04,37.0,99.81,True,26.89,True,False,19.16,-12.73,False,,,,,,,,,,,,,,,,,,,,0.01,0.8,0.79,19.89,19.89,19.89,1.63,58.89,101.33
9687.T,ＫＳＫ,2026-07-28,4560.0,4625.0,5810.0,False,-20.4,0.52,1.11,,,,,2025-11-06,175.0,15.44,False,-2.63,True,True,8.81,-16.09,False,crossed,4.0,,,,False,,,False,,-13.14,4420.0,5250.0,2026-01-05,-15.81,False,2026-07-22,2026-01-20,,0.15,0.1,0.03,3.27,13.52,25.35,5.68,-7.03,15.88
7590.T,タカショー,2026-07-28,390.0,394.0,495.0,False,-20.4,0.36,1.46,,,,,2021-08-25,1203.0,-8.45,False,-3.91,False,True,3.43,-5.96,False,crossed,52.0,,,-0.75,False,-12.57,widening,False,,-10.76,399.0,437.0,2026-01-14,-8.7,False,2026-05-14,2025-10-10,,0.04,0.0,0.66,4.2,8.09,20.89,1.3,-4.41,-8.45
3222.T,ユナイテッド・スーパーマーケット・ホールディングス,2026-07-28,833.0,835.0,1049.0,False,-20.4,0.71,0.9,,,,,2025-08-13,232.0,-8.66,False,-4.5,False,False,5.9,-14.63,False,imminent,,-2.54,,,False,,,,,,,,,,,,2026-03-19,,0.1,0.7,0.48,8.73,22.29,26.15,-1.77,-12.96,-7.55
6507.T,シンフォニアテクノロジー,2026-07-28,12540.0,13450.0,16900.0,False,-20.41,0.82,0.7,,,,,2026-06-23,24.0,39.8,True,4.61,True,True,20.13,-21.32,False,,,,,,,,,,,,,,,,,,,,0.02,0.7,0.8,24.64,24.64,26.07,-6.28,13.38,38.41
3671.T,ソフトマックス,2026-07-28,327.0,331.0,416.0,False,-20.43,0.57,1.28,,,,,2025-07-03,259.0,-0.3,False,-2.72,False,True,8.45,-14.07,False,imminent,,-1.31,,,False,,,,,,,,,,,,2026-05-25,,0.01,0.24,0.21,22.0,26.22,34.22,-4.94,-8.4,1.87
7416.T,はるやまホールディングス,2026-07-28,698.0,716.0,900.0,False,-20.44,5.12,0.84,,,,,2026-03-19,87.0,-3.32,False,-2.79,False,True,6.28,-10.84,False,imminent,,-1.3,,,False,,,,,,,,,,,,2026-04-13,,0.15,0.75,0.28,6.96,24.71,25.65,0.0,-8.76,-3.99
6323.T,ローツェ,2026-07-28,3883.0,4134.0,5199.0,False,-20.48,0.94,1.67,,,,,2026-07-01,18.0,101.82,True,21.47,True,True,22.18,-22.8,False,crossed,64.0,,,2.92,True,-4.28,narrowing,True,26.0,-4.31,3566.0,4058.0,2026-04-13,-12.12,True,2026-04-22,2026-04-02,,0.55,0.57,0.86,23.56,30.35,30.35,6.73,10.6,99.69
7595.T,アルゴグラフィックス,2026-07-28,1340.0,1359.0,1709.0,False,-20.48,1.35,0.93,,,,,2025-12-15,149.0,5.72,False,-6.51,True,True,10.72,-11.23,False,,,,,,,,,,,,,,,,,,,,0.19,0.78,0.01,16.14,26.9,31.1,-4.29,-15.03,5.3
5603.T,虹技,2026-07-28,1310.0,1311.0,1649.0,False,-20.5,0.04,1.05,,,,,2026-03-17,89.0,16.65,True,0.34,True,True,4.22,-6.96,True,imminent,,-1.47,,,False,,,,,,,,,,,,2026-05-12,,0.03,0.39,0.14,15.8,28.8,28.8,-4.38,-5.07,17.7
4641.T,アルプス技研,2026-07-28,835.0,840.0,1056.7,False,-20.5,0.53,0.67,,,,,2025-08-19,228.0,-8.91,False,-2.37,False,True,5.58,-8.41,False,imminent,,-1.43,,,False,,,,,,,,,,,,2026-02-13,,0.06,0.68,0.72,10.7,16.59,27.96,-0.79,-6.53,-8.11
3180.T,ビューティガレージ,2026-07-28,1409.0,1426.0,1794.0,False,-20.51,0.62,0.43,,,,,2025-08-18,229.0,-9.16,False,-3.13,False,True,7.34,-13.79,False,imminent,,-2.16,,,True,,,,,,,,,,,,2026-06-08,,0.22,0.0,0.26,14.47,16.59,29.7,-8.68,-6.13,-9.68
4060.T,ｒａｋｕｍｏ,2026-07-28,1108.0,1112.0,1399.0,False,-20.51,0.21,0.28,,,,,2025-09-02,218.0,10.03,True,1.5,False,True,8.57,-11.54,False,,,,,,,,,,,,,,,,,,,,0.01,0.01,0.02,13.62,13.62,26.88,-2.46,8.63,8.95
6989.T,北陸電気工業,2026-07-28,2390.0,2440.0,3070.0,False,-20.52,1.33,1.33,,,,,2026-02-02,118.0,13.16,False,-9.08,True,True,7.75,-10.54,False,crossed,0.0,,,,False,,,False,,-21.12,2390.0,3030.0,2026-01-27,-21.12,False,2026-07-28,2026-03-19,,0.01,0.62,0.3,20.04,25.31,25.31,-14.4,-19.07,12.31
6752.T,パナソニック　ホールディングス,2026-07-28,3600.0,3791.0,4770.0,False,-20.52,0.63,0.79,,,,,2026-07-01,18.0,150.7,True,31.65,True,True,11.74,-20.04,False,,,,,,,,,,,,,,,,,,,,0.66,0.93,0.96,24.53,24.53,24.53,25.04,56.25,151.22
4361.T,川口化学工業,2026-07-28,1500.0,1518.0,1910.0,False,-20.52,0.79,2.48,,,,,2026-01-20,127.0,7.84,False,-0.48,False,True,5.63,-10.61,False,crossed,7.0,,,-1.18,False,-2.6,widening,False,,-21.47,1524.0,1910.0,2026-01-20,-20.21,False,2026-07-16,2026-04-03,,0.27,0.41,0.01,5.65,16.25,26.6,0.94,-9.26,10.13
7062.T,フレアス,2026-07-28,786.0,786.0,989.0,False,-20.53,0.2,1.28,,,,,2024-08-30,463.0,1.03,False,-3.25,False,True,7.61,-11.57,False,,,,,,,,,,,,,,,,,,,,0.35,0.49,0.29,18.0,21.4,25.31,-7.64,-4.73,3.15
3841.T,ジーダット,2026-07-28,1200.0,1233.0,1552.0,False,-20.55,1.04,0.9,,,,,2024-08-01,483.0,-10.58,False,-2.46,False,True,4.74,-8.1,False,crossed,21.0,,,2.88,True,-4.38,widening,False,,-11.05,1215.0,1349.0,2026-01-05,-9.93,False,2026-06-26,2026-06-22,,0.14,0.02,0.6,13.8,17.07,27.42,1.61,-7.34,-9.02
7726.T,黒田精工,2026-07-28,1219.0,1276.0,1606.0,False,-20.55,1.39,0.45,,,,,2026-06-22,25.0,32.64,True,11.97,True,True,10.49,-13.67,False,crossed,66.0,,,0.37,True,0.56,narrowing,True,11.0,12.87,1068.0,1080.0,2026-02-18,-1.11,False,2026-04-20,2026-03-19,,0.48,0.73,0.66,22.6,22.6,22.6,16.32,16.99,31.93
5021.T,コスモエネルギーホールディングス,2026-07-28,3947.0,3999.0,5034.0,False,-20.56,0.55,0.82,,,,,2026-03-02,100.0,24.14,False,-3.11,True,True,7.41,-9.68,False,imminent,,-0.54,,,False,,,,,,,,,,,,2026-04-10,,0.01,0.73,0.18,13.51,29.92,29.92,0.1,-13.08,23.65
2764.T,ひらまつ,2026-07-28,141.0,143.0,180.0,False,-20.56,0.63,0.85,,,,,2026-02-26,102.0,4.44,True,4.29,True,True,8.84,-8.33,False,imminent,,-1.19,,,False,,,,,,,,,,,,2026-05-26,,0.11,0.0,0.36,16.77,23.21,23.21,-6.0,6.82,5.22
6633.T,ＣＧＳホールディングス,2026-07-28,329.0,332.0,418.0,False,-20.57,1.17,0.59,,,,,2026-02-13,110.0,5.79,False,-6.15,False,False,9.06,-15.61,False,diverging,,-1.01,-0.05,,True,,,,,,,,,,,,2026-06-30,,0.11,0.34,0.12,12.8,22.63,22.63,1.23,-14.32,5.45
3947.T,ダイナパック,2026-07-28,2200.0,2203.0,2774.0,False,-20.58,0.49,0.64,,,,,2026-03-16,90.0,8.16,False,-6.36,False,True,7.74,-14.26,False,crossed,2.0,,,,False,,,False,,-19.41,2239.0,2730.0,2026-03-16,-17.99,False,2026-07-24,2026-04-14,,0.0,0.59,0.0,17.68,28.21,28.21,-7.6,-7.56,8.06
4662.T,フォーカスシステムズ,2026-07-28,1760.0,1786.0,2249.0,False,-20.59,0.66,0.7,,,,,2025-12-09,153.0,27.08,True,4.77,True,True,6.62,-8.28,False,crossed,17.0,,,1.28,False,4.51,widening,False,,-8.48,1645.0,1923.0,2026-01-15,-14.46,False,2026-07-02,2026-02-25,3ヶ月,0.77,0.13,0.01,6.92,20.95,29.98,14.96,-6.63,26.16
6093.T,エスクロー・エージェント・ジャパン,2026-07-28,160.0,162.0,204.0,False,-20.59,0.38,1.16,,,,,2026-03-11,93.0,23.08,False,-3.68,True,True,7.52,-10.0,False,imminent,,-1.4,,,False,,,,,,,,,,,,2026-04-27,,0.08,0.61,0.41,13.37,25.13,25.13,-5.88,-6.98,23.08
3199.T,綿半ホールディングス,2026-07-28,1338.0,1342.0,1690.0,False,-20.59,1.29,0.99,,,,,2024-08-01,483.0,-16.37,False,-6.19,False,True,4.47,-8.26,False,imminent,,-1.32,,,False,,,,,,,,,,,,2026-03-25,,0.18,0.69,0.75,9.73,14.52,23.32,-6.11,-10.44,-15.85
4287.T,ジャストプランニング,2026-07-28,471.0,474.0,597.0,False,-20.6,0.26,0.37,,,,,2025-09-18,207.0,10.05,True,0.12,False,False,7.91,-15.67,False,imminent,,-2.34,,,False,,,,,,,,,,,,2026-05-18,,0.34,0.31,0.04,11.92,12.63,26.46,-0.84,-5.23,10.82
4356.T,応用技術,2026-07-28,1672.0,1672.0,2106.0,False,-20.61,1.35,0.72,,,,,2025-10-20,187.0,6.84,False,-5.18,False,True,7.14,-13.61,False,imminent,,-2.27,,,False,,,,,,,,,,,,2026-01-09,,0.12,0.63,0.04,16.44,18.57,25.37,-5.8,-10.11,7.66
9353.T,櫻島埠頭,2026-07-28,2990.0,3055.0,3850.0,False,-20.65,1.58,0.35,,,,,2025-10-21,186.0,89.6,True,18.45,True,True,9.98,-12.02,False,crossed,36.0,,,-3.41,False,2.13,narrowing,True,28.0,2.93,2760.0,2905.0,2026-01-22,-4.99,True,2026-06-05,2026-03-23,3ヶ月,0.91,0.19,0.54,8.28,22.62,37.4,30.62,2.93,89.6
319A.T,技術承継機構,2026-07-28,16530.0,16900.0,21300.0,False,-20.66,0.78,1.13,,,,,2026-07-15,8.0,202.19,True,32.47,True,True,18.09,-12.59,False,,,,,,,,,,,,,,,,,,,,0.39,0.83,0.92,22.99,22.99,26.7,22.44,58.94,204.98
4401.T,ＡＤＥＫＡ,2026-07-28,3875.0,4049.0,5104.0,False,-20.67,1.24,0.72,,,,,2026-02-10,112.0,33.44,False,-2.84,True,True,10.89,-24.71,False,crossed,36.0,,,-1.32,False,-9.64,widening,False,,-21.78,4013.0,4954.0,2026-02-09,-18.99,False,2026-06-05,2026-03-30,,0.11,0.15,0.58,15.85,27.13,27.13,1.63,-13.41,33.21
4238.T,ミライアル,2026-07-28,1586.0,1660.0,2093.0,False,-20.69,1.09,0.55,,,,,2026-06-18,27.0,42.37,True,16.14,True,True,11.78,-19.88,False,crossed,51.0,,,-2.61,True,5.11,narrowing,True,9.0,8.93,1377.0,1456.0,2026-05-11,-5.43,False,2026-05-15,2026-03-17,,0.55,0.57,0.6,21.49,21.49,21.49,25.67,15.6,41.73
6544.T,ジャパンエレベーターサービスホールディングス,2026-07-28,1679.5,1711.0,2157.5,False,-20.7,0.95,0.79,,,,,2025-07-14,252.0,-20.87,False,-2.89,False,True,5.5,-10.48,False,crossed,48.0,,,-0.93,False,-17.48,narrowing,True,1.0,-10.14,1828.0,1869.0,2026-05-15,-2.19,True,2026-05-20,2025-09-02,,0.04,0.18,0.53,16.89,16.89,25.62,4.9,-0.03,-19.25
4436.T,ミンカブ・ジ・インフォノイド,2026-07-28,452.0,456.0,575.0,False,-20.7,1.37,0.76,,,,,2021-02-12,1333.0,-13.08,True,1.5,False,True,7.87,-13.16,False,crossed,2.0,,,,True,,,False,,-14.07,450.0,526.0,2026-05-20,-14.45,False,2026-07-24,2026-06-30,,0.0,0.01,0.43,23.19,23.19,26.55,8.65,-0.44,-11.37
9326.T,関通ホールディングス,2026-07-28,491.0,498.0,628.0,False,-20.7,0.59,6.09,,,,,2025-09-16,209.0,30.93,True,9.75,True,True,11.64,-7.38,False,crossed,7.0,,,-4.31,False,-4.75,narrowing,False,,-3.91,510.0,511.0,2026-07-15,-0.2,False,2026-07-16,2026-03-31,,0.47,0.14,0.06,4.72,17.38,26.41,15.8,4.69,31.99
5273.T,三谷セキサン,2026-07-28,1835.0,1859.0,2345.0,False,-20.72,0.75,0.78,,,,,2025-08-14,231.0,-7.21,True,0.34,False,True,9.97,-15.43,False,crossed,2.0,,,,False,,,False,,-10.81,1742.0,2057.5,2026-02-27,-15.33,False,2026-07-24,2026-02-13,,0.03,0.46,0.71,20.7,32.05,40.19,5.82,-8.14,-6.38
9982.T,タキヒヨー,2026-07-28,2402.0,2438.0,3075.0,False,-20.72,0.74,0.89,,,,,2026-05-29,41.0,41.38,True,3.41,True,False,8.92,-9.9,False,diverging,,-6.66,-0.13,,True,,,,,,,,,,,,2026-07-08,,0.74,0.39,0.85,21.99,21.99,21.99,-13.35,13.78,41.13
4976.T,東洋ドライルーブ,2026-07-28,1280.0,1300.0,1640.0,False,-20.73,1.98,0.92,,,,,2026-02-17,108.0,-4.36,False,-8.72,False,False,7.23,-14.07,False,,,,,,,,,,,,,,,,,,,,0.55,0.82,0.08,13.72,20.38,20.38,-10.8,-16.88,-4.0
5984.T,兼房,2026-07-28,736.0,745.0,940.0,False,-20.74,0.7,1.16,,,,,2026-02-09,113.0,11.18,False,-1.14,True,True,7.66,-14.86,False,imminent,,-1.16,,,False,,,,,,,,,,,,2026-04-15,,0.18,0.69,0.33,10.75,20.5,20.5,-0.14,-8.57,10.51
7475.T,アルビス,2026-07-28,2628.0,2634.0,3325.0,False,-20.78,0.69,0.88,,,,,2025-07-31,240.0,-11.4,True,0.2,False,True,4.9,-8.17,False,crossed,4.0,,,,False,,,False,,-5.23,2650.0,2773.0,2026-02-27,-4.44,False,2026-07-22,2026-03-24,,0.33,0.46,0.79,5.52,14.24,28.48,4.41,-3.42,-11.43
7131.T,のむら産業,2026-07-28,3480.0,3525.0,4450.0,False,-20.79,1.49,0.62,,,,,2026-03-03,99.0,58.4,True,1.12,True,True,16.84,-19.5,False,,,,,,,,,,,,,,,,,,,,0.12,0.0,0.64,16.79,26.4,26.4,-11.0,8.75,59.49
5019.T,出光興産,2026-07-28,1306.5,1323.0,1671.0,False,-20.83,0.57,0.75,,,,,2026-04-07,75.0,41.15,True,1.77,True,False,8.48,-14.34,False,,,,,,,,,,,,,,,,,,,,0.43,0.27,0.65,16.91,28.48,28.48,-2.21,1.4,41.87
1429.T,日本アクア,2026-07-28,746.0,756.0,955.0,False,-20.84,0.74,0.52,,,,,2025-11-06,175.0,-8.13,False,-7.14,False,True,7.43,-17.4,False,crossed,21.0,,,-0.27,False,-2.06,widening,False,,-19.35,738.0,925.0,2026-01-19,-20.22,False,2026-06-26,2026-02-20,3ヶ月,0.73,0.42,0.59,8.23,24.45,28.02,8.43,-17.84,-7.21
6408.T,小倉クラッチ,2026-07-28,4155.0,4155.0,5250.0,False,-20.86,0.51,0.6,,,,,2026-03-12,92.0,12.45,True,2.44,True,False,7.5,-9.51,False,,,,,,,,,,,,,,,,,,,,0.75,0.01,0.35,19.94,22.3,22.3,-13.44,12.3,10.07
4617.T,中国塗料,2026-07-28,3770.0,3810.0,4815.0,False,-20.87,1.0,1.24,,,,,2025-12-05,155.0,42.05,False,-2.44,True,True,12.61,-30.93,False,crossed,17.0,,,4.14,False,8.89,widening,False,,-20.21,3385.0,4725.0,2026-01-15,-28.36,False,2026-07-02,2026-02-16,,0.66,0.37,0.0,10.6,37.5,38.03,16.36,-18.92,40.36
3513.T,イチカワ,2026-07-28,3390.0,3390.0,4285.0,False,-20.89,0.09,0.79,,,,,2026-03-11,93.0,89.28,True,11.87,True,True,10.48,-12.52,False,crossed,7.0,,,-0.86,False,-3.47,widening,False,,-19.09,3475.0,4190.0,2026-03-11,-17.06,True,2026-07-16,2026-05-08,,0.38,0.17,0.72,21.4,34.25,34.25,-3.28,-0.15,90.13
9369.T,キユーソー流通システム,2026-07-28,2895.0,2911.0,3680.0,False,-20.9,0.7,0.99,,,,,2025-08-20,227.0,-12.14,False,-2.49,False,False,8.33,-14.27,False,crossed,41.0,,,7.08,True,-16.47,widening,False,,-19.25,3180.0,3585.0,2026-05-22,-11.3,False,2026-05-29,2026-04-01,,0.01,0.03,0.01,19.25,19.25,32.67,2.51,-8.1,-11.6
7963.T,興研,2026-07-28,1788.0,1805.0,2282.0,False,-20.9,0.22,0.74,,,,,2026-03-03,99.0,3.83,False,-4.04,False,True,6.05,-9.39,False,imminent,,-2.3,,,False,,,,,,,,,,,,2026-04-16,,0.19,0.53,0.08,14.9,21.87,21.87,-3.72,-5.85,4.26
197A.T,タウンズ,2026-07-28,473.0,477.0,603.0,False,-20.9,0.77,1.51,,,,,,,-12.73,False,-8.27,False,False,4.52,-9.49,False,diverging,,-3.03,-2.46,,False,,,,,,,,,,,,2026-04-03,,0.63,0.83,0.62,8.82,17.55,22.5,-2.87,-9.21,-8.86
3921.T,ネオジャパン,2026-07-28,1653.0,1676.0,2119.0,False,-20.91,2.17,0.56,,,,,2024-12-11,394.0,-4.89,False,-2.78,False,True,6.54,-12.48,False,crossed,5.0,,,0.43,False,-0.32,,False,,-12.72,1646.0,1894.0,2026-01-09,-13.09,False,2026-07-21,2026-01-23,,0.15,0.49,0.66,9.37,21.27,30.47,5.89,-7.55,-3.22
2695.T,くら寿司,2026-07-28,1652.0,1659.0,2097.5,False,-20.91,1.17,0.69,,,,,2025-08-05,237.0,-6.93,False,-1.77,False,True,5.65,-10.05,False,imminent,,-1.72,,,False,,,,,,,,,,,,2026-05-08,,0.03,0.55,0.42,14.73,18.61,27.1,-7.19,-4.37,-6.27
7730.T,マニー,2026-07-28,1516.0,1546.0,1955.0,False,-20.92,0.88,1.67,,,,,2026-04-21,65.0,25.65,False,-3.62,True,False,8.56,-12.06,False,,,,,,,,,,,,,,,,,,,,0.2,0.22,0.8,15.31,20.0,20.0,-15.31,-6.3,27.77
9543.T,静岡ガス,2026-07-28,1278.0,1285.0,1625.0,False,-20.92,0.71,0.74,,,,,2026-03-05,97.0,15.03,False,-0.75,True,False,8.95,-13.02,False,,,,,,,,,,,,,,,,,,,,0.5,0.24,0.35,17.08,26.07,26.07,-10.94,3.73,14.82
6848.T,東亜ディーケーケー,2026-07-28,853.0,854.0,1080.0,False,-20.93,0.19,0.77,,,,,2026-02-17,108.0,5.31,False,-1.48,True,False,4.13,-8.1,False,,,,,,,,,,,,,,,,,,,,0.28,0.44,0.34,4.31,16.45,16.45,-3.18,-2.4,5.57
2802.T,味の素,2026-07-28,4855.0,5013.0,6340.0,False,-20.93,0.97,0.69,,,,,2026-07-06,15.0,24.74,True,9.01,True,True,16.31,-17.33,False,crossed,110.0,,,3.74,False,-12.03,widening,True,0.0,9.45,4436.0,4436.0,2026-02-13,0.0,False,2026-02-13,2025-11-17,,0.18,0.7,0.46,21.38,21.38,25.64,2.04,32.65,24.39
4689.T,ＬＩＮＥヤフー,2026-07-28,449.9,451.8,571.5,False,-20.94,0.7,0.75,,,,,2025-07-25,244.0,-12.95,True,7.78,False,True,6.12,-15.53,False,crossed,67.0,,,-2.8,False,-8.64,widening,True,10.0,3.38,427.8999938964844,435.2,2026-04-15,-1.68,False,2026-04-17,2025-08-15,,0.33,0.51,0.41,11.32,13.83,35.3,8.18,12.39,-12.33
8562.T,福島銀行,2026-07-28,346.0,355.0,449.0,False,-20.94,1.15,1.02,,,,,2026-02-09,113.0,52.42,True,7.94,True,False,11.62,-11.19,False,,,,,,,,,,,,,,,,,,,,0.21,0.19,0.7,10.78,21.93,21.93,0.58,8.13,50.43
7832.T,バンダイナムコホールディングス,2026-07-28,4490.0,4528.0,5729.0,False,-20.96,0.97,0.97,,,,,2025-08-18,229.0,-0.13,True,8.49,False,True,7.75,-8.88,False,crossed,9.0,,,-1.16,False,7.08,widening,True,8.0,5.3,4143.0,4264.0,2026-03-13,-2.84,False,2026-07-14,2025-10-02,,0.55,0.13,0.77,8.0,15.83,36.5,19.93,10.37,0.79
2425.T,ケアサービス,2026-07-28,670.0,671.0,849.0,False,-20.97,0.58,0.72,,,,,2025-01-30,363.0,-18.19,False,-11.26,False,False,4.34,-10.83,False,,,,,,,,,,,,,,,,,,,,0.5,0.86,0.66,17.75,23.9,25.54,-10.19,-16.35,-18.09
4896.T,ケイファーマ,2026-07-28,740.0,750.0,949.0,False,-20.97,0.51,0.6,,,,,2025-03-26,327.0,2.07,True,4.72,True,True,11.45,-11.14,False,imminent,,-0.65,,,False,,,,,,,,,,,,2026-05-08,,0.02,0.15,0.07,17.12,29.4,29.4,-3.27,5.56,3.64
6195.T,ホープ,2026-07-28,209.0,211.0,267.0,False,-20.97,0.39,0.67,,,,,2025-06-16,272.0,-5.0,False,-1.8,True,False,7.64,-9.02,False,diverging,,-1.75,-0.19,,True,,,,,,,,,,,,2026-06-30,,0.24,0.19,0.11,11.91,20.24,20.24,-4.57,-10.68,-3.24
4174.T,アピリッツ,2026-07-28,742.0,750.0,949.0,False,-20.97,0.23,1.46,,,,,2026-07-15,8.0,-0.4,True,11.47,False,True,6.35,-10.0,False,crossed,33.0,,,-25.2,False,-19.79,widening,True,0.0,-14.22,865.0,865.0,2026-06-10,0.0,False,2026-06-10,2025-09-29,,0.54,0.17,0.22,26.82,26.82,26.82,19.1,9.12,0.13
135A.T,ＶＲＡＩＮ　Ｓｏｌｕｔｉｏｎ,2026-07-28,3570.0,3785.0,4790.0,False,-20.98,0.5,0.8,,,,,2026-05-19,49.0,39.89,True,9.62,True,True,20.14,-19.21,False,crossed,65.0,,,-10.16,False,-15.3,widening,True,0.0,-1.92,3640.0,3640.0,2026-04-21,0.0,True,2026-04-21,2026-01-23,,0.06,0.74,0.47,21.88,21.88,43.04,8.84,34.01,73.98
6035.T,アイ・アールジャパンホールディングス,2026-07-28,706.0,711.0,900.0,False,-21.0,1.45,0.98,,,,,2023-09-13,699.0,11.71,False,-8.77,False,True,6.07,-14.41,False,diverging,,-1.83,-1.68,,False,,,,,,,,,,,,2026-03-16,,0.3,0.64,0.31,11.62,20.45,21.61,-0.14,-11.75,8.78
4112.T,保土谷化学工業,2026-07-28,2025.0,2091.0,2647.0,False,-21.0,0.97,0.78,,,,,2026-05-14,52.0,38.41,False,-5.96,True,False,8.31,-13.64,False,diverging,,-7.66,-2.65,,True,,,,,,,,,,,,2026-06-08,,0.67,0.41,0.64,22.91,22.91,22.91,-11.22,-14.27,36.92
3224.T,ゼネラル・オイスター,2026-07-28,690.0,696.0,881.0,False,-21.0,2.04,1.77,,,,,2023-08-07,725.0,5.02,False,-6.7,True,False,13.79,-13.64,False,,,,,,,,,,,,,,,,,,,,0.7,0.93,0.17,10.16,18.54,23.9,-9.57,-17.76,3.45
5834.T,ＳＢＩリーシングサービス,2026-07-28,2754.0,2820.0,3570.0,False,-21.01,1.13,0.62,,,,,2026-02-09,113.0,28.69,True,1.5,True,True,10.39,-23.03,False,crossed,11.0,,,-0.75,False,1.49,narrowing,False,,-21.54,2672.0,3510.0,2026-02-04,-23.87,False,2026-07-10,2026-03-27,,0.39,0.45,0.03,19.44,37.78,37.78,1.59,-8.66,29.45
7033.T,マネジメントソリューションズ,2026-07-28,1386.0,1413.0,1789.0,False,-21.02,0.88,0.54,,,,,2025-05-20,291.0,-16.15,True,2.46,False,False,8.15,-14.46,False,crossed,27.0,,,-5.98,False,-5.7,narrowing,False,,-6.35,1404.0,1480.0,2026-02-27,-5.14,False,2026-06-18,2026-04-07,,0.12,0.01,0.41,8.4,15.14,31.41,4.84,1.61,-16.41
6566.T,要興業,2026-07-28,1290.0,1300.0,1646.0,False,-21.02,3.35,0.53,,,,,2025-10-23,184.0,9.69,False,-7.52,True,True,10.33,-17.33,False,imminent,,-1.45,,,False,,,,,,,,,,,,2026-04-10,,0.11,0.66,0.06,24.32,27.16,27.16,-12.66,-11.28,8.31
6248.T,横田製作所,2026-07-28,1802.0,1840.0,2330.0,False,-21.03,2.18,1.0,,,,,2026-04-20,66.0,17.39,True,2.15,True,True,5.52,-9.86,False,,,,,,,,,,,,,,,,,,,,0.19,0.14,0.41,13.5,17.79,17.79,-7.83,4.59,18.16
8585.T,オリエントコーポレーション,2026-07-28,911.0,926.0,1173.0,False,-21.06,0.66,0.7,,,,,2026-02-09,113.0,-8.9,False,-8.75,False,True,7.62,-16.43,False,,,,,,,,,,,,,,,,,,,,0.22,0.79,0.21,18.96,29.25,29.25,-9.98,-19.02,-8.9
4193.T,ファブリカホールディングス,2026-07-28,2346.0,2350.0,2977.0,False,-21.06,0.67,1.26,,,,,2025-02-19,350.0,16.48,True,10.61,True,True,4.15,-9.82,False,crossed,125.0,,,0.3,False,-8.44,narrowing,,,,2024.0,,,,False,2026-01-22,2025-10-15,6ヶ月,0.51,0.85,0.09,5.45,6.53,27.7,9.47,15.91,17.54
3156.T,レスター,2026-07-28,3670.0,3755.0,4760.0,False,-21.11,1.84,0.75,,,,,2026-06-19,26.0,40.61,True,18.02,True,False,14.37,-16.54,False,crossed,49.0,,,4.84,True,-8.06,narrowing,True,0.0,1.52,3615.0,3615.0,2026-05-19,0.0,False,2026-05-19,2026-04-01,,0.22,0.53,0.62,23.69,23.69,23.69,28.91,24.7,39.38
9119.T,飯野海運,2026-07-28,1508.0,1524.0,1932.0,False,-21.12,0.62,0.81,,,,,2026-04-08,74.0,42.0,True,0.83,True,False,8.09,-11.38,False,,,,,,,,,,,,,,,,,,,,0.3,0.31,0.58,17.4,27.4,27.4,-10.13,-2.77,42.53
8927.T,明豊エンタープライズ,2026-07-28,461.0,463.0,587.0,False,-21.12,0.66,1.4,,,,,2025-09-11,211.0,7.96,True,0.26,False,True,12.24,-8.44,False,crossed,1.0,,,,False,,,False,,-8.53,461.0,504.0,2026-04-14,-8.53,False,2026-07-27,2026-05-26,,0.07,0.01,0.09,15.73,17.06,30.55,-6.11,2.67,8.98
8945.T,サンネクスタグループ,2026-07-28,1094.0,1096.0,1390.0,False,-21.15,0.1,1.17,,,,,2026-02-09,113.0,8.86,False,-2.86,True,False,3.5,-6.78,False,,,,,,,,,,,,,,,,,,,,0.43,0.15,0.52,13.41,15.89,15.89,-9.59,-1.17,9.4
5269.T,日本コンクリート工業,2026-07-28,333.0,339.0,430.0,False,-21.16,0.67,1.11,,,,,2025-09-05,215.0,12.88,True,1.08,False,True,6.12,-12.78,False,crossed,30.0,,,-0.3,False,-4.08,widening,False,,-8.77,330.0,365.0,2026-02-10,-9.59,False,2026-06-15,2026-03-27,,0.57,0.08,0.02,5.09,15.07,19.06,5.38,-5.13,13.65
4264.T,セキュア,2026-07-28,1542.0,1568.0,1989.0,False,-21.17,0.53,0.34,,,,,2026-03-11,93.0,-1.03,False,-3.2,False,False,9.08,-12.88,False,,,,,,,,,,,,,,,,,,,,0.39,0.17,0.01,15.29,25.29,25.29,-6.03,1.78,0.98
4751.T,サイバーエージェント,2026-07-28,1512.5,1523.5,1933.0,False,-21.18,1.33,0.95,,,,,2025-08-19,228.0,1.68,True,8.28,False,True,8.6,-13.46,False,crossed,33.0,,,-2.43,True,2.66,narrowing,True,18.0,2.79,1397.5,1471.5,2026-01-23,-5.03,False,2026-06-10,2026-04-15,,0.59,0.08,0.46,10.87,16.55,32.8,19.47,4.6,2.44
6294.T,オカダアイヨン,2026-07-28,2003.0,2010.0,2551.0,False,-21.21,0.87,1.04,,,,,2026-02-13,110.0,5.7,False,-7.53,False,True,6.91,-13.94,False,imminent,,-2.81,,,False,,,,,,,,,,,,2026-04-01,,0.23,0.79,0.03,14.2,24.12,24.12,-9.24,-15.91,5.64
5619.T,マーソ,2026-07-28,868.0,895.0,1136.0,False,-21.21,9.41,0.28,,,,,,,-11.43,False,-2.72,False,False,4.45,-11.33,False,imminent,,-2.03,,,False,,,,,,,,,,,,2025-10-17,,0.33,0.63,0.85,11.04,14.69,30.34,2.12,-2.25,-10.61
4071.T,プラスアルファ・コンサルティング,2026-07-28,2312.0,2361.0,2997.0,False,-21.22,0.98,1.23,,,,,2026-07-08,13.0,5.72,False,-1.64,True,True,8.98,-13.51,False,crossed,52.0,,,2.02,False,-10.79,narrowing,True,7.0,-5.21,2323.0,2439.0,2026-01-09,-4.76,False,2026-05-14,2026-02-02,,0.19,0.52,0.01,25.3,25.3,25.3,8.9,-1.03,6.06
1827.T,ナカノフドー建設,2026-07-28,1281.0,1347.0,1710.0,False,-21.23,1.66,1.0,,,,,2026-02-13,110.0,75.72,True,4.45,True,True,13.56,-22.3,False,imminent,,-2.59,,,False,,,,,,,,,,,,2026-04-23,,0.16,0.2,0.7,25.85,32.44,32.44,-3.68,10.62,76.45
6061.T,ユニバーサル園芸社,2026-07-28,2745.0,2748.0,3490.0,False,-21.26,0.43,0.99,,,,,2025-12-26,140.0,2.43,False,-6.97,False,False,5.45,-11.28,False,,,,,,,,,,,,,,,,,,,,0.23,0.78,0.17,12.78,20.96,26.53,-4.42,-11.45,0.92
4771.T,エフアンドエム,2026-07-28,2364.0,2417.0,3070.0,False,-21.27,0.39,0.78,,,,,2025-10-27,182.0,-10.25,False,-1.59,False,False,7.38,-8.07,False,crossed,43.0,,,-1.49,False,-15.42,widening,False,,-8.62,2551.0,2587.0,2026-05-22,-1.39,False,2026-05-27,2025-11-13,,0.17,0.15,0.46,8.66,17.42,31.97,12.14,0.3,-7.58
7212.T,エフテック,2026-07-28,667.0,681.0,865.0,False,-21.27,0.71,0.51,,,,,2026-01-16,129.0,-0.89,False,-10.2,False,True,8.36,-18.19,False,,,,,,,,,,,,,,,,,,,,0.17,0.7,0.21,18.97,27.9,28.9,-11.54,-19.44,-0.74
7231.T,トピー工業,2026-07-28,2882.0,2920.0,3710.0,False,-21.29,0.67,0.68,,,,,2026-03-02,100.0,17.83,False,-3.75,False,True,9.19,-20.22,False,imminent,,-0.57,,,False,,,,,,,,,,,,2026-04-02,,0.0,0.65,0.01,11.85,28.11,28.11,-0.59,-12.53,16.59
9414.T,日本ＢＳ放送,2026-07-28,920.0,920.0,1169.0,False,-21.3,0.56,1.13,,,,,2025-10-09,193.0,0.88,False,-2.7,False,True,6.03,-9.26,False,imminent,,-0.1,,,False,,,,,,,,,,,,2026-02-10,,0.05,0.67,0.27,2.61,9.49,21.88,0.77,-3.77,0.77
8737.T,あかつき本社,2026-07-28,601.0,606.0,770.0,False,-21.3,1.18,0.82,,,,,2026-02-27,101.0,18.31,False,-1.47,True,True,9.43,-17.01,False,imminent,,-2.98,,,False,,,,,,,,,,,,2026-04-28,,0.27,0.43,0.38,10.58,24.29,24.29,-7.11,-3.69,19.25
1929.T,日特建設,2026-07-28,1138.0,1153.0,1465.0,False,-21.3,0.52,1.18,,,,,2026-02-27,101.0,-1.64,False,-7.64,False,True,6.86,-15.58,False,imminent,,-2.13,,,False,,,,,,,,,,,,2026-03-30,,0.2,0.82,0.15,10.29,26.11,26.11,-3.15,-16.45,-0.78
7822.T,永大産業,2026-07-28,238.0,240.0,305.0,False,-21.31,0.77,1.36,,,,,2025-08-13,232.0,4.39,True,0.63,False,False,7.2,-11.2,False,crossed,28.0,,,-3.66,False,-7.86,widening,False,,-8.46,246.0,260.0,2026-03-02,-5.38,False,2026-06-17,2026-04-10,,0.43,0.07,0.04,4.07,13.46,19.06,3.03,-1.65,-0.42
9531.T,東京瓦斯,2026-07-28,6229.0,6268.0,7967.0,False,-21.33,0.55,0.91,,,,,2026-03-05,97.0,28.86,False,-3.83,True,False,8.67,-10.07,False,,,,,,,,,,,,,,,,,,,,0.72,0.7,0.37,14.88,24.88,24.88,-3.49,-7.11,26.89
2932.T,ＳＴＩフードホールディングス,2026-07-28,1109.0,1120.0,1424.0,False,-21.35,1.76,0.67,,,,,2024-10-16,433.0,-15.21,False,-7.96,False,True,4.32,-9.89,False,imminent,,-1.33,,,False,,,,,,,,,,,,2026-03-11,,0.0,0.79,0.72,12.75,22.67,28.9,-3.82,-14.3,-15.6
6049.T,イトクロ,2026-07-28,242.0,243.0,309.0,False,-21.36,2.46,0.12,,,,,2025-06-11,275.0,-14.79,False,-8.07,False,False,4.01,-8.0,False,diverging,,-4.71,-1.5,,True,,,,,,,,,,,,2026-06-09,,0.8,0.05,0.68,13.93,14.54,20.2,-12.32,-8.68,-14.49
1833.T,奥村組,2026-07-28,5830.0,5890.0,7490.0,False,-21.36,0.94,1.02,,,,,2026-02-12,111.0,31.6,False,-2.43,True,True,10.34,-13.54,False,imminent,,-2.26,,,False,,,,,,,,,,,,2026-04-07,,0.2,0.78,0.37,13.61,26.22,26.22,-2.83,-11.93,32.8
4444.T,インフォネット,2026-07-28,911.0,920.0,1170.0,False,-21.37,0.49,1.44,,,,,2023-06-21,757.0,-12.66,True,2.08,False,True,4.54,-7.12,False,crossed,7.0,,,0.76,False,-1.57,widening,False,,-2.57,916.0,935.0,2026-02-16,-2.03,False,2026-07-16,2026-04-03,,0.38,0.22,0.68,8.97,16.47,32.5,6.43,-0.98,-12.4
505A.T,ギークリー,2026-07-28,1333.0,1383.0,1760.0,False,-21.42,0.66,2.32,,,,,,,,,,,True,,,False,,,,,,,,,,,,,,,,,,,,0.09,,,17.53,,,4.8,,
1820.T,西松建設,2026-07-28,5361.0,5414.0,6891.0,False,-21.43,0.69,0.98,,,,,2026-02-27,101.0,8.76,False,-5.45,True,False,8.26,-16.77,False,,,,,,,,,,,,,,,,,,,,0.48,0.7,0.13,11.55,24.33,24.33,-5.83,-10.61,9.36
2930.T,北の達人コーポレーション,2026-07-28,119.0,121.0,154.0,False,-21.43,0.34,1.24,,,,,2023-03-08,828.0,-21.19,False,-9.49,False,True,5.54,-10.29,False,imminent,,-2.94,,,False,,,,,,,,,,,,2026-03-09,,0.33,0.56,0.72,15.04,22.07,25.66,-9.16,-17.36,-21.71
7911.T,ＴＯＰＰＡＮホールディングス,2026-07-28,4392.0,4657.0,5928.0,False,-21.44,1.32,0.7,,,,,2026-03-03,99.0,12.1,False,-4.58,True,True,14.8,-23.49,False,crossed,16.0,,,-2.11,False,-19.67,widening,False,,-24.57,5313.0,5823.0,2026-03-02,-8.76,False,2026-07-03,2026-04-07,,0.02,0.0,0.5,28.47,31.87,31.87,-4.15,-9.65,14.17
3036.T,アルコニックス,2026-07-28,2521.0,2600.0,3310.0,False,-21.45,1.09,0.8,,,,,2026-03-03,99.0,25.11,False,-0.64,True,True,9.85,-20.18,False,imminent,,-0.51,,,False,,,,,,,,,,,,2026-04-08,,0.02,0.61,0.39,16.72,30.73,30.73,1.82,-10.76,26.37
6748.T,星和電機,2026-07-28,727.0,754.0,960.0,False,-21.46,0.52,0.54,,,,,2026-01-09,133.0,22.8,False,-6.87,True,True,6.71,-12.7,False,imminent,,-1.83,,,False,,,,,,,,,,,,2026-03-12,,0.19,0.7,0.05,15.71,27.31,28.09,-1.49,-17.48,21.78
2993.T,長栄,2026-07-28,2145.0,2159.0,2749.0,False,-21.46,0.33,0.4,,,,,2026-02-19,106.0,5.93,False,-6.55,False,True,6.26,-13.03,False,imminent,,-2.9,,,False,,,,,,,,,,,,2026-04-23,,0.26,0.64,0.07,16.14,23.24,23.24,-11.0,-9.46,5.87
3967.T,エルテス,2026-07-28,571.0,596.0,759.0,False,-21.48,3.71,0.73,,,,,2023-07-03,749.0,-22.73,False,-6.88,False,True,3.62,-7.38,False,imminent,,-1.66,,,False,,,,,,,,,,,,2026-03-12,,0.24,0.6,0.81,11.44,19.47,27.25,-1.89,-12.82,-18.31
6268.T,ナブテスコ,2026-07-28,4488.0,4800.0,6113.0,False,-21.48,0.91,0.97,,,,,2026-05-14,52.0,68.72,True,1.35,True,False,16.68,-24.41,False,,,,,,,,,,,,,,,,,,,,0.08,0.45,0.88,22.89,24.41,24.41,-4.27,7.37,68.34
4966.T,上村工業,2026-07-28,21560.0,22320.0,28430.0,False,-21.49,1.31,1.39,,,,,2026-06-22,25.0,126.95,True,10.73,True,True,13.62,-21.43,False,,,,,,,,,,,,,,,,,,,,0.06,0.65,0.95,23.14,23.14,23.14,-7.55,23.55,126.95
6547.T,グリーンズ,2026-07-28,2153.0,2176.0,2772.0,False,-21.5,0.69,0.53,,,,,2025-09-09,213.0,6.95,False,-2.32,False,True,14.29,-19.39,False,crossed,1.0,,,,True,,,False,,-9.92,2165.0,2390.0,2026-01-06,-9.41,False,2026-07-27,2026-06-03,,0.05,0.08,0.26,17.74,19.56,29.4,-7.99,-1.51,7.65
3844.T,コムチュア,2026-07-28,1418.0,1420.0,1809.0,False,-21.5,1.43,0.8,,,,,2024-10-31,422.0,-16.74,False,-5.13,False,True,5.21,-7.53,False,imminent,,-0.56,,,False,,,,,,,,,,,,2026-02-16,,0.0,0.68,0.79,10.67,29.13,30.84,4.73,-17.56,-16.59
3926.T,オープンドア,2026-07-28,405.0,412.0,525.0,False,-21.52,0.44,0.68,,,,,2021-11-08,1153.0,-20.28,True,23.34,False,True,16.05,-19.02,False,crossed,10.0,,,15.94,False,15.96,widening,True,5.0,1.5,345.0,399.0,2026-02-18,-13.53,False,2026-07-13,2026-04-16,,0.38,0.03,0.54,27.56,43.36,56.12,29.81,17.05,-19.16
4661.T,オリエンタルランド,2026-07-28,2906.0,2915.0,3715.0,False,-21.53,1.1,1.07,,,,,2024-01-17,617.0,-3.65,True,5.36,False,True,10.28,-18.94,False,crossed,10.0,,,3.21,False,8.23,widening,False,,-0.72,2650.0,2927.0,2026-01-07,-9.46,False,2026-07-13,2025-11-10,,0.71,0.25,0.73,12.69,25.11,42.79,21.08,4.4,-3.0
4735.T,京進,2026-07-28,303.0,306.0,390.0,False,-21.54,0.47,2.52,,,,,2024-07-11,497.0,-2.26,False,-1.95,False,False,5.41,-7.9,False,diverging,,-2.98,-0.73,,True,,,,,,,,,,,,2026-06-08,,0.45,0.04,0.11,12.13,23.45,23.45,-5.9,-5.02,-1.3
7294.T,ヨロズ,2026-07-28,890.0,894.0,1140.0,False,-21.58,0.68,0.6,,,,,2024-12-18,389.0,-3.47,False,-5.13,False,True,7.68,-18.23,False,imminent,,-0.69,,,False,,,,,,,,,,,,2026-03-24,,0.01,0.69,0.26,9.1,27.71,27.71,4.34,-17.82,-3.16
7908.T,きもと,2026-07-28,233.0,236.0,301.0,False,-21.59,0.92,0.56,,,,,2024-11-05,420.0,2.64,False,-8.44,False,True,8.12,-13.0,False,imminent,,-2.09,,,False,,,,,,,,,,,,2026-04-16,,0.02,0.6,0.05,16.85,26.0,26.0,-12.73,-17.08,3.1
9206.T,スターフライヤー,2026-07-28,1926.0,1945.0,2481.0,False,-21.6,1.28,0.67,,,,,2023-07-31,730.0,-12.18,False,-5.83,False,False,3.85,-8.37,False,,,,,,,,,,,,,,,,,,,,0.11,0.71,0.77,3.4,13.55,22.91,1.32,-11.2,-11.93
7804.T,ビーアンドピー,2026-07-28,2266.0,2266.0,2891.0,False,-21.62,1.1,0.77,,,,,2025-09-09,213.0,-1.65,False,-6.03,False,True,7.13,-12.77,False,imminent,,-0.68,,,False,,,,,,,,,,,,2026-03-24,,0.02,0.66,0.38,11.9,20.83,27.29,-5.03,-10.33,-0.66
2926.T,篠崎屋,2026-07-28,115.0,116.0,148.0,False,-21.62,0.62,1.42,,,,,2025-07-09,255.0,-2.54,True,15.12,False,True,7.89,-9.92,False,crossed,10.0,,,0.93,True,6.05,widening,True,0.0,7.48,107.0,107.0,2026-07-13,0.0,False,2026-07-13,2026-06-24,,0.29,0.39,0.24,7.77,7.92,34.78,13.86,17.35,2.68
9051.T,センコン物流,2026-07-28,1363.0,1363.0,1739.0,False,-21.62,0.42,1.11,,,,,2025-08-28,221.0,10.72,False,-0.59,False,True,11.07,-19.63,False,crossed,16.0,,,-2.82,False,-1.22,widening,False,,-9.85,1348.0,1512.0,2026-02-13,-10.85,False,2026-07-03,2026-03-16,,0.0,0.4,0.05,8.59,22.42,27.55,5.82,-8.46,10.72
3445.T,ＲＳ　Ｔｅｃｈｎｏｌｏｇｉｅｓ,2026-07-28,6350.0,6780.0,8650.0,False,-21.62,1.25,1.6,,,,,2026-07-08,13.0,116.28,True,31.3,True,True,21.8,-13.87,False,,,,,,,,,,,,,,,,,,,,0.24,0.81,0.73,25.8,25.8,25.8,27.0,62.2,112.37
5726.T,大阪チタニウムテクノロジーズ,2026-07-28,2628.0,2692.0,3435.0,False,-21.63,0.94,0.79,,,,,2026-03-03,99.0,73.12,True,5.19,True,False,22.41,-19.71,False,crossed,24.0,,,0.33,True,-6.87,widening,False,,-22.13,2711.0,3375.0,2026-03-02,-19.67,True,2026-06-23,2026-05-19,,0.12,0.01,0.39,17.31,34.49,38.05,-0.87,14.56,70.87
8181.T,東天紅,2026-07-28,1008.0,1010.0,1289.0,False,-21.64,0.98,0.65,,,,,2025-10-09,193.0,10.89,False,-6.02,False,True,7.73,-7.9,False,crossed,15.0,,,0.78,False,-4.33,widening,False,,-12.12,1030.0,1147.0,2026-01-26,-10.2,False,2026-07-06,2025-12-23,,0.15,0.37,0.02,7.38,15.69,21.38,-1.37,-10.08,11.75
3892.T,岡山製紙,2026-07-28,1618.0,1626.0,2075.0,False,-21.64,1.04,0.74,,,,,2026-01-09,133.0,7.87,False,-3.98,True,False,9.49,-19.8,False,diverging,,-3.24,-0.04,,True,,,,,,,,,,,,2026-06-30,,0.37,0.32,0.47,12.07,19.8,19.8,-4.2,-8.02,12.44
558A.T,ＳＱＵＥＥＺＥ,2026-07-28,4470.0,4600.0,5870.0,False,-21.64,0.52,0.52,,,,,,,,,,,False,,,False,,,,,,,,,,,,,,,,,,,,0.3,,,23.62,,,37.75,,
4231.T,タイガースポリマー,2026-07-28,994.0,1013.0,1293.0,False,-21.66,0.67,0.98,,,,,2026-02-27,101.0,22.11,False,-1.16,True,True,13.38,-23.74,False,crossed,9.0,,,-1.72,False,-6.27,widening,False,,-23.12,1046.0,1293.0,2026-02-27,-19.1,False,2026-07-14,2026-04-14,,0.33,0.19,0.16,8.33,27.61,27.61,1.95,0.61,21.66
6266.T,タツモ,2026-07-28,4025.0,4300.0,5490.0,False,-21.68,1.42,1.24,,,,,2026-07-13,10.0,81.72,True,37.74,True,True,18.63,-18.99,False,crossed,60.0,,,21.65,True,33.38,narrowing,True,2.0,37.23,2762.0,2933.0,2026-01-22,-5.83,False,2026-04-28,2026-04-01,,0.76,0.77,0.63,25.05,28.88,28.88,48.63,37.23,77.94
7256.T,河西工業,2026-07-28,404.0,415.0,530.0,False,-21.7,0.56,0.33,,,,,2026-05-15,51.0,320.83,True,58.16,True,True,34.75,-20.06,False,,,,,,,,,,,,,,,,,,,,0.03,0.68,0.88,37.55,37.55,37.55,-11.21,158.97,320.83
6044.T,三機サービス,2026-07-28,1912.0,1917.0,2449.0,False,-21.72,1.52,3.05,,,,,2025-11-20,165.0,66.26,True,4.11,False,True,10.94,-19.76,False,crossed,5.0,,,1.32,False,0.57,,False,,-10.57,1887.0,2138.0,2026-01-14,-11.74,True,2026-07-21,2025-12-29,,0.11,0.1,0.05,17.46,20.68,39.1,15.74,4.25,60.67
6143.T,ソディック,2026-07-28,1579.0,1672.0,2136.0,False,-21.72,1.31,0.82,,,,,2026-06-18,27.0,55.87,True,17.64,True,False,18.77,-20.32,False,,,,,,,,,,,,,,,,,,,,0.14,0.76,0.87,24.38,24.38,24.38,7.78,46.88,56.49
6305.T,日立建機,2026-07-28,5432.0,5653.0,7225.0,False,-21.76,0.88,0.9,,,,,2026-02-27,101.0,22.65,True,3.33,True,True,14.67,-24.99,False,,,,,,,,,,,,,,,,,,,,0.0,0.29,0.38,13.51,30.1,30.1,-0.2,4.46,24.44
9511.T,沖縄電力,2026-07-28,932.0,945.0,1208.0,False,-21.77,0.68,0.82,,,,,2026-02-13,110.0,1.41,False,-9.29,False,True,6.24,-11.43,False,,,,,,,,,,,,,,,,,,,,0.23,0.83,0.1,14.4,27.41,27.41,-8.0,-17.81,1.08
9778.T,昴,2026-07-28,5780.0,5780.0,7390.0,False,-21.79,0.25,1.43,,,,,2025-01-30,363.0,-21.47,False,-4.27,False,True,3.4,-8.7,False,crossed,9.0,,,-1.4,False,-0.42,narrowing,False,,-13.6,5730.0,6690.0,2026-01-26,-14.35,False,2026-07-14,2025-03-28,,0.31,0.37,0.87,4.31,19.28,26.73,4.14,-13.34,-21.36
8089.T,ナイス,2026-07-28,1898.0,1919.0,2454.0,False,-21.8,1.29,1.7,,,,,2026-03-23,86.0,11.32,False,-2.07,False,True,6.15,-7.2,False,imminent,,-0.88,,,False,,,,,,,,,,,,2026-04-27,,0.0,0.42,0.1,6.88,23.13,23.13,-2.62,-5.19,11.58
9558.T,ジャパニアス,2026-07-28,1938.0,1954.0,2499.0,False,-21.81,0.5,2.09,,,,,2025-11-25,163.0,-10.03,False,-10.11,False,False,4.77,-8.31,False,,,,,,,,,,,,,,,,,,,,0.66,0.61,0.55,14.92,16.0,24.75,-10.73,-11.71,-9.1
3710.T,ジョルダン,2026-07-28,620.0,620.0,793.0,False,-21.82,0.53,0.87,,,,,2026-04-08,74.0,7.45,True,2.7,True,True,2.65,-4.54,True,imminent,,-0.96,,,False,,,,,,,,,,,,2026-05-27,,0.15,0.04,0.27,8.98,22.42,22.42,-2.36,5.08,7.45
3299.T,ムゲンエステート,2026-07-28,1984.0,2034.0,2602.0,False,-21.83,0.49,0.81,,,,,2026-02-27,101.0,2.85,False,-2.91,False,True,12.22,-21.09,False,imminent,,-2.81,,,False,,,,,,,,,,,,2026-05-07,,0.05,0.46,0.01,27.26,36.64,36.64,-11.23,0.1,2.59
6926.T,岡谷電機産業,2026-07-28,186.0,186.0,238.0,False,-21.85,0.46,0.28,,,,,2026-06-01,40.0,-11.85,False,-5.03,False,False,9.89,-21.43,False,imminent,,-2.43,,,False,,,,,,,,,,,,2026-04-14,,0.13,0.35,0.59,23.95,23.95,23.95,-2.11,-6.06,-12.26
255A.T,ジーエルテクノホールディングス,2026-07-28,5360.0,5580.0,7140.0,False,-21.85,1.61,1.01,,,,,2026-05-29,41.0,84.64,True,28.57,True,False,23.14,-22.13,False,,,,,,,,,,,,,,,,,,,,0.0,0.74,0.72,23.77,23.77,23.77,5.1,57.42,82.94
256A.T,飛島ホールディングス,2026-07-28,2064.0,2097.0,2684.0,False,-21.87,0.96,0.87,,,,,2026-02-12,111.0,11.09,False,-5.69,False,True,7.73,-19.54,False,crossed,6.0,,,5.07,False,2.68,narrowing,False,,-22.7,1993.0,2670.0,2026-02-10,-25.36,False,2026-07-17,2026-03-23,,0.11,0.7,0.01,11.61,29.25,29.25,3.93,-19.88,10.49
9759.T,ＮＳＤ,2026-07-28,2849.0,2867.5,3670.0,False,-21.87,1.19,0.93,,,,,2025-09-29,201.0,-18.46,False,-5.46,False,True,7.89,-12.07,False,imminent,,-0.66,,,False,,,,,,,,,,,,2026-01-26,,0.0,0.64,0.76,12.87,29.94,34.49,4.3,-15.56,-17.8
3196.T,ホットランドホールディングス,2026-07-28,1665.0,1674.0,2143.0,False,-21.89,1.02,0.85,,,,,2024-06-03,525.0,-17.37,False,-11.13,False,False,7.36,-22.35,False,imminent,,-1.67,,,False,,,,,,,,,,,,2026-04-16,,0.08,0.7,0.66,5.01,24.06,27.15,1.77,-14.35,-16.16
3452.T,ビーロット,2026-07-28,1464.0,1497.0,1917.0,False,-21.91,0.91,0.8,,,,,2025-09-29,201.0,2.45,False,-4.08,False,True,10.09,-15.84,False,crossed,11.0,,,-4.47,False,-3.98,widening,False,,-11.17,1500.0,1648.0,2026-02-27,-8.98,False,2026-07-10,2026-03-30,,0.28,0.33,0.4,7.93,18.26,29.62,0.83,-2.53,2.66
5915.T,駒井ハルテック,2026-07-28,2210.0,2260.0,2894.0,False,-21.91,0.27,0.64,,,,,2026-04-24,62.0,42.49,True,5.51,True,True,13.7,-14.75,False,diverging,,-4.05,-1.72,,True,,,,,,,,,,,,2026-06-15,,0.28,0.16,0.79,25.78,26.33,26.33,-22.05,11.11,42.95
7902.T,ソノコム,2026-07-28,1104.0,1104.0,1414.0,False,-21.92,1.07,0.47,,,,,2026-05-11,55.0,21.45,True,6.55,True,True,8.3,-15.53,False,imminent,,-2.19,,,True,,,,,,,,,,,,2026-06-12,,0.2,0.01,0.61,28.27,28.27,28.27,-3.16,5.24,23.35
6702.T,富士通,2026-07-28,3638.0,3645.0,4668.0,False,-21.92,1.86,0.91,,,,,2026-01-15,130.0,13.44,False,-2.22,False,False,9.16,-16.23,False,imminent,,-2.3,,,False,,,,,,,,,,,,2026-02-19,,0.03,0.42,0.09,19.61,30.27,33.67,-1.57,-16.08,13.94
1828.T,田辺工業,2026-07-28,2286.0,2325.0,2978.0,False,-21.93,0.71,0.59,,,,,2026-02-09,113.0,-5.07,False,-8.73,False,True,8.0,-16.28,False,crossed,6.0,,,-1.87,False,-3.98,widening,False,,-22.4,2359.0,2946.0,2026-03-02,-19.93,False,2026-07-17,2026-04-02,,0.02,0.68,0.01,16.12,25.12,25.12,-8.27,-14.83,-5.42
6508.T,明電舎,2026-07-28,8490.0,8900.0,11400.0,False,-21.93,0.97,0.7,,,,,2026-05-27,43.0,66.14,True,12.33,True,False,11.86,-13.1,False,,,,,,,,,,,,,,,,,,,,0.04,0.67,0.77,23.69,23.69,25.85,4.56,39.41,61.41
7277.T,ＴＢＫ,2026-07-28,329.0,331.0,424.0,False,-21.93,0.3,0.22,,,,,2026-02-26,102.0,6.82,False,-6.63,False,True,6.54,-13.41,False,,,,,,,,,,,,,,,,,,,,0.38,0.76,0.04,16.3,25.42,25.42,-9.86,-13.19,6.13
5753.T,日本伸銅,2026-07-28,2404.0,2420.0,3100.0,False,-21.94,0.2,0.55,,,,,2026-03-04,98.0,18.13,False,-0.44,True,True,8.95,-15.78,False,imminent,,-2.61,,,False,,,,,,,,,,,,2026-04-24,,0.23,0.41,0.28,20.32,26.41,26.41,-4.98,-2.24,17.79
6632.T,ＪＶＣケンウッド,2026-07-28,1119.5,1137.0,1456.5,False,-21.94,0.47,0.65,,,,,2025-01-30,363.0,-1.02,False,-6.09,False,False,7.07,-16.07,False,imminent,,-2.58,,,False,,,,,,,,,,,,2026-03-24,,0.04,0.5,0.12,14.38,19.58,24.85,-5.13,-13.85,-0.62
456A.T,ＨＵＭＡＮ　ＭＡＤＥ,2026-07-28,1387.0,1421.0,1821.0,False,-21.97,0.51,0.61,,,,,,,,,,,False,22.35,-16.1,False,,,,,,,,,,,,,,,,,,,,0.19,0.75,,23.86,23.86,,11.97,35.48,
4755.T,楽天グループ,2026-07-28,823.0,833.5,1068.5,False,-21.99,0.71,1.0,,,,,2025-11-11,172.0,4.14,False,-4.39,False,True,9.02,-12.68,False,crossed,1.0,,,,False,,,False,,-18.51,815.0,1010.0,2026-01-13,-19.31,False,2026-07-27,2026-02-04,,0.07,0.36,0.32,13.27,30.45,34.64,6.15,-12.6,3.52
2307.T,クロスキャット,2026-07-28,989.0,1004.0,1287.0,False,-21.99,0.68,0.88,,,,,2024-03-07,583.0,-1.69,False,-1.96,False,True,4.91,-10.44,False,crossed,11.0,,,-1.28,False,-4.14,widening,False,,-9.35,1015.0,1091.0,2026-01-15,-6.97,False,2026-07-10,2026-02-05,,0.42,0.27,0.66,7.4,14.92,26.69,3.02,-5.99,-1.1
1815.T,鉄建建設,2026-07-28,4445.0,4555.0,5840.0,False,-22.0,1.28,1.27,,,,,2026-02-12,111.0,45.5,False,-0.51,True,True,6.83,-9.82,False,imminent,,-2.89,,,True,,,,,,,,,,,,2026-06-03,,0.34,0.38,0.63,16.47,26.96,26.96,-7.59,-13.52,47.67
7372.T,デコルテ・ホールディングス,2026-07-28,383.0,383.0,491.0,False,-22.0,0.32,0.78,,,,,2025-10-20,187.0,20.82,False,-4.69,False,True,10.28,-11.04,False,crossed,8.0,,,-1.8,True,-2.45,narrowing,False,,-10.93,388.0,430.0,2026-02-05,-9.77,False,2026-07-15,2026-06-24,,0.2,0.23,0.22,10.3,19.07,28.83,6.39,-8.37,19.69
6310.T,井関農機,2026-07-28,1845.0,1940.0,2488.0,False,-22.03,0.95,0.71,,,,,2025-09-09,213.0,27.51,False,-1.51,False,True,17.6,-28.1,False,crossed,40.0,,,-3.7,False,-3.68,widening,False,,-13.58,1782.0,2135.0,2026-02-27,-16.53,False,2026-06-01,2026-03-23,,0.2,0.0,0.06,14.74,29.13,38.14,12.98,0.49,31.22
4507.T,塩野義製薬,2026-07-28,2917.5,2930.0,3758.0,False,-22.03,0.44,0.92,,,,,2026-04-08,74.0,17.29,False,-2.09,True,True,7.44,-8.62,False,,,,,,,,,,,,,,,,,,,,0.51,0.67,0.33,15.23,25.81,25.81,-6.19,-3.55,17.19
1969.T,高砂熱学工業,2026-07-28,4364.0,4481.0,5749.0,False,-22.06,0.99,0.67,,,,,2026-02-13,110.0,20.22,False,-5.36,True,True,11.86,-18.11,False,crossed,24.0,,,3.08,False,-15.29,widening,False,,-23.21,4930.0,5683.0,2026-02-12,-13.25,False,2026-06-23,2026-04-03,,0.14,0.02,0.38,15.85,26.75,26.75,-0.23,-5.99,20.12
6223.T,西部技研,2026-07-28,1972.0,2065.0,2650.0,False,-22.08,1.74,0.76,,,,,2026-02-25,103.0,27.55,False,-1.12,True,False,15.48,-18.44,False,,,,,,,,,,,,,,,,,,,,0.12,0.08,0.72,20.23,23.09,23.09,-5.6,13.14,28.64
5254.T,Ａｒｅｎｔ,2026-07-28,4280.0,4480.0,5750.0,False,-22.09,0.79,0.67,,,,,2024-09-19,450.0,-10.65,True,12.34,False,True,14.06,-25.21,False,crossed,2.0,,,,False,,,False,,-6.35,4150.0,4570.0,2026-03-06,-9.19,True,2026-07-24,2026-05-22,,0.01,0.01,0.1,27.27,29.98,52.42,1.18,14.9,-9.32
4063.T,信越化学工業,2026-07-28,5877.0,6176.0,7930.0,False,-22.12,1.65,1.09,,,,,2026-06-01,40.0,26.2,False,-1.58,True,False,9.9,-16.14,False,,,,,,,,,,,,,,,,,,,,0.07,0.66,0.86,24.71,24.71,24.71,-13.16,4.0,26.74
286A.T,ユカリア,2026-07-28,802.0,813.0,1044.0,False,-22.13,1.12,0.62,,,,,,,-16.02,False,-4.8,False,True,10.27,-22.64,False,imminent,,-2.29,,,False,,,,,,,,,,,,2026-05-20,,0.02,0.4,0.54,30.37,34.15,39.79,-9.79,-5.2,-13.76
6728.T,アルバック,2026-07-28,8386.0,8889.0,11420.0,False,-22.16,0.93,0.86,,,,,2026-05-12,54.0,56.37,False,-2.05,True,True,14.52,-22.21,False,crossed,14.0,,,3.76,True,-13.94,widening,False,,-25.92,9519.0,11320.0,2026-05-12,-15.91,True,2026-07-07,2026-06-09,,0.0,0.07,0.83,27.8,27.8,27.8,-14.19,-0.63,55.53
6637.T,寺崎電気産業,2026-07-28,4040.0,4180.0,5370.0,False,-22.16,1.11,1.21,,,,,2025-10-29,180.0,14.77,False,-1.38,True,True,14.91,-16.92,False,imminent,,-0.44,,,False,,,,,,,,,,,,2026-02-06,,0.0,0.53,0.07,19.83,32.75,34.11,1.76,-9.42,13.01
8928.T,穴吹興産,2026-07-28,2252.0,2268.0,2914.0,False,-22.17,0.34,0.52,,,,,2026-02-27,101.0,11.54,False,-5.16,True,False,9.27,-12.08,False,,,,,,,,,,,,,,,,,,,,0.86,0.28,0.45,13.69,23.86,23.86,-11.27,-1.53,11.32
6338.T,タカトリ,2026-07-28,1473.0,1537.0,1975.0,False,-22.18,1.06,0.49,,,,,2026-06-23,24.0,-8.4,False,-5.72,True,False,14.32,-21.52,False,diverging,,-2.4,-0.12,,True,,,,,,,,,,,,2026-07-09,,0.13,0.05,0.08,23.88,23.88,31.28,-11.0,-7.59,-6.71
7715.T,長野計器,2026-07-28,3530.0,3770.0,4845.0,False,-22.19,0.53,0.61,,,,,2026-06-23,24.0,82.15,True,19.54,True,True,15.15,-21.9,False,,,,,,,,,,,,,,,,,,,,0.51,0.69,0.9,25.45,25.45,25.45,17.75,30.26,80.29
429A.T,テクセンドフォトマスク,2026-07-28,3760.0,4115.0,5290.0,False,-22.21,1.29,1.17,,,,,,,,,,,True,16.62,-13.16,False,,,,,,,,,,,,,,,,,,,,0.04,0.64,,31.5,31.5,,-5.53,21.88,
9271.T,和心,2026-07-28,988.0,1012.0,1301.0,False,-22.21,0.87,0.57,,,,,2026-02-17,108.0,120.54,True,4.09,True,True,24.2,-29.98,False,crossed,6.0,,,3.92,True,0.97,narrowing,False,,-22.2,970.0,1270.0,2026-02-27,-23.62,False,2026-07-17,2026-06-30,,0.12,0.06,0.4,22.9,33.78,34.7,14.09,6.01,122.52
9697.T,カプコン,2026-07-28,3602.0,3602.0,4631.0,False,-22.22,1.03,0.78,,,,,2025-07-01,261.0,-15.19,True,2.72,False,True,7.99,-8.71,False,crossed,0.0,,,,False,,,False,,-8.49,3602.0,3936.0,2026-01-30,-8.49,False,2026-07-28,2026-05-25,,0.0,0.19,0.75,20.39,29.19,38.44,5.26,4.04,-15.45
8185.T,チヨダ,2026-07-28,1006.0,1014.0,1304.0,False,-22.24,1.06,1.52,,,,,2024-12-04,399.0,-16.17,False,-2.1,False,True,6.69,-18.39,False,crossed,7.0,,,-0.3,False,0.29,narrowing,False,,-10.89,993.0,1129.0,2026-02-12,-12.05,False,2026-07-16,2026-03-23,,0.63,0.63,0.57,4.61,17.54,27.83,4.79,-9.78,-15.11
5283.T,高見澤,2026-07-28,2951.0,2951.0,3795.0,False,-22.24,0.08,0.13,,,,,2026-02-27,101.0,-5.11,False,-11.53,False,False,8.17,-19.0,False,,,,,,,,,,,,,,,,,,,,0.77,0.8,0.17,12.92,23.38,23.38,-10.71,-13.21,-5.11
6925.T,ウシオ電機,2026-07-28,3809.0,4014.0,5164.0,False,-22.27,0.63,1.01,,,,,2026-07-01,18.0,114.11,True,21.09,True,True,12.91,-15.13,False,,,,,,,,,,,,,,,,,,,,0.4,0.81,0.92,21.11,21.11,21.11,18.29,31.96,113.33
4386.T,ＳＩＧグループ,2026-07-28,843.0,844.0,1086.0,False,-22.28,0.76,0.49,,,,,2026-02-04,116.0,11.21,False,-4.16,True,True,6.72,-11.41,False,imminent,,-1.28,,,False,,,,,,,,,,,,2026-04-06,,0.11,0.8,0.16,10.88,19.7,19.7,0.36,-11.73,13.31
3793.T,ドリコム,2026-07-28,438.0,446.0,574.0,False,-22.3,1.69,0.8,,,,,2024-02-29,588.0,-19.19,True,4.01,False,True,7.81,-10.31,False,imminent,,-0.49,,,True,,,,,,,,,,,,2026-06-23,,0.02,0.02,0.6,16.95,16.95,33.86,7.35,4.53,-18.13
8841.T,テーオーシー,2026-07-28,905.0,920.0,1184.0,False,-22.3,0.7,0.68,,,,,2026-05-07,57.0,28.37,True,0.67,True,False,11.43,-11.68,False,diverging,,-4.25,-0.12,,True,,,,,,,,,,,,2026-07-03,,0.68,0.3,0.69,23.66,23.66,23.66,-11.79,4.02,28.92
4616.T,川上塗料,2026-07-28,2002.0,2020.0,2600.0,False,-22.31,0.65,1.66,,,,,2025-11-26,162.0,21.11,True,1.58,False,True,7.28,-12.39,False,crossed,8.0,,,-4.84,False,-4.21,narrowing,True,0.0,-3.05,2065.0,2065.0,2026-07-15,0.0,False,2026-07-15,2025-12-17,,0.37,0.13,0.16,6.79,12.72,30.22,8.51,2.14,12.47
6625.T,ＪＡＬＣＯホールディングス,2026-07-28,344.0,348.0,448.0,False,-22.32,1.43,0.71,,,,,2025-09-29,201.0,10.26,False,-8.46,False,True,13.33,-18.72,False,,,,,,,,,,,,,,,,,,,,0.1,0.72,0.0,18.56,26.0,28.67,-11.34,-15.06,12.79
6363.T,酉島製作所,2026-07-28,2717.0,2823.0,3635.0,False,-22.34,0.74,0.71,,,,,2026-04-08,74.0,29.44,True,7.76,True,True,10.31,-15.68,False,,,,,,,,,,,,,,,,,,,,0.1,0.24,0.64,26.39,26.6,26.6,-12.78,24.98,30.25
6361.T,荏原製作所,2026-07-28,5128.0,5350.0,6890.0,False,-22.35,0.83,1.0,,,,,2026-06-19,26.0,85.6,True,5.08,True,True,16.5,-23.24,False,crossed,56.0,,,-3.77,True,-22.15,widening,True,1.0,-11.02,5750.0,5763.0,2026-05-07,-0.23,True,2026-05-08,2026-04-09,,0.15,0.37,0.87,24.31,25.12,25.12,-3.32,3.55,78.71
6101.T,ツガミ,2026-07-28,6230.0,6700.0,8630.0,False,-22.36,1.09,0.99,,,,,2026-07-01,18.0,232.98,True,45.7,True,True,20.24,-22.42,False,,,,,,,,,,,,,,,,,,,,0.6,0.87,0.92,23.84,23.84,23.84,51.21,99.04,239.14
542A.T,ビタブリッドジャパン,2026-07-28,1062.0,1079.0,1390.0,False,-22.37,0.5,1.01,,,,,,,,,,,True,,,False,,,,,,,,,,,,,,,,,,,,0.08,,,9.8,,,4.12,,
6754.T,アンリツ,2026-07-28,3633.0,3769.0,4855.0,False,-22.37,0.48,0.77,,,,,2026-06-03,38.0,101.89,True,20.26,True,False,19.77,-17.36,False,,,,,,,,,,,,,,,,,,,,0.03,0.78,0.91,23.93,23.93,23.93,1.09,54.33,99.62
1952.T,新日本空調,2026-07-28,3340.0,3415.0,4400.0,False,-22.39,1.67,1.03,,,,,2026-02-12,111.0,34.08,False,-1.66,True,True,12.71,-22.1,False,crossed,15.0,,,-12.58,False,-17.31,widening,False,,-21.87,3935.0,4275.0,2026-03-02,-7.95,False,2026-07-06,2026-04-16,,0.04,0.08,0.55,15.47,25.85,25.85,-1.47,-6.31,34.41
6050.T,イー・ガーディアン,2026-07-28,1750.0,1760.0,2268.0,False,-22.4,0.84,1.37,,,,,2025-07-30,241.0,-19.17,True,3.85,False,True,4.65,-10.44,False,crossed,16.0,,,2.64,True,0.48,narrowing,True,5.0,0.81,1702.0,1736.0,2026-01-23,-1.96,False,2026-07-03,2026-06-22,,0.57,0.2,0.53,5.3,7.78,29.1,8.02,1.69,-18.68
4845.T,スカラ,2026-07-28,339.0,343.0,442.0,False,-22.4,0.39,1.26,,,,,2023-06-07,767.0,-18.9,False,-7.07,False,False,2.71,-5.15,False,imminent,,-1.51,,,False,,,,,,,,,,,,2025-10-03,,0.14,0.83,0.95,7.98,15.45,26.09,-3.42,-11.26,-17.72
6222.T,島精機製作所,2026-07-28,875.0,900.0,1160.0,False,-22.41,0.49,1.21,,,,,2021-03-22,1308.0,-14.22,False,-9.0,False,False,5.68,-15.3,False,diverging,,-3.17,-1.77,,False,,,,,,,,,,,,2026-03-03,,0.22,0.49,0.72,17.73,19.96,25.61,-6.91,-17.99,-12.85
4398.T,ブロードバンドセキュリティ,2026-07-28,1240.0,1249.0,1610.0,False,-22.42,0.97,0.69,,,,,2023-07-11,743.0,1.22,False,-7.07,False,False,5.07,-8.49,False,diverging,,-0.6,-0.0,,True,,,,,,,,,,,,2026-07-10,,0.05,0.54,0.06,5.74,17.73,22.6,0.65,-15.07,1.89
3837.T,アドソル日進,2026-07-28,1494.0,1515.0,1954.0,False,-22.47,1.01,1.2,,,,,2026-02-19,106.0,13.61,False,-1.56,True,True,8.47,-21.4,False,imminent,,-0.95,,,False,,,,,,,,,,,,2026-03-25,,0.04,0.59,0.07,17.66,31.53,31.53,0.47,-9.56,15.99
3193.T,エターナルホスピタリティグループ,2026-07-28,2985.0,2990.0,3860.0,False,-22.54,1.1,1.04,,,,,2026-03-02,100.0,-3.08,False,-5.0,False,True,8.08,-11.8,False,imminent,,-1.92,,,False,,,,,,,,,,,,2026-04-07,,0.02,0.74,0.06,14.79,30.79,30.79,0.88,-13.23,-1.49
7725.T,インターアクション,2026-07-28,1673.0,1772.0,2288.0,False,-22.55,0.94,2.31,,,,,2026-05-12,54.0,26.65,True,6.13,True,False,13.9,-14.9,False,,,,,,,,,,,,,,,,,,,,0.26,0.55,0.55,28.01,28.01,28.01,0.36,12.89,28.69
1968.T,太平電業,2026-07-28,2441.0,2478.0,3200.0,False,-22.56,1.58,0.99,,,,,2026-03-26,83.0,25.82,False,-3.13,True,False,12.93,-7.72,False,,,,,,,,,,,,,,,,,,,,0.75,0.01,0.59,20.09,23.85,23.85,-15.94,3.78,26.26
9322.T,川西倉庫,2026-07-28,2406.0,2420.0,3125.0,False,-22.56,0.55,1.12,,,,,2026-01-16,129.0,109.22,True,1.63,True,True,26.67,-15.33,False,crossed,7.0,,,-0.49,False,-1.97,widening,False,,-19.32,2429.0,2982.0,2026-02-27,-18.54,True,2026-07-16,2026-04-06,,0.16,0.66,0.53,9.58,27.23,27.23,1.18,-15.9,110.31
4043.T,トクヤマ,2026-07-28,4307.0,4466.0,5768.0,False,-22.57,1.39,0.73,,,,,2026-06-04,37.0,35.82,True,2.2,True,False,11.37,-16.49,False,crossed,51.0,,,-4.33,False,-17.34,widening,True,7.0,-11.47,4645.0,4865.0,2026-05-14,-4.52,False,2026-05-15,2026-03-06,,0.12,0.38,0.68,23.39,23.39,23.39,13.85,-3.19,35.61
9701.T,東京會舘,2026-07-28,4250.0,4250.0,5490.0,False,-22.59,1.99,1.66,,,,,2026-03-30,81.0,9.4,False,-0.66,True,True,5.23,-13.58,False,imminent,,-0.49,,,False,,,,,,,,,,,,2026-05-01,,0.11,0.46,0.29,7.08,24.1,24.1,-0.7,-7.31,9.25
7808.T,シー・エス・ランバー,2026-07-28,2663.0,2713.0,3505.0,False,-22.6,0.15,0.36,,,,,2025-09-02,218.0,-10.94,False,-10.61,False,True,6.66,-9.8,False,,,,,,,,,,,,,,,,,,,,0.47,0.71,0.64,16.73,21.57,28.73,-10.94,-12.4,-12.4
1938.T,日本リーテック,2026-07-28,2441.0,2511.0,3245.0,False,-22.62,1.19,1.02,,,,,2026-02-26,102.0,25.37,False,-1.58,True,False,15.39,-21.59,False,diverging,,-3.59,-0.03,,True,,,,,,,,,,,,2026-07-13,,0.47,0.01,0.74,20.1,24.07,24.07,-5.46,4.81,29.63
7795.T,ＫＹＯＲＩＴＳＵ,2026-07-28,204.0,205.0,265.0,False,-22.64,0.65,1.44,,,,,2026-03-02,100.0,11.48,False,-3.56,True,True,7.28,-11.29,False,imminent,,-0.99,,,False,,,,,,,,,,,,2026-04-15,,0.02,0.63,0.11,14.86,24.7,24.7,-8.11,-8.52,10.87
6458.T,新晃工業,2026-07-28,1233.0,1254.0,1621.0,False,-22.64,1.1,0.83,,,,,2026-02-10,112.0,-4.27,False,-6.33,False,True,5.83,-16.15,False,crossed,15.0,,,-2.27,False,-5.71,widening,False,,-23.79,1278.0,1618.0,2026-02-10,-21.01,False,2026-07-06,2026-03-13,,0.03,0.49,0.06,7.45,26.64,26.64,3.7,-18.88,-4.2
6730.T,アクセル,2026-07-28,1080.0,1109.0,1434.0,False,-22.66,1.77,0.49,,,,,2024-03-08,582.0,11.8,False,-9.88,False,False,10.07,-16.48,False,crossed,26.0,,,-6.26,False,-12.85,widening,False,,-16.99,1182.0,1301.0,2026-02-05,-9.15,False,2026-06-19,2025-12-18,,0.05,0.27,0.01,12.97,21.98,27.91,-5.68,-14.56,12.03
2438.T,アスカネット,2026-07-28,327.0,334.0,432.0,False,-22.69,0.21,3.69,,,,,2022-03-22,1064.0,-21.77,False,-8.31,False,True,5.34,-11.45,False,imminent,,-0.0,,,False,,,,,,,,,,,,2026-04-01,,0.0,0.5,0.51,18.16,24.31,29.6,-6.84,-18.05,-20.82
2296.T,伊藤ハム米久ホールディングス,2026-07-28,4990.0,5010.0,6480.0,False,-22.69,1.12,0.88,,,,,2026-02-27,101.0,-0.4,False,-9.16,False,True,7.1,-11.01,False,,,,,,,,,,,,,,,,,,,,0.26,0.85,0.19,12.95,28.6,28.6,-5.13,-17.11,-1.19
1934.T,ユアテック,2026-07-28,2363.0,2555.0,3305.0,False,-22.69,4.49,0.92,,,,,2026-02-27,101.0,0.98,False,-10.13,False,True,9.74,-20.93,False,,,,,,,,,,,,,,,,,,,,0.14,0.76,0.09,12.81,29.92,29.92,-8.73,-20.76,0.0
4635.T,東京インキ,2026-07-28,1412.0,1430.0,1850.0,False,-22.7,1.04,0.98,,,,,2026-02-17,108.0,67.1,False,-0.95,True,True,17.9,-25.48,False,crossed,11.0,,,0.22,False,1.71,narrowing,False,,-22.63,1367.0,1825.0,2026-02-27,-25.1,False,2026-07-10,2026-04-02,,0.53,0.45,0.08,9.47,33.97,33.97,7.21,-7.17,67.1
6472.T,ＮＴＮ,2026-07-28,366.0,376.2,487.0,False,-22.75,0.72,0.83,,,,,2026-05-13,53.0,48.18,False,-3.05,True,False,14.78,-24.52,False,,,,,,,,,,,,,,,,,,,,0.04,0.11,0.51,23.65,25.33,25.33,8.7,-4.31,47.88
6958.T,日本シイエムケイ,2026-07-28,605.0,628.0,813.0,False,-22.76,1.0,0.63,,,,,2026-06-19,26.0,78.47,True,6.34,True,False,14.27,-14.97,False,,,,,,,,,,,,,,,,,,,,0.02,0.45,0.89,23.09,23.09,23.09,-0.66,11.62,76.9
212A.T,フィットイージー,2026-07-28,2739.0,2780.0,3600.0,False,-22.78,0.82,0.74,,,,,2025-09-29,201.0,14.22,True,7.26,False,True,13.9,-20.41,False,crossed,22.0,,,8.42,True,-0.36,narrowing,True,3.0,-0.76,2659.0,2760.0,2026-06-22,-3.66,False,2026-06-25,2026-05-27,,0.47,0.1,0.18,13.93,19.46,38.53,10.18,6.49,19.09
7133.T,ＨＹＵＧＡ　ＰＲＩＭＡＲＹ　ＣＡＲＥ,2026-07-28,1180.0,1229.0,1593.0,False,-22.85,0.5,0.62,,,,,,,-12.4,True,4.78,False,True,9.91,-16.06,False,crossed,13.0,,,9.4,False,2.72,narrowing,True,4.0,-3.36,1128.0,1221.0,2026-01-16,-7.62,False,2026-07-08,2026-03-05,,0.43,0.02,0.56,18.36,23.67,42.17,5.17,-1.5,-12.79
6653.T,正興電機製作所,2026-07-28,2095.0,2202.0,2855.0,False,-22.87,2.19,1.17,,,,,2026-04-21,65.0,35.07,False,-9.0,True,False,14.17,-21.13,False,diverging,,-5.17,-1.64,,True,,,,,,,,,,,,2026-06-10,,0.43,0.02,0.62,21.51,26.34,26.34,-15.96,-8.27,36.48
1431.T,Ｌｉｂ　Ｗｏｒｋ,2026-07-28,644.0,646.0,838.0,False,-22.91,0.52,0.61,,,,,2025-08-18,229.0,-7.2,False,-3.54,False,False,3.96,-8.01,False,,,,,,,,,,,,,,,,,,,,0.0,0.14,0.74,2.15,5.21,19.85,-0.62,-0.16,-6.12
6369.T,トーヨーカネツ,2026-07-28,2415.0,2440.0,3165.0,False,-22.91,0.81,0.62,,,,,2026-02-26,102.0,21.82,False,-4.5,True,True,9.03,-17.3,False,imminent,,-2.34,,,False,,,,,,,,,,,,2026-05-18,,0.07,0.45,0.29,25.09,31.31,31.31,-11.31,-9.58,21.97
7937.T,ツツミ,2026-07-28,2643.0,2663.0,3455.0,False,-22.92,0.35,0.76,,,,,2026-03-02,100.0,17.94,False,-2.75,True,False,10.3,-13.7,False,,,,,,,,,,,,,,,,,,,,0.75,0.39,0.5,13.9,25.43,25.43,-10.07,-1.6,18.2
1764.T,工藤建設,2026-07-28,2686.0,2694.0,3495.0,False,-22.92,0.72,0.56,,,,,2026-02-20,105.0,1.44,False,-8.47,False,False,7.63,-10.69,False,,,,,,,,,,,,,,,,,,,,0.77,0.5,0.21,20.93,23.02,23.02,-15.0,-8.3,0.67
2762.T,ＳＡＮＫＯ　ＭＡＲＫＥＴＩＮＧ　ＦＯＯＤＳ,2026-07-28,84.0,84.0,109.0,False,-22.94,0.17,0.95,,,,,2023-05-18,781.0,-11.58,False,-13.37,False,False,4.03,-7.77,False,,,,,,,,,,,,,,,,,,,,0.83,0.61,0.13,20.19,20.95,21.7,-19.23,-14.29,-11.58
2485.T,ティア,2026-07-28,476.0,480.0,623.0,False,-22.95,0.77,0.87,,,,,2025-08-12,233.0,-17.79,False,-3.94,False,True,5.24,-9.02,False,imminent,,-0.48,,,False,,,,,,,,,,,,2026-04-09,,0.01,0.68,0.5,12.7,19.27,28.69,-5.56,-7.93,-17.22
3370.T,フジタコーポレーション,2026-07-28,485.0,486.0,631.0,False,-22.98,0.23,0.44,,,,,2026-02-26,102.0,8.5,True,10.77,True,False,19.31,-26.97,False,imminent,,-1.02,,,True,,,,,,,,,,,,2026-06-29,,0.03,0.0,0.5,24.59,36.6,41.37,8.5,9.23,32.15
6898.T,トミタ電機,2026-07-27,3520.0,3580.0,4650.0,False,-23.01,0.06,1.24,,,,,2026-04-21,64.0,17.41,False,-2.68,True,False,5.55,-3.78,False,diverging,,-2.55,-2.03,,True,,,,,,,,,,,,2026-06-02,,0.17,0.01,0.75,18.04,21.78,21.78,-18.04,-5.12,17.33
6383.T,ダイフク,2026-07-28,5914.0,6047.0,7857.0,False,-23.04,1.0,0.92,,,,,2026-05-11,55.0,60.27,True,0.25,True,False,13.21,-17.0,False,,,,,,,,,,,,,,,,,,,,0.21,0.47,0.88,23.68,23.68,23.68,-7.61,6.83,59.45
4275.T,カーリット,2026-07-28,2286.0,2382.0,3095.0,False,-23.04,0.83,0.98,,,,,2026-03-03,99.0,92.59,True,4.29,True,True,14.8,-17.89,False,,,,,,,,,,,,,,,,,,,,0.22,0.19,0.73,28.28,33.37,33.37,-19.73,-3.95,90.02
4479.T,マクアケ,2026-07-28,1025.0,1035.0,1345.0,False,-23.05,8.93,1.46,,,,,2025-08-27,222.0,14.78,True,12.88,False,True,17.35,-29.81,False,crossed,1.0,,,,False,,,False,,-20.48,1001.0,1289.0,2026-03-06,-22.34,True,2026-07-27,2026-04-20,,0.24,0.38,0.05,13.07,37.55,44.81,11.53,4.91,16.48
6184.T,鎌倉新書,2026-07-28,529.0,537.0,698.0,False,-23.07,0.48,0.74,,,,,2025-09-12,210.0,-5.2,False,-0.51,False,True,7.76,-17.35,False,crossed,16.0,,,3.37,False,2.62,narrowing,False,,-17.08,504.0,638.0,2026-01-09,-21.0,False,2026-07-03,2026-02-20,,0.55,0.27,0.55,8.25,27.17,32.47,12.08,-12.56,-4.34
3923.T,ラクス,2026-07-28,1060.5,1073.0,1395.0,False,-23.08,1.28,0.67,,,,,2025-09-29,201.0,-5.4,True,7.68,False,True,12.3,-15.82,False,crossed,55.0,,,-7.51,False,6.75,widening,False,,-0.89,900.0,1070.0,2026-01-09,-15.89,False,2026-05-11,2025-11-06,,0.46,0.47,0.5,15.84,23.4,47.55,26.36,11.63,-4.97
4372.T,ユミルリンク,2026-07-28,1275.0,1279.0,1663.0,False,-23.09,0.25,0.89,,,,,2025-05-15,294.0,-18.16,False,-0.66,False,True,7.53,-19.93,False,crossed,9.0,,,1.88,False,-1.29,widening,False,,-11.4,1275.0,1439.0,2026-01-16,-11.4,False,2026-07-14,2026-02-16,,0.3,0.1,0.65,8.33,24.25,30.13,8.23,-10.84,-18.27
8225.T,タカチホ,2026-07-27,3445.0,3445.0,4480.0,False,-23.1,0.87,0.57,,,,,2025-06-04,279.0,-5.87,False,-4.9,False,True,5.6,-14.88,False,imminent,,-0.55,,,False,,,,,,,,,,,,2026-04-01,,0.0,0.59,0.57,7.43,27.61,27.61,2.53,-7.02,-4.31
5258.T,トランザクション・メディア・ネットワークス,2026-07-28,402.0,415.0,540.0,False,-23.15,0.36,1.12,,,,,2025-08-14,231.0,-8.43,True,3.66,False,True,14.01,-24.89,False,crossed,42.0,,,-9.64,False,2.94,narrowing,False,,-18.13,363.0,491.0,2026-01-16,-26.07,False,2026-05-28,2026-02-19,,0.57,0.0,0.38,17.02,38.45,45.44,29.26,-12.99,-5.19
1870.T,矢作建設工業,2026-07-28,1931.0,1947.0,2534.0,False,-23.16,0.91,0.84,,,,,2026-02-09,113.0,2.49,False,-9.78,False,True,8.27,-17.71,False,,,,,,,,,,,,,,,,,,,,0.24,0.83,0.19,18.36,29.33,29.33,-9.09,-20.99,1.42
6332.T,月島ホールディングス,2026-07-28,2684.0,2724.0,3545.0,False,-23.16,0.9,0.67,,,,,2025-09-09,213.0,24.61,False,-5.16,False,True,15.44,-22.84,False,,,,,,,,,,,,,,,,,,,,0.36,0.6,0.02,24.11,29.01,30.28,-12.14,-13.42,22.95
6444.T,サンデン,2026-07-28,158.0,159.0,207.0,False,-23.19,0.85,0.67,,,,,2026-02-19,106.0,35.04,True,4.13,True,True,16.53,-24.87,False,imminent,,-2.24,,,True,,,,,,,,,,,,2026-06-04,,0.16,0.02,0.19,18.44,26.42,36.02,-8.67,9.72,36.21
2533.T,オエノンホールディングス,2026-07-28,490.0,503.0,655.0,False,-23.21,1.28,2.08,,,,,2025-08-07,235.0,-19.41,True,0.39,False,True,9.04,-12.98,False,crossed,43.0,,,-3.26,False,-8.29,widening,False,,-4.11,491.0,511.0,2026-01-19,-3.91,False,2026-05-27,2025-10-03,,0.5,0.15,0.61,5.58,19.18,35.06,18.07,-4.11,-18.06
4628.T,エスケー化研,2026-07-28,8940.0,8960.0,11670.0,False,-23.22,2.11,2.76,,,,,2026-02-10,112.0,3.83,False,-11.89,False,False,7.1,-11.28,False,,,,,,,,,,,,,,,,,,,,0.95,0.85,0.14,15.6,23.99,23.99,-13.79,-18.51,3.95
9416.T,ビジョン,2026-07-28,1023.0,1031.0,1343.0,False,-23.23,0.67,0.7,,,,,2026-02-10,112.0,-6.75,False,-12.67,False,False,7.01,-14.09,False,,,,,,,,,,,,,,,,,,,,0.56,0.9,0.35,13.54,27.95,27.95,-5.63,-18.03,-5.28
3940.T,ノムラシステムコーポレーション,2026-07-28,118.0,119.0,155.0,False,-23.23,0.96,1.39,,,,,2025-09-03,217.0,-18.06,False,-9.25,False,False,6.52,-11.64,False,,,,,,,,,,,,,,,,,,,,0.54,0.77,0.56,18.05,25.34,28.29,-9.92,-13.24,-11.94
8729.T,ソニーフィナンシャルグループ,2026-07-28,156.4,161.2,210.0,False,-23.24,0.81,1.03,,,,,,,,True,3.35,,True,7.14,-10.44,False,,,,,,,,,,,,,,,,,,,,0.49,0.14,,9.34,19.6,,18.04,-1.01,
6837.T,京写,2026-07-28,332.0,336.0,438.0,False,-23.29,0.45,0.53,,,,,2026-07-02,17.0,-15.95,True,2.83,False,True,8.78,-17.81,False,crossed,44.0,,,17.58,False,-7.77,widening,True,0.0,0.61,330.0,330.0,2026-05-26,0.0,False,2026-05-26,2025-08-29,,0.47,0.56,0.13,20.76,20.76,30.41,14.09,10.67,-15.52
5527.T,ｐｒｏｐｅｒｔｙ　ｔｅｃｈｎｏｌｏｇｉｅｓ,2026-07-28,686.0,698.0,910.0,False,-23.3,0.91,0.77,,,,,2025-10-27,182.0,55.44,False,-3.21,False,True,9.88,-10.15,False,crossed,1.0,,,,False,,,False,,-12.39,699.0,783.0,2026-01-13,-10.73,True,2026-07-27,2025-12-22,,0.02,0.57,0.0,15.77,23.82,35.76,-0.72,-6.16,50.77
6758.T,ソニーグループ,2026-07-28,3597.0,3663.0,4776.0,False,-23.3,0.92,0.81,,,,,2025-11-13,170.0,0.22,False,-3.09,False,False,9.18,-14.17,False,imminent,,-0.29,,,True,,,,,,,,,,,,2026-07-02,,0.0,0.01,0.51,15.59,15.59,33.77,12.13,-0.94,0.87
3088.T,マツキヨココカラ＆カンパニー,2026-07-28,2595.5,2601.5,3393.0,False,-23.33,0.67,0.8,,,,,2025-08-13,232.0,-16.03,True,0.79,False,True,5.83,-9.5,False,crossed,13.0,,,-2.31,False,0.78,narrowing,False,,-5.58,2528.0,2749.0,2026-02-13,-8.04,False,2026-07-08,2025-10-03,,0.63,0.24,0.86,6.93,19.64,34.76,13.29,3.61,-16.68
2678.T,アスクル,2026-07-28,1258.0,1278.0,1667.0,False,-23.34,0.78,1.38,,,,,2024-05-08,543.0,-13.66,False,-3.79,False,True,6.15,-14.74,False,crossed,15.0,,,-1.17,False,-4.06,narrowing,False,,-11.66,1282.0,1424.0,2026-01-06,-9.97,False,2026-07-06,2025-10-27,,0.37,0.23,0.82,7.04,20.63,32.15,10.64,-9.89,-13.54
6905.T,コーセル,2026-07-28,1246.0,1270.0,1657.0,False,-23.36,0.95,0.72,,,,,2026-06-19,26.0,12.05,False,-1.08,True,False,12.69,-17.62,False,crossed,109.0,,,11.85,False,-15.05,widening,True,3.0,2.98,1173.0,1210.0,2026-01-16,-3.06,False,2026-02-16,2025-11-18,,0.0,0.48,0.41,20.38,20.38,20.38,-0.48,4.09,11.65
9259.T,タカヨシホールディングス,2026-07-28,870.0,892.0,1164.0,False,-23.37,0.69,1.25,,,,,2026-04-01,79.0,23.06,True,2.56,True,True,10.67,-18.35,False,imminent,,-2.8,,,False,,,,,,,,,,,,2026-05-14,,0.07,0.21,0.39,17.74,33.99,33.99,-4.5,6.1,23.4
7187.T,ジェイリース,2026-07-28,1347.0,1370.0,1790.0,False,-23.46,0.91,0.8,,,,,2025-08-25,224.0,-5.07,False,-3.26,False,True,8.01,-14.86,False,crossed,8.0,,,-1.09,True,-2.84,widening,False,,-9.41,1370.0,1487.0,2026-01-06,-7.87,False,2026-07-15,2026-06-18,,0.03,0.16,0.59,11.56,17.57,30.17,2.9,-8.68,-4.13
9537.T,北陸瓦斯,2026-07-28,4330.0,4370.0,5710.0,False,-23.47,0.99,0.77,,,,,2026-03-16,90.0,20.95,True,3.5,True,True,9.45,-15.9,False,,,,,,,,,,,,,,,,,,,,0.39,0.0,0.49,28.83,30.34,30.34,-17.84,13.05,21.46
5310.T,東洋炭素,2026-07-28,6340.0,6880.0,8990.0,False,-23.47,0.83,0.67,,,,,2026-06-18,27.0,33.33,True,8.17,True,False,15.25,-20.44,False,crossed,67.0,,,-0.67,True,-7.94,widening,True,10.0,-0.31,5990.0,6360.0,2026-02-27,-5.82,False,2026-04-17,2026-04-15,,0.05,0.61,0.81,28.04,28.04,28.04,6.55,13.21,33.76
5491.T,日本金属,2026-07-28,884.0,910.0,1189.0,False,-23.47,1.04,0.91,,,,,2026-03-02,100.0,19.95,False,-1.75,True,False,9.34,-18.22,False,,,,,,,,,,,,,,,,,,,,0.29,0.61,0.39,17.07,28.04,28.04,-2.0,-13.08,20.6
3539.T,ＪＭホールディングス,2026-07-28,1387.0,1398.0,1827.0,False,-23.48,1.37,2.18,,,,,2026-02-02,118.0,5.28,False,-7.67,False,True,7.82,-11.96,False,imminent,,-2.68,,,False,,,,,,,,,,,,2026-03-18,,0.06,0.86,0.15,12.01,33.17,33.17,1.61,-21.15,5.48
1381.T,アクシーズ,2026-07-28,3510.0,3520.0,4600.0,False,-23.48,0.21,0.62,,,,,2026-01-22,125.0,21.03,False,-7.75,True,False,9.77,-8.42,False,diverging,,-6.17,-0.21,,True,,,,,,,,,,,,2026-06-24,,0.82,0.36,0.29,16.44,24.16,24.16,-6.65,-21.83,18.98
5332.T,ＴＯＴＯ,2026-07-28,6941.0,7268.0,9500.0,False,-23.49,0.82,0.65,,,,,2026-06-23,24.0,83.72,True,22.49,True,True,16.51,-19.39,False,crossed,56.0,,,0.62,True,-13.34,widening,True,0.0,-2.0,7083.0,7083.0,2026-05-08,0.0,True,2026-05-08,2026-04-27,,0.44,0.71,0.87,25.49,25.49,25.49,29.84,34.59,87.04
4968.T,荒川化学工業,2026-07-28,1812.0,2008.0,2625.0,False,-23.5,0.74,0.85,,,,,2026-06-23,24.0,72.41,True,29.12,True,True,15.94,-19.02,False,crossed,37.0,,,8.96,True,13.78,narrowing,True,1.0,16.45,1507.0,1556.0,2026-02-27,-3.15,False,2026-06-04,2026-04-08,,0.83,0.51,0.67,24.81,24.81,24.81,51.0,36.04,71.75
9072.T,ニッコンホールディングス,2026-07-28,5039.0,5117.0,6689.0,False,-23.5,0.48,0.95,,,,,2026-06-23,24.0,54.0,True,14.45,True,False,9.92,-14.56,False,,,,,,,,,,,,,,,,,,,,0.0,0.77,0.81,22.55,22.55,22.55,1.27,38.13,52.93
6853.T,共和電業,2026-07-28,758.0,774.0,1012.0,False,-23.52,1.37,0.44,,,,,2026-05-27,43.0,43.83,False,-0.15,True,False,13.32,-18.36,False,,,,,,,,,,,,,,,,,,,,0.06,0.14,0.64,21.18,21.18,21.18,3.55,0.26,44.66
2481.T,タウンニュース社,2026-07-28,634.0,634.0,829.0,False,-23.52,0.25,0.64,,,,,2025-08-15,230.0,-11.33,False,-5.79,False,False,3.0,-5.95,False,diverging,,-3.85,-2.56,,False,,,,,,,,,,,,2026-05-29,,0.85,0.6,0.4,10.99,10.99,19.39,-9.3,-7.17,-11.58
3646.T,駅探,2026-07-28,336.0,338.0,442.0,False,-23.53,1.35,0.4,,,,,2026-02-10,112.0,-10.88,False,-1.85,False,True,9.45,-14.53,False,imminent,,-0.01,,,False,,,,,,,,,,,,2026-04-22,,0.06,0.54,0.02,8.53,26.65,26.65,-1.18,-1.47,-9.43
2112.T,塩水港精糖,2026-07-28,451.0,455.0,595.0,False,-23.53,0.53,0.69,,,,,2026-01-21,126.0,22.89,False,-10.22,True,True,9.57,-13.41,False,,,,,,,,,,,,,,,,,,,,0.13,0.81,0.06,18.95,29.54,29.54,-11.91,-22.77,20.27
6145.T,ＮＩＴＴＯＫＵ,2026-07-28,2525.0,2645.0,3460.0,False,-23.55,1.6,0.86,,,,,2026-06-02,39.0,27.78,False,-0.28,True,False,11.6,-19.1,False,crossed,53.0,,,5.19,True,-14.86,widening,True,1.0,-5.64,2638.0,2676.0,2026-02-27,-1.42,False,2026-05-13,2026-03-30,,0.02,0.44,0.6,24.51,24.51,24.51,7.26,1.0,29.89
7370.T,Ｅｎｊｉｎ,2026-07-28,712.0,714.0,934.0,False,-23.55,0.47,0.53,,,,,2025-10-09,193.0,-14.73,False,-10.58,False,False,4.05,-7.96,False,,,,,,,,,,,,,,,,,,,,0.67,0.75,0.65,15.59,18.91,26.67,-9.99,-14.83,-15.04
3416.T,ピクスタ,2026-07-28,837.0,837.0,1095.0,False,-23.56,0.39,0.83,,,,,2024-02-22,592.0,-14.33,False,-9.6,False,True,3.52,-6.4,False,imminent,,-2.64,,,False,,,,,,,,,,,,2025-12-08,,0.35,0.77,0.83,12.57,16.56,27.49,-6.17,-10.29,-14.85
7084.T,Ｓｍｉｌｅ　Ｈｏｌｄｉｎｇｓ,2026-07-28,2733.0,2748.0,3595.0,False,-23.56,0.78,0.23,,,,,2026-02-12,111.0,48.53,False,-2.23,True,True,12.75,-19.36,False,crossed,7.0,,,-0.33,False,-2.22,widening,False,,-23.66,2766.0,3580.0,2026-02-13,-22.74,True,2026-07-16,2026-03-24,,0.01,0.38,0.24,33.96,45.84,45.84,-5.3,-10.39,50.99
7259.T,アイシン,2026-07-28,2405.5,2411.0,3155.0,False,-23.58,0.6,0.79,,,,,2025-12-16,148.0,27.38,False,-5.92,False,False,10.86,-22.0,False,diverging,,-1.6,-0.1,,True,,,,,,,,,,,,2026-07-08,,0.06,0.46,0.02,13.12,26.37,30.17,10.42,-17.58,27.01
9936.T,王将フードサービス,2026-07-28,3030.0,3035.0,3975.0,False,-23.65,0.77,0.77,,,,,2025-08-13,232.0,-16.64,False,-1.87,False,True,4.99,-8.92,False,crossed,4.0,,,,False,,,False,,-7.34,2945.0,3270.0,2026-01-20,-9.94,False,2026-07-22,2026-03-04,,0.11,0.58,0.83,12.04,20.0,34.43,3.45,-6.19,-16.76
9418.T,Ｕ－ＮＥＸＴ　ＨＯＬＤＩＮＧＳ,2026-07-28,1745.0,1759.0,2304.0,False,-23.65,1.03,1.25,,,,,2025-06-30,262.0,-13.66,False,-3.45,False,True,5.7,-11.28,False,crossed,14.0,,,-1.16,False,-1.17,narrowing,False,,-13.87,1730.0,2026.0,2026-01-09,-14.61,False,2026-07-07,2025-08-05,3ヶ月,0.73,0.41,0.84,4.84,20.33,34.07,11.64,-6.98,-13.36
3479.T,ティーケーピー,2026-07-28,1823.0,1851.0,2425.0,False,-23.67,0.76,0.77,,,,,2026-02-09,113.0,-3.65,False,-0.88,False,True,12.51,-13.38,False,crossed,8.0,,,0.71,False,-0.99,widening,False,,-24.1,1820.0,2402.0,2026-02-06,-24.23,False,2026-07-15,2026-03-27,,0.22,0.59,0.08,15.83,38.68,38.68,5.25,-10.33,-4.6
3496.T,アズーム,2026-07-28,4575.0,4755.0,6230.0,False,-23.68,1.16,0.83,,,,,2025-11-14,169.0,11.59,False,-0.84,False,True,7.79,-15.2,False,crossed,8.0,,,-3.52,False,-0.61,narrowing,False,,-12.86,4550.0,5250.0,2026-01-06,-13.33,False,2026-07-15,2026-02-04,,0.39,0.2,0.33,8.96,18.58,26.85,10.77,-5.86,12.82
547A.T,ムニノバホールディングス,2026-07-28,444.0,454.0,595.0,False,-23.7,0.74,0.85,,,,,2026-01-15,130.0,1.37,False,-7.98,False,True,7.57,-12.55,False,crossed,1.0,,,,True,,,False,,-25.38,451.0,595.0,2026-01-15,-24.2,False,2026-07-27,2026-07-24,,0.1,0.58,0.08,14.43,27.96,31.6,-4.52,-21.42,1.6
7679.T,薬王堂ホールディングス,2026-07-28,1757.0,1785.0,2340.0,False,-23.72,0.77,1.97,,,,,2023-10-06,683.0,-17.59,False,-9.67,False,True,6.18,-12.02,False,imminent,,-2.26,,,False,,,,,,,,,,,,2026-01-29,,0.18,0.85,0.88,12.49,23.65,30.77,0.98,-15.28,-19.14
4477.T,ＢＡＳＥ,2026-07-28,305.0,312.0,409.0,False,-23.72,0.78,1.36,,,,,2025-03-13,335.0,-23.56,True,0.35,False,True,7.29,-12.06,False,crossed,5.0,,,-1.29,False,-2.04,,False,,-9.5,309.0,337.0,2026-01-07,-8.31,False,2026-07-21,2026-02-16,,0.18,0.36,0.75,12.33,23.58,36.79,5.17,-5.86,-22.19
3245.T,ディア・ライフ,2026-07-28,1088.0,1103.0,1446.0,False,-23.72,1.32,0.95,,,,,2025-08-08,234.0,-14.13,True,0.15,False,True,5.34,-11.09,False,crossed,4.0,,,,False,,,False,,-8.19,1087.0,1185.0,2026-01-19,-8.27,False,2026-07-22,2026-02-27,,0.22,0.4,0.73,7.91,18.0,31.34,4.31,-7.64,-13.65
7874.T,レック,2026-07-28,971.0,978.0,1283.0,False,-23.77,0.51,0.66,,,,,2024-06-19,513.0,-17.71,False,-7.35,False,True,8.98,-12.38,False,,,,,,,,,,,,,,,,,,,,0.12,0.47,0.45,19.55,30.42,31.2,-9.08,-6.27,-16.87
7447.T,ナガイレーベン,2026-07-28,1789.0,1801.0,2363.0,False,-23.78,0.58,1.64,,,,,2024-07-31,484.0,-17.75,True,1.39,False,True,5.47,-12.54,False,crossed,7.0,,,-0.23,False,1.09,widening,False,,-3.24,1752.0,1849.0,2026-01-16,-5.25,False,2026-07-16,2026-01-30,,0.34,0.23,0.71,5.34,12.62,31.08,6.17,-3.09,-18.61
7038.T,フロンティア・マネジメント,2026-07-28,561.0,567.0,744.0,False,-23.79,0.31,0.7,,,,,2024-02-19,595.0,-17.26,False,-7.6,False,False,4.82,-9.72,False,,,,,,,,,,,,,,,,,,,,0.1,0.0,0.72,12.01,12.73,28.36,-3.28,-3.94,-17.5
4061.T,デンカ,2026-07-28,3379.0,3575.0,4692.0,False,-23.81,1.01,0.65,,,,,2026-06-19,26.0,62.73,True,2.6,True,False,12.66,-22.07,False,,,,,,,,,,,,,,,,,,,,0.1,0.62,0.93,25.46,25.46,25.46,-17.26,9.57,62.92
6558.T,クックビズ,2026-07-28,697.0,697.0,915.0,False,-23.83,0.12,0.96,,,,,2026-01-26,123.0,5.13,True,1.68,True,True,9.96,-16.09,False,crossed,0.0,,,,False,,,False,,-19.98,697.0,871.0,2026-01-27,-19.98,True,2026-07-28,2026-03-16,,0.02,0.6,0.1,9.05,27.32,27.32,1.46,-14.9,6.41
1799.T,第一建設工業,2026-07-28,3400.0,3435.0,4510.0,False,-23.84,0.99,0.88,,,,,2026-02-27,101.0,10.21,False,-6.34,True,True,9.04,-15.85,False,imminent,,-2.15,,,False,,,,,,,,,,,,2026-04-13,,0.09,0.67,0.1,22.38,31.15,31.15,-7.36,-11.69,11.48
7014.T,名村造船所,2026-07-28,4340.0,4605.0,6050.0,False,-23.88,1.25,1.15,,,,,2026-02-18,107.0,47.72,True,2.47,True,True,23.53,-25.04,False,imminent,,-0.49,,,False,,,,,,,,,,,,2026-04-13,,0.0,0.5,0.14,21.94,40.4,40.4,7.03,0.12,47.37
2332.T,クエスト,2026-07-28,1643.0,1689.0,2220.0,False,-23.92,0.73,0.5,,,,,2026-05-27,43.0,13.62,False,-2.54,True,False,11.34,-17.82,False,diverging,,-3.55,-0.05,,True,,,,,,,,,,,,2026-07-07,,0.43,0.0,0.52,19.1,28.17,28.17,-6.65,-1.68,12.53
7614.T,オーエムツーネットワーク,2026-07-28,1551.0,1558.0,2049.0,False,-23.96,1.26,1.13,,,,,2025-11-17,168.0,2.31,False,-0.44,True,True,2.5,-5.47,False,crossed,3.0,,,,False,,,False,,-4.67,1550.0,1627.0,2026-02-27,-4.73,False,2026-07-23,2026-04-07,,0.07,0.3,0.06,2.05,6.02,25.98,-0.32,-2.58,1.84
9246.T,プロジェクトホールディングス,2026-07-28,1051.0,1060.0,1394.0,False,-23.96,2.24,0.63,,,,,2025-06-18,270.0,-19.77,False,-5.72,False,True,4.33,-7.96,False,imminent,,-0.31,,,True,,,,,,,,,,,,2026-07-24,,0.02,0.7,0.87,12.41,18.68,28.18,1.35,-13.14,-15.31
1950.T,日本電設工業,2026-07-28,4005.0,4090.0,5380.0,False,-23.98,0.91,0.86,,,,,2026-03-02,100.0,44.79,False,-0.2,True,False,16.6,-10.09,False,,,,,,,,,,,,,,,,,,,,0.66,0.04,0.72,22.6,25.8,25.8,-18.51,9.13,46.33
6185.T,ＳＭＮ,2026-07-28,395.0,395.0,520.0,False,-24.04,0.21,0.65,,,,,2025-09-22,205.0,-13.57,False,-6.07,False,True,4.65,-10.62,False,crossed,3.0,,,,False,,,False,,-18.56,395.0,485.0,2026-01-15,-18.56,False,2026-07-23,2026-02-13,,0.01,0.52,0.59,12.41,25.77,29.96,1.28,-16.14,-10.84
3417.T,大木ヘルスケアホールディングス,2026-07-28,1060.0,1118.0,1472.0,False,-24.05,4.79,2.51,,,,,2026-02-04,116.0,-4.68,False,-19.74,False,True,6.62,-17.6,False,,,,,,,,,,,,,,,,,,,,0.28,0.7,0.17,22.48,27.89,27.89,-21.31,-25.77,-4.16
3023.T,ラサ商事,2026-07-28,1864.0,1900.0,2502.0,False,-24.06,0.78,0.86,,,,,2026-01-20,127.0,26.46,False,-0.4,True,True,9.46,-20.26,False,crossed,2.0,,,,False,,,False,,-22.43,1892.0,2403.0,2026-02-18,-21.27,False,2026-07-24,2026-04-03,,0.12,0.65,0.25,10.45,29.71,29.71,2.42,-15.69,26.46
7685.T,ＢｕｙＳｅｌｌ　Ｔｅｃｈｎｏｌｏｇｉｅｓ,2026-07-28,3065.0,3155.0,4155.0,False,-24.07,0.56,0.99,,,,,2026-05-29,41.0,111.38,True,9.18,True,False,14.0,-19.34,False,,,,,,,,,,,,,,,,,,,,0.02,0.53,0.91,24.97,24.97,24.97,-1.45,26.65,111.6
8802.T,三菱地所,2026-07-28,4065.0,4105.0,5407.0,False,-24.08,0.49,0.75,,,,,2026-02-26,102.0,47.12,False,-0.39,True,True,12.78,-18.13,False,imminent,,-2.26,,,False,,,,,,,,,,,,2026-04-30,,0.09,0.23,0.62,14.53,27.3,27.3,-9.08,3.44,50.58
4337.T,ぴあ,2026-07-28,2848.0,2865.0,3775.0,False,-24.11,0.56,0.72,,,,,2025-08-26,223.0,-0.84,False,-2.42,False,True,11.98,-23.51,False,,,,,,,,,,,,,,,,,,,,0.31,0.08,0.16,34.56,34.75,37.72,-16.24,6.87,-2.26
6199.T,セラク,2026-07-28,1315.0,1350.0,1779.0,False,-24.11,2.6,0.65,,,,,2025-02-12,355.0,-18.58,False,-8.78,False,True,7.93,-13.73,False,imminent,,-1.94,,,False,,,,,,,,,,,,2026-03-13,,0.01,0.77,0.6,21.99,33.47,36.78,-7.33,-19.57,-17.97
5411.T,ＪＦＥホールディングス,2026-07-28,1785.5,1789.0,2359.0,False,-24.16,0.87,0.93,,,,,2026-02-12,111.0,-1.16,False,-3.52,False,True,8.44,-17.5,False,imminent,,-1.65,,,False,,,,,,,,,,,,2026-03-24,,0.01,0.78,0.09,12.41,34.46,34.46,5.93,-17.55,-0.64
4680.T,ラウンドワン,2026-07-28,1237.0,1257.5,1658.0,False,-24.16,0.77,0.91,,,,,2025-08-18,229.0,-16.19,True,19.13,False,True,13.74,-23.87,False,crossed,29.0,,,3.67,False,16.3,widening,True,9.0,5.28,1021.5,1175.0,2026-01-13,-13.06,False,2026-06-16,2026-02-25,3ヶ月,0.89,0.11,0.43,10.91,29.85,51.26,39.25,11.69,-17.7
500A.T,ＴＯブックス,2026-07-28,2918.0,2942.0,3880.0,False,-24.18,0.55,0.4,,,,,,,,,,,False,,,False,,,,,,,,,,,,,,,,,,,,0.7,,,25.11,,,-21.03,,
4574.T,大幸薬品,2026-07-28,250.0,254.0,335.0,False,-24.18,4.93,1.2,,,,,2024-07-17,494.0,-13.79,False,-12.62,False,True,8.56,-12.33,False,imminent,,-1.32,,,False,,,,,,,,,,,,2026-05-15,,0.08,0.48,0.26,15.31,21.2,21.94,-14.68,-14.09,-10.71
7520.T,エコス,2026-07-28,2488.0,2498.0,3295.0,False,-24.19,0.55,0.92,,,,,2026-02-25,103.0,-1.74,False,-7.53,False,True,7.91,-16.29,False,crossed,5.0,,,0.81,False,0.06,,False,,-24.03,2468.0,3275.0,2026-02-25,-24.64,False,2026-07-21,2026-03-13,,0.54,0.65,0.26,5.29,32.7,32.7,11.97,-19.87,-1.27
3286.T,トラストホールディングス,2026-07-28,864.0,868.0,1145.0,False,-24.19,0.35,0.64,,,,,2025-04-16,312.0,-4.53,False,-11.36,False,False,6.17,-15.6,False,diverging,,-12.58,-1.53,,True,,,,,,,,,,,,2026-06-04,,0.71,0.19,0.3,23.2,24.89,24.89,-21.17,-15.29,-2.37
147A.T,ソラコム,2026-07-28,996.0,1012.0,1335.0,False,-24.19,0.59,0.73,,,,,,,7.68,False,-4.06,True,False,14.17,-15.0,False,crossed,41.0,,,-1.52,False,-23.6,widening,False,,-19.74,1187.0,1241.0,2026-01-09,-4.35,False,2026-05-29,2026-02-26,,0.05,0.0,0.03,18.45,26.72,31.63,0.4,-13.16,8.85
8887.T,シーラホールディングス,2026-07-28,375.0,382.0,504.0,False,-24.21,1.07,0.7,,,,,2025-10-16,189.0,-3.35,False,-3.93,False,True,7.81,-9.62,False,imminent,,-1.8,,,False,,,,,,,,,,,,2026-04-02,,0.01,0.61,0.28,12.11,20.7,29.11,-3.35,-8.31,6.23
7040.T,サン・ライフホールディング,2026-07-28,980.0,983.0,1297.0,False,-24.21,0.9,0.55,,,,,2026-02-09,113.0,8.05,False,-1.07,True,True,3.14,-3.39,False,imminent,,-1.2,,,False,,,,,,,,,,,,2026-04-27,,0.28,0.52,0.21,7.04,16.93,16.93,-1.11,-5.22,8.05
9766.T,コナミグループ,2026-07-28,20165.0,20180.0,26645.0,False,-24.26,0.95,0.84,,,,,2025-10-31,178.0,2.05,False,-1.99,False,False,9.89,-10.51,False,diverging,,-4.21,-1.47,,False,,,,,,,,,,,,2026-05-29,,0.32,0.29,0.57,18.07,23.1,32.87,1.33,-1.35,1.69
5998.T,アドバネクス,2026-07-28,2609.0,2677.0,3535.0,False,-24.27,0.91,0.59,,,,,2026-06-19,26.0,229.42,True,30.01,True,False,29.41,-35.92,False,crossed,46.0,,,30.15,True,7.47,narrowing,True,1.0,9.85,2242.0,2375.0,2026-02-27,-5.6,True,2026-05-22,2026-03-31,,0.47,0.5,0.73,21.26,35.92,37.73,44.94,43.27,230.25
3733.T,ソフトウェア・サービス,2026-07-28,11040.0,11270.0,14890.0,False,-24.31,1.23,2.35,,,,,2025-09-08,214.0,-15.27,False,-11.16,False,True,6.28,-12.57,False,imminent,,-1.59,,,False,,,,,,,,,,,,2025-12-05,,0.16,0.73,0.8,17.35,27.89,34.59,-6.12,-18.1,-16.17
5563.T,新日本電工,2026-07-28,407.0,423.0,559.0,False,-24.33,1.0,0.78,,,,,2026-05-29,41.0,60.24,True,0.65,True,False,13.83,-20.66,False,diverging,,-5.5,-0.01,,True,,,,,,,,,,,,2026-07-09,,0.22,0.23,0.82,25.59,25.59,25.59,-3.55,5.99,60.87
4433.T,ヒト・コミュニケーションズ・ホールディングス,2026-07-28,895.0,899.0,1188.0,False,-24.33,0.79,1.36,,,,,2025-08-05,237.0,-16.98,False,-5.45,False,True,4.06,-8.58,False,crossed,2.0,,,,False,,,False,,-15.65,881.0,1061.0,2026-01-09,-16.97,False,2026-07-24,2025-10-15,,0.1,0.64,0.86,7.02,16.31,30.13,1.59,-8.67,-17.13
4626.T,太陽ホールディングス,2026-07-28,4694.0,4748.0,6275.0,False,-24.33,1.81,1.23,,,,,2026-02-25,103.0,44.65,False,-2.63,True,False,6.97,-7.21,False,,,,,,,,,,,,,,,,,,,,0.0,0.23,0.64,12.99,23.26,23.26,-2.21,-7.85,44.43
4673.T,川崎地質,2026-07-28,4705.0,4820.0,6370.0,False,-24.33,0.49,2.03,,,,,2026-04-15,69.0,16.17,False,-0.97,True,True,9.55,-15.41,False,,,,,,,,,,,,,,,,,,,,0.33,0.0,0.11,24.69,30.61,30.61,-16.43,1.4,23.65
6814.T,古野電気,2026-07-28,7420.0,7580.0,10020.0,False,-24.35,1.03,1.64,,,,,2025-10-28,181.0,84.58,True,2.1,True,True,23.58,-23.2,False,crossed,1.0,,,,False,,,False,,-15.39,7640.0,8770.0,2026-01-15,-12.88,False,2026-07-27,2026-05-19,,0.03,0.22,0.08,23.57,33.13,43.62,4.8,0.68,84.35
5537.T,ＡｌｂａＬｉｎｋ,2026-07-28,2788.0,2950.0,3900.0,False,-24.36,0.78,0.96,,,,,2026-02-25,103.0,163.27,True,37.08,True,True,208.36,-75.0,False,crossed,12.0,,,7.38,False,-3.74,widening,False,,-26.82,2845.0,3810.0,2026-02-24,-25.33,True,2026-07-09,2026-04-27,,0.62,0.0,0.41,24.83,47.06,75.0,25.47,32.89,163.27
3030.T,ハブ,2026-07-28,825.0,835.0,1104.0,False,-24.37,0.74,0.33,,,,,2026-01-16,129.0,7.7,False,-7.14,True,False,7.94,-14.29,False,diverging,,-8.35,-0.0,,True,,,,,,,,,,,,2026-06-16,,0.66,0.64,0.28,16.7,23.27,26.11,-10.42,-19.9,6.04
9753.T,アイエックス・ナレッジ,2026-07-28,1277.0,1293.0,1710.0,False,-24.39,1.44,1.16,,,,,2025-08-22,225.0,12.41,False,-5.32,False,True,9.37,-10.76,False,crossed,4.0,,,,False,,,False,,-12.23,1296.0,1455.0,2026-03-10,-10.93,False,2026-07-22,2026-04-08,,0.04,0.51,0.07,7.81,16.43,22.65,-1.31,-9.43,12.02
3632.T,グリーホールディングス,2026-07-28,394.0,399.0,528.0,False,-24.43,0.38,0.73,,,,,2025-03-31,324.0,-18.43,False,-0.57,False,False,7.19,-10.05,False,diverging,,-0.16,-0.05,,True,,,,,,,,,,,,2026-07-13,,0.01,0.02,0.59,11.67,14.52,31.62,5.91,-4.83,-17.57
6736.T,サン電子,2026-07-28,9180.0,9710.0,12850.0,False,-24.44,0.65,1.56,,,,,2026-07-07,14.0,67.52,True,4.2,True,True,10.72,-15.08,False,crossed,62.0,,,7.64,False,2.28,narrowing,True,12.0,-4.18,7980.0,9580.0,2026-01-13,-16.7,True,2026-04-24,2025-12-29,,0.23,0.43,0.27,21.78,27.92,47.5,15.04,11.0,68.44
9601.T,松竹,2026-07-28,11550.0,11640.0,15410.0,False,-24.46,0.74,1.35,,,,,2025-08-27,222.0,-14.51,True,0.66,False,True,8.19,-13.38,False,crossed,4.0,,,,False,,,False,,-5.41,11160.0,12210.0,2026-04-01,-8.6,False,2026-07-22,2026-04-17,,0.38,0.38,0.76,7.49,18.1,34.64,12.14,-3.1,-12.23
5333.T,ＮＧＫ,2026-07-28,5554.0,5963.0,7894.0,False,-24.46,0.93,0.84,,,,,2026-06-25,22.0,201.85,True,25.28,True,True,16.31,-26.26,False,,,,,,,,,,,,,,,,,,,,0.42,0.82,0.96,29.28,29.28,29.28,25.43,49.02,202.18
5384.T,フジミインコーポレーテッド,2026-07-28,3675.0,3845.0,5090.0,False,-24.46,1.41,0.78,,,,,2026-06-22,25.0,78.75,True,20.19,True,True,15.0,-19.67,False,,,,,,,,,,,,,,,,,,,,0.48,0.72,0.86,27.8,27.8,27.8,22.95,34.37,76.09
8056.T,ＢＩＰＲＯＧＹ,2026-07-28,4956.0,4979.0,6594.0,False,-24.49,0.63,0.86,,,,,2025-08-13,232.0,-15.51,False,-1.72,False,True,7.12,-10.08,False,imminent,,-1.13,,,False,,,,,,,,,,,,2025-10-16,,0.0,0.28,0.86,15.1,22.06,36.73,4.42,-5.33,-15.64
8247.T,大和,2026-07-28,305.0,308.0,408.0,False,-24.51,0.34,1.66,,,,,2024-02-09,600.0,-20.16,False,-13.04,False,True,10.14,-21.63,False,crossed,2.0,,,,False,,,False,,-24.13,301.0,402.0,2026-02-18,-25.12,False,2026-07-24,2026-03-24,,0.06,0.68,0.62,31.06,44.78,45.59,-5.28,-21.79,-20.78
1723.T,日本電技,2026-07-28,2324.0,2375.0,3147.5,False,-24.54,0.89,1.44,,,,,2026-03-03,99.0,99.91,True,6.6,True,True,15.5,-27.45,False,,,,,,,,,,,,,,,,,,,,0.2,0.52,0.69,24.14,32.04,32.04,0.43,-7.59,98.42
7035.T,ａｎｄ　ｆａｃｔｏｒｙ,2026-07-28,242.0,246.0,326.0,False,-24.54,0.94,1.09,,,,,2025-06-27,263.0,-18.79,True,8.63,False,True,7.77,-12.45,False,crossed,117.0,,,0.46,False,-10.85,widening,True,15.0,9.01,216.0,222.0,2026-01-14,-2.7,True,2026-02-03,2025-09-17,6ヶ月,0.37,0.76,0.16,11.86,11.86,37.35,8.04,13.62,-15.09
1945.T,東京エネシス,2026-07-28,1953.0,2005.0,2657.0,False,-24.54,0.93,0.72,,,,,2026-05-27,43.0,39.0,True,1.0,True,False,11.34,-15.02,False,,,,,,,,,,,,,,,,,,,,0.03,0.36,0.59,26.33,26.33,26.33,7.25,-0.46,37.15
4379.T,Ｐｈｏｔｏｓｙｎｔｈ,2026-07-28,394.0,406.0,538.0,False,-24.54,0.88,0.26,,,,,2026-03-26,83.0,6.2,False,-3.7,True,False,10.5,-11.59,False,,,,,,,,,,,,,,,,,,,,0.59,0.12,0.36,20.43,27.52,27.52,-13.02,-8.37,7.07
6254.T,野村マイクロ・サイエンス,2026-07-28,3690.0,4150.0,5500.0,False,-24.55,1.2,0.94,,,,,2026-06-22,25.0,54.01,True,0.47,True,False,17.08,-25.0,False,crossed,64.0,,,-1.75,True,-13.98,widening,True,7.0,-4.16,3720.0,3850.0,2026-04-21,-3.38,False,2026-04-22,2026-03-24,,0.01,0.55,0.49,32.29,32.29,37.98,0.82,0.82,55.83
9236.T,ジャパンＭ＆Ａソリューション,2026-07-28,1083.0,1088.0,1442.0,False,-24.55,0.24,0.28,,,,,,,-19.66,True,3.37,False,False,9.29,-15.44,False,diverging,,-6.04,-0.2,,True,,,,,,,,,,,,2026-06-18,,0.45,0.03,0.14,26.05,30.21,30.21,-13.5,5.76,-18.88
4498.T,サイバートラスト,2026-07-28,1165.0,1205.0,1597.5,False,-24.57,0.79,0.69,,,,,2025-09-22,205.0,-7.13,False,-5.4,False,True,6.96,-10.66,False,crossed,3.0,,,,False,,,False,,-16.73,1189.0,1399.0,2026-01-06,-15.01,False,2026-07-23,2026-02-17,,0.08,0.28,0.59,16.27,18.42,32.25,-3.4,-8.05,-5.44
6768.T,タムラ製作所,2026-07-28,808.0,856.0,1135.0,False,-24.58,1.89,0.88,,,,,2026-05-26,44.0,66.26,True,11.43,True,False,17.45,-18.24,False,,,,,,,,,,,,,,,,,,,,0.0,0.69,0.87,27.99,27.99,27.99,3.06,28.25,65.91
7203.T,トヨタ自動車,2026-07-28,3009.0,3015.0,4000.0,False,-24.62,0.87,1.01,,,,,2026-02-09,113.0,18.86,False,-5.56,False,True,8.62,-17.33,False,,,,,,,,,,,,,,,,,,,,0.2,0.82,0.02,13.69,31.9,31.9,-1.89,-16.04,18.84
6258.T,平田機工,2026-07-28,2715.0,2830.0,3755.0,False,-24.63,1.5,0.64,,,,,2026-05-14,52.0,33.48,True,3.1,True,True,16.26,-22.88,False,,,,,,,,,,,,,,,,,,,,0.13,0.17,0.79,29.21,29.21,29.21,-10.1,1.76,34.01
9551.T,メタウォーター,2026-07-28,3075.0,3180.0,4220.0,False,-24.64,1.29,0.87,,,,,2026-03-02,100.0,32.6,False,-9.65,True,False,11.15,-19.05,False,,,,,,,,,,,,,,,,,,,,0.19,0.47,0.36,15.06,26.79,26.79,-15.06,-11.51,31.35
1450.T,ＴＡＮＡＫＥＮ,2026-07-28,1408.0,1409.0,1870.0,False,-24.65,0.74,0.39,,,,,2026-03-16,90.0,0.79,False,-2.3,False,True,4.76,-6.99,False,imminent,,-1.53,,,False,,,,,,,,,,,,2026-04-24,,0.16,0.5,0.0,11.61,20.12,20.12,-1.54,-2.02,0.64
6540.T,船場,2026-07-28,1486.0,1507.0,2000.0,False,-24.65,2.15,0.97,,,,,2025-09-26,202.0,-17.9,False,-13.66,False,True,5.21,-8.82,False,,,,,,,,,,,,,,,,,,,,0.29,0.79,0.57,13.27,25.27,26.33,-11.6,-20.02,-18.97
9428.T,クロップス,2026-07-28,1300.0,1329.0,1764.0,False,-24.66,1.01,0.8,,,,,2025-07-29,242.0,11.59,False,-6.81,False,True,5.39,-8.03,False,imminent,,-0.4,,,False,,,,,,,,,,,,2026-04-20,,0.0,0.58,0.27,11.31,24.52,28.89,-5.18,-7.93,11.59
6590.T,芝浦メカトロニクス,2026-07-28,4610.0,4760.0,6320.0,False,-24.68,0.6,1.37,,,,,2026-07-06,15.0,120.15,True,3.43,True,True,18.87,-31.66,False,crossed,51.0,,,2.91,True,-20.72,widening,False,,-23.17,5160.0,6000.0,2026-02-26,-14.0,True,2026-05-15,2026-04-06,,0.08,0.01,0.78,25.13,34.17,34.17,-7.06,-16.67,116.23
6063.T,日本エマージェンシーアシスタンス,2026-07-28,1000.0,1001.0,1329.0,False,-24.68,1.13,0.53,,,,,2025-03-26,327.0,0.6,True,5.48,True,True,4.84,-8.35,False,crossed,24.0,,,0.4,False,-2.9,narrowing,False,,-3.29,991.0,1034.0,2026-02-18,-4.16,False,2026-06-23,2026-03-26,,0.6,0.0,0.2,8.08,18.57,18.57,10.5,5.26,-0.1
3854.T,アイル,2026-07-28,2305.0,2327.0,3090.0,False,-24.69,1.19,0.88,,,,,2023-09-29,688.0,-10.66,False,-4.37,False,False,6.02,-13.33,False,imminent,,-2.83,,,True,,,,,,,,,,,,2026-06-24,,0.14,0.07,0.52,18.65,18.65,29.49,-3.76,-8.93,-10.03
2687.T,シー・ヴイ・エス・ベイエリア,2026-07-28,495.0,497.0,660.0,False,-24.7,0.87,1.02,,,,,2025-08-26,223.0,-13.61,False,-3.02,False,True,4.1,-6.68,False,imminent,,-0.72,,,False,,,,,,,,,,,,2025-10-16,,0.06,0.48,0.79,7.81,10.61,27.38,-2.75,-4.62,-12.08
8136.T,サンリオ,2026-07-28,1294.0,1308.0,1737.0,False,-24.7,1.27,0.71,,,,,2025-08-18,229.0,1.09,True,20.0,False,True,16.84,-21.98,False,crossed,15.0,,,0.52,False,9.84,widening,True,6.0,8.98,1155.0,1187.4,2026-02-17,-2.73,False,2026-07-06,2026-04-21,,0.68,0.0,0.47,13.65,29.34,51.46,35.88,41.95,1.83
8070.T,東京産業,2026-07-28,832.0,853.0,1133.0,False,-24.71,1.33,0.64,,,,,2025-11-26,162.0,7.49,False,-9.8,False,True,9.69,-14.2,False,imminent,,-1.63,,,False,,,,,,,,,,,,2026-02-13,,0.03,0.74,0.11,13.67,24.56,30.69,-7.56,-17.62,8.05
1921.T,巴コーポレーション,2026-07-28,1730.0,1761.0,2339.0,False,-24.71,1.38,0.34,,,,,2026-01-23,124.0,15.26,False,-10.16,True,True,8.51,-11.4,False,,,,,,,,,,,,,,,,,,,,0.46,0.72,0.18,21.2,28.86,28.86,-14.48,-25.27,15.26
7819.T,粧美堂,2026-07-28,951.0,1007.0,1338.0,False,-24.74,5.17,1.23,,,,,2026-03-11,93.0,35.86,True,0.25,False,True,19.18,-16.52,False,,,,,,,,,,,,,,,,,,,,0.16,0.16,0.18,26.52,38.76,38.76,-13.62,12.01,39.04
4736.T,日本ラッド,2026-07-28,581.0,592.0,787.0,False,-24.78,0.72,0.3,,,,,2024-03-08,582.0,-22.64,False,-6.67,False,True,6.76,-11.3,False,crossed,28.0,,,2.52,False,-6.96,widening,False,,-14.43,595.0,679.0,2026-01-19,-12.37,False,2026-06-17,2025-08-04,,0.27,0.19,0.83,11.51,18.31,31.03,3.2,-11.97,-21.49
4439.T,東名,2026-07-28,831.0,880.0,1170.0,False,-24.79,1.44,2.43,,,,,2025-02-05,359.0,-16.65,False,-11.77,False,True,9.48,-22.26,False,imminent,,-0.3,,,False,,,,,,,,,,,,2026-03-09,,0.18,0.73,0.37,20.62,37.36,38.48,-4.26,-24.45,-7.92
2970.T,ＧＬＣ　ＧＲＯＵＰ,2026-07-28,954.0,958.0,1274.0,False,-24.8,0.23,1.25,,,,,2026-02-17,108.0,22.31,False,-6.64,False,False,18.8,-22.93,False,diverging,,-10.77,-0.49,,True,,,,,,,,,,,,2026-07-07,,0.44,0.02,0.22,23.72,27.38,35.53,-14.75,15.64,23.1
5126.T,ポーターズ,2026-07-28,1569.0,1609.0,2140.0,False,-24.81,1.43,1.17,,,,,,,-18.91,False,-4.52,False,True,5.7,-11.57,False,crossed,5.0,,,1.88,False,1.13,,False,,-9.78,1540.0,1739.0,2026-01-09,-11.44,False,2026-07-21,2025-09-26,,0.09,0.29,0.85,15.18,23.42,34.62,0.51,-5.99,-20.68
8077.T,トルク,2026-07-28,209.0,209.0,278.0,False,-24.82,0.57,0.74,,,,,2025-09-12,210.0,-17.39,False,-8.06,False,True,3.89,-9.66,False,imminent,,-0.01,,,False,,,,,,,,,,,,2025-11-06,,0.0,0.62,0.88,6.13,18.78,28.16,-0.95,-14.69,-18.04
1848.T,富士ピー・エス,2026-07-28,636.0,642.0,854.0,False,-24.82,0.35,2.05,,,,,2026-02-13,110.0,24.22,True,8.38,True,True,5.97,-12.46,False,crossed,32.0,,,2.37,False,2.24,narrowing,False,,-22.63,591.0,822.0,2026-02-13,-28.1,True,2026-06-11,2026-03-27,3ヶ月,0.84,0.01,0.44,4.79,32.48,32.48,10.61,-1.24,23.26
5162.T,朝日ラバー,2026-07-28,782.0,808.0,1075.0,False,-24.84,0.48,0.44,,,,,2026-03-23,86.0,25.93,True,7.92,True,True,9.04,-16.17,False,crossed,16.0,,,0.38,True,-3.72,widening,False,,-15.46,793.0,925.0,2026-03-19,-14.27,False,2026-07-03,2026-05-14,,0.3,0.03,0.62,25.5,35.24,35.24,4.83,12.52,25.52
2938.T,オカムラ食品工業,2026-07-28,1252.0,1264.0,1682.0,False,-24.85,0.46,0.7,,,,,2026-05-29,41.0,11.29,True,2.28,True,False,12.59,-18.29,False,,,,,,,,,,,,,,,,,,,,0.01,0.32,0.17,24.92,24.92,27.82,5.12,7.93,11.69
6390.T,加藤製作所,2026-07-28,1325.0,1340.0,1783.0,False,-24.85,0.79,0.71,,,,,2026-02-27,101.0,-1.27,False,-3.31,False,True,12.75,-23.16,False,imminent,,-1.77,,,False,,,,,,,,,,,,2026-04-16,,0.05,0.49,0.03,17.86,33.71,33.71,-5.36,-3.99,-0.38
7878.T,光・彩,2026-07-28,1418.0,1422.0,1893.0,False,-24.88,0.09,0.36,,,,,2026-07-02,17.0,7.51,True,25.84,True,True,25.22,-24.65,False,crossed,21.0,,,15.76,False,-5.95,widening,True,4.0,-9.68,1459.0,1570.0,2026-02-18,-7.07,True,2026-06-26,2026-04-20,,0.71,0.05,0.0,23.72,45.67,45.67,34.54,35.82,17.97
8132.T,シナネンホールディングス,2026-07-28,6500.0,6820.0,9080.0,False,-24.89,1.73,0.73,,,,,2026-05-19,49.0,-1.52,False,-6.11,True,False,8.51,-11.07,False,diverging,,-5.88,-0.44,,True,,,,,,,,,,,,2026-07-07,,0.15,0.13,0.37,25.88,25.88,25.88,-5.52,0.0,-1.96
9843.T,ニトリホールディングス,2026-07-28,2623.0,2623.0,3493.0,False,-24.91,0.79,0.9,,,,,2024-03-25,572.0,-0.57,True,0.41,False,False,11.98,-19.52,False,,,,,,,,,,,,,,,,,,,,0.03,0.39,0.12,15.68,35.42,35.42,14.12,-1.34,0.54
7345.T,アイ・パートナーズフィナンシャル,2026-07-28,951.0,953.0,1270.0,False,-24.96,0.37,1.13,,,,,2026-03-17,89.0,63.97,True,10.01,True,False,9.09,-6.67,False,,,,,,,,,,,,,,,,,,,,0.48,0.0,0.77,14.92,24.88,24.88,-6.31,16.69,63.68
4975.T,ＪＣＵ,2026-07-28,5730.0,6070.0,8090.0,False,-24.97,0.96,0.93,,,,,2026-06-26,21.0,72.85,False,-2.36,True,False,16.19,-25.1,False,,,,,,,,,,,,,,,,,,,,0.07,0.41,0.87,28.37,28.37,28.37,-8.32,0.88,72.33
6871.T,日本マイクロニクス,2026-07-28,12770.0,13640.0,18180.0,False,-24.97,0.85,1.05,,,,,2026-07-01,18.0,142.31,True,17.96,True,True,28.12,-28.06,False,,,,,,,,,,,,,,,,,,,,0.23,0.76,0.91,27.65,29.47,36.24,1.83,39.72,132.6
3945.T,スーパーバッグ,2026-07-28,2240.0,2250.0,2999.0,False,-24.97,0.09,0.43,,,,,2025-10-21,186.0,-12.64,False,-10.54,False,True,5.91,-16.1,False,crossed,0.0,,,,False,,,False,,-20.9,2240.0,2832.0,2026-01-07,-20.9,False,2026-07-28,2026-03-02,,0.07,0.73,0.54,6.49,25.83,29.3,0.22,-20.31,-11.81
7940.T,ウェーブロックホールディングス,2026-07-08,1057.0,1059.0,1412.0,False,-25.0,1.06,1.22,,,,,2025-12-29,126.0,79.15,False,-1.48,True,True,21.03,-18.42,False,imminent,,-0.2,,,False,,,,,,,,,,,,2026-03-11,,0.06,0.74,0.5,5.35,24.72,24.78,-0.47,-22.45,78.55
7965.T,象印マホービン,2026-07-28,1440.0,1449.0,1932.0,False,-25.0,0.64,1.72,,,,,2025-07-11,253.0,-23.65,False,-8.3,False,False,5.51,-8.22,False,,,,,,,,,,,,,,,,,,,,0.66,0.46,0.68,18.98,23.18,28.96,-11.28,-9.21,-23.2
8046.T,丸藤シートパイル,2026-07-28,893.0,915.0,1220.0,False,-25.0,1.85,0.83,,,,,2026-03-11,93.0,48.09,True,1.14,True,True,8.54,-8.65,False,imminent,,-1.79,,,False,,,,,,,,,,,,2026-05-07,,0.01,0.36,0.43,14.63,30.41,30.41,-4.18,4.69,48.59
4094.T,日本化学産業,2026-07-28,2077.0,2099.0,2799.0,False,-25.01,1.98,0.99,,,,,2026-03-03,99.0,3.08,False,-11.25,False,True,7.01,-13.32,False,,,,,,,,,,,,,,,,,,,,0.3,0.86,0.04,16.27,28.22,28.22,-12.4,-23.78,-0.14
6999.T,ＫＯＡ,2026-07-28,2232.0,2456.0,3275.0,False,-25.01,2.1,1.95,,,,,2026-06-22,25.0,168.59,True,23.13,True,False,21.21,-27.26,False,,,,,,,,,,,,,,,,,,,,0.35,0.75,0.9,27.3,28.84,28.84,10.99,50.51,165.4
5279.T,日本興業,2026-07-28,1198.0,1199.0,1599.0,False,-25.02,2.89,1.02,,,,,2025-09-11,211.0,-10.46,False,-7.6,False,True,7.08,-17.93,False,crossed,8.0,,,-2.44,False,-3.92,widening,False,,-22.71,1232.0,1550.0,2026-01-23,-20.52,False,2026-07-15,2026-03-27,,0.03,0.63,0.29,20.96,29.68,30.79,-11.39,-16.22,-8.34
4462.T,石原ケミカル,2026-07-28,2796.0,2905.0,3875.0,False,-25.03,1.14,0.37,,,,,2026-06-19,26.0,42.65,True,10.31,True,True,13.65,-19.2,False,crossed,68.0,,,-1.96,True,-10.36,widening,True,37.0,-8.33,2698.0,3050.0,2026-02-25,-11.54,False,2026-04-16,2026-04-10,,0.31,0.47,0.83,26.71,26.71,26.71,3.56,16.02,44.87
6771.T,池上通信機,2026-07-28,644.0,655.0,874.0,False,-25.06,1.42,0.65,,,,,2026-04-17,67.0,4.38,False,-4.22,True,True,10.13,-17.94,False,,,,,,,,,,,,,,,,,,,,0.43,0.23,0.31,26.74,28.45,28.45,-22.78,-4.45,4.21
6535.T,アイモバイル,2026-07-28,540.0,544.0,726.0,False,-25.07,1.02,1.46,,,,,2025-09-11,211.0,-16.67,True,2.58,False,True,6.6,-10.97,False,crossed,8.0,,,1.15,True,1.9,widening,False,,-4.59,524.0,566.0,2026-04-17,-7.42,False,2026-07-15,2026-05-27,,0.13,0.03,0.66,13.8,19.43,33.33,3.45,5.26,-16.02
9214.T,Ｒｅｃｏｖｅｒｙ　Ｉｎｔｅｒｎａｔｉｏｎａｌ,2026-07-28,1260.0,1294.0,1727.0,False,-25.07,1.71,0.86,,,,,2025-09-12,210.0,-7.08,False,-9.31,False,True,6.51,-7.7,False,,,,,,,,,,,,,,,,,,,,0.53,0.57,0.55,14.39,18.67,28.24,-7.35,-8.63,-7.62
253A.T,ＥＴＳグループ,2026-07-28,1126.0,1138.0,1519.0,False,-25.08,0.85,0.69,,,,,2026-02-16,109.0,33.73,False,-1.29,True,True,16.32,-23.02,False,,,,,,,,,,,,,,,,,,,,0.31,0.3,0.14,27.06,33.95,33.95,-6.79,-4.74,35.66
6090.T,ヒューマン・メタボローム・テクノロジーズ,2026-07-28,588.0,597.0,797.0,False,-25.09,0.89,0.88,,,,,2025-06-05,279.0,-22.63,False,-12.58,False,False,4.14,-8.02,False,,,,,,,,,,,,,,,,,,,,0.73,0.74,0.58,18.27,24.58,27.05,-16.71,-15.76,-21.81
7222.T,日産車体,2026-07-28,978.0,988.0,1319.0,False,-25.09,0.65,1.08,,,,,2025-09-22,205.0,-10.77,False,-4.3,False,False,11.5,-16.55,False,imminent,,-2.91,,,True,,,,,,,,,,,,2026-06-26,,0.11,0.36,0.6,15.65,18.54,30.96,5.84,-6.68,-11.17
9763.T,丸建リース,2026-07-28,1252.0,1261.0,1683.3,False,-25.09,1.11,0.67,,,,,2026-02-26,102.0,22.95,False,-5.58,True,True,8.81,-16.84,False,imminent,,-2.39,,,False,,,,,,,,,,,,2026-04-10,,0.19,0.84,0.2,11.79,30.4,30.4,-4.65,-20.09,23.35
3591.T,ワコールホールディングス,2026-07-28,4509.0,4535.0,6055.0,False,-25.1,0.7,0.78,,,,,2025-08-14,231.0,-9.33,False,-2.71,False,False,7.9,-12.86,False,diverging,,-1.38,-0.04,,True,,,,,,,,,,,,2026-07-06,,0.26,0.02,0.61,10.88,19.79,33.92,-5.47,2.22,-9.93
6200.T,インソース,2026-07-28,759.0,770.0,1028.0,False,-25.1,1.23,1.74,,,,,2024-12-13,392.0,-21.99,True,2.06,False,True,9.72,-15.91,False,imminent,,-0.5,,,False,,,,,,,,,,,,2025-10-20,,0.0,0.54,0.89,16.23,31.05,43.99,12.11,-7.66,-21.35
3280.T,エストラスト,2026-07-28,906.0,913.0,1220.0,False,-25.16,0.69,1.84,,,,,2025-07-30,241.0,-24.56,False,-13.56,False,False,5.36,-11.13,False,,,,,,,,,,,,,,,,,,,,0.0,0.74,0.66,10.8,23.79,26.11,-7.17,-20.94,-22.63
3930.T,はてな,2026-07-28,1106.0,1109.0,1482.0,False,-25.17,1.24,1.42,,,,,2025-06-13,273.0,-21.89,True,13.59,False,True,12.53,-27.98,False,crossed,12.0,,,-1.15,True,-3.86,widening,False,,-12.08,1130.0,1258.0,2026-04-14,-10.17,False,2026-07-09,2026-05-26,,0.63,0.14,0.18,29.72,34.02,42.2,-6.35,19.31,-20.6
2918.T,わらべや日洋ホールディングス,2026-07-28,2823.0,2858.0,3820.0,False,-25.18,0.7,1.99,,,,,2026-02-13,110.0,7.42,False,-7.43,False,True,6.39,-13.17,False,imminent,,-1.02,,,False,,,,,,,,,,,,2026-03-19,,0.04,0.8,0.05,10.52,32.64,32.64,-0.67,-18.06,1.22
1964.T,中外炉工業,2026-07-28,3810.0,3905.0,5220.0,False,-25.19,2.09,1.53,,,,,2025-10-29,180.0,10.92,False,-13.77,False,False,10.27,-20.02,False,,,,,,,,,,,,,,,,,,,,0.61,0.68,0.03,19.19,26.31,26.31,-7.86,-16.72,11.4
2415.T,ヒューマンホールディングス,2026-07-28,1573.0,1579.0,2111.0,False,-25.2,2.75,0.26,,,,,2025-09-30,200.0,-5.86,False,-11.71,False,True,5.5,-7.46,False,,,,,,,,,,,,,,,,,,,,0.0,0.8,0.51,9.58,22.83,27.94,-5.81,-19.29,-5.13
4420.T,イーソル,2026-07-28,736.0,751.0,1004.0,False,-25.2,0.41,0.75,,,,,2026-06-09,34.0,37.06,True,21.46,True,False,12.53,-8.98,False,crossed,52.0,,,15.43,True,8.01,narrowing,True,0.0,18.33,622.0,622.0,2026-05-14,0.0,False,2026-05-14,2026-04-20,,0.5,0.72,0.45,20.78,20.78,24.64,38.35,33.09,41.54
7713.T,シグマ光機,2026-07-28,1837.0,1940.0,2594.0,False,-25.21,1.33,0.56,,,,,2026-06-22,25.0,39.59,True,0.72,True,False,14.03,-15.23,False,,,,,,,,,,,,,,,,,,,,0.02,0.41,0.83,28.16,28.16,28.16,-4.37,15.53,39.38
3092.T,ＺＯＺＯ,2026-07-28,1178.5,1187.5,1588.0,False,-25.22,0.47,0.7,,,,,2024-10-17,432.0,-22.44,False,-0.66,False,True,6.73,-10.74,False,crossed,19.0,,,3.0,False,-0.21,narrowing,False,,-9.55,1149.0,1303.0,2026-01-09,-11.82,False,2026-06-30,2025-08-01,3ヶ月,0.75,0.06,0.8,7.01,22.73,37.21,11.44,-4.19,-21.67
8769.T,アドバンテッジリスクマネジメント,2026-07-28,504.0,518.0,693.0,False,-25.25,1.32,1.27,,,,,2025-03-17,333.0,-12.35,False,-8.77,False,True,8.52,-15.41,False,crossed,15.0,,,-2.5,False,-5.08,widening,False,,-26.21,519.0,683.0,2026-01-19,-24.01,False,2026-07-06,2026-02-03,,0.29,0.28,0.52,9.39,31.98,33.97,2.86,-20.88,-14.29
3842.T,ネクストジェン,2026-07-28,993.0,994.0,1330.0,False,-25.26,0.6,0.62,,,,,2025-11-07,174.0,10.83,False,-3.18,False,False,10.83,-16.07,False,imminent,,-2.21,,,False,,,,,,,,,,,,2026-04-03,,0.27,0.61,0.24,11.7,24.53,32.34,2.58,-5.7,11.82
1802.T,大林組,2026-07-28,3268.0,3317.0,4439.0,False,-25.28,0.49,0.71,,,,,2026-02-27,101.0,49.67,False,-2.99,True,True,11.82,-14.95,False,,,,,,,,,,,,,,,,,,,,0.34,0.64,0.54,21.86,30.71,30.71,-9.15,-9.47,50.39
6675.T,サクサ,2026-07-28,2028.0,2074.0,2776.7,False,-25.31,1.38,0.64,,,,,2026-03-11,93.0,48.75,False,-0.51,True,True,12.91,-23.92,False,,,,,,,,,,,,,,,,,,,,0.32,0.6,0.38,16.88,32.87,32.87,-7.02,-1.87,48.21
9663.T,ナガワ,2026-07-28,5140.0,5220.0,6990.0,False,-25.32,0.52,0.89,,,,,2024-06-27,507.0,-17.63,False,-10.31,False,True,5.64,-11.46,False,imminent,,-0.9,,,False,,,,,,,,,,,,2026-02-06,,0.06,0.79,0.8,12.22,25.08,32.01,-1.72,-17.23,-16.29
3696.T,セレス,2026-07-28,2111.0,2128.0,2850.0,False,-25.33,0.52,0.65,,,,,2024-12-16,391.0,-18.9,True,11.05,False,True,12.67,-18.43,False,crossed,52.0,,,-0.49,False,3.98,widening,True,33.0,2.38,1847.0,2062.0,2026-05-01,-10.43,False,2026-05-14,2025-10-27,,0.45,0.34,0.46,17.6,26.13,48.21,41.2,10.58,-17.86
1972.T,三晃金属工業,2026-07-28,1273.0,1294.0,1734.0,False,-25.37,0.67,0.55,,,,,2025-09-08,214.0,-5.42,False,-7.08,False,True,5.83,-12.19,False,crossed,1.0,,,,False,,,False,,-18.03,1288.0,1553.0,2026-01-16,-17.06,False,2026-07-27,2026-03-16,,0.1,0.76,0.61,8.8,23.3,30.8,1.03,-16.74,-5.84
6707.T,サンケン電気,2026-07-28,8313.0,8831.0,11835.0,False,-25.38,1.01,0.66,,,,,2026-07-01,18.0,-5.49,True,6.67,True,True,19.48,-27.19,False,crossed,121.0,,,12.75,False,-1.52,narrowing,,,,6806.0,,,,False,2026-01-28,2025-09-16,,0.09,0.64,0.19,28.89,28.89,43.79,-14.35,21.36,-4.56
3690.T,イルグルム,2026-07-28,535.0,535.0,717.0,False,-25.38,0.83,0.54,,,,,2025-08-25,224.0,0.0,False,-5.42,False,True,7.86,-6.41,False,imminent,,-0.47,,,False,,,,,,,,,,,,2025-10-31,,0.03,0.72,0.51,7.76,15.54,28.03,-3.43,-8.55,0.0
7486.T,サンリン,2026-07-28,805.0,805.0,1079.0,False,-25.39,3.33,1.14,,,,,2026-03-10,94.0,17.52,True,7.19,True,True,6.04,-9.7,False,crossed,19.0,,,-1.04,False,2.18,widening,False,,-13.35,767.0,929.0,2026-03-09,-17.44,False,2026-06-30,2026-04-08,3ヶ月,0.76,0.05,0.41,3.76,22.82,22.82,8.05,2.03,16.84
3918.T,ＰＣＩホールディングス,2026-07-28,1212.0,1222.0,1638.0,False,-25.4,0.81,0.85,,,,,2026-01-23,124.0,11.29,True,0.76,False,True,9.83,-16.27,False,crossed,39.0,,,-0.76,False,-5.2,widening,False,,-24.58,1191.0,1607.0,2026-01-23,-25.89,False,2026-06-02,2026-03-09,,0.6,0.03,0.01,4.88,36.96,36.96,17.44,-24.16,11.91
6867.T,リーダー電子,2026-07-28,420.0,423.0,567.0,False,-25.4,0.39,1.23,,,,,2025-06-19,269.0,-20.75,False,-8.23,False,True,4.07,-11.35,False,crossed,14.0,,,-6.5,False,-7.87,widening,False,,-17.32,446.0,508.0,2026-01-05,-12.2,False,2026-07-07,2026-02-09,,0.18,0.48,0.84,8.2,20.36,27.65,1.2,-16.33,-20.15
2768.T,双日,2026-07-28,5336.0,5413.0,7257.0,False,-25.41,0.66,1.02,,,,,2026-03-03,99.0,46.19,False,-0.56,True,False,10.84,-13.49,False,,,,,,,,,,,,,,,,,,,,0.5,0.55,0.59,19.14,28.98,28.98,-9.77,-8.11,48.39
1810.T,松井建設,2026-07-28,1447.0,1465.0,1964.0,False,-25.41,0.53,1.14,,,,,2026-02-26,102.0,15.39,False,-4.36,False,True,12.26,-18.93,False,imminent,,-1.41,,,False,,,,,,,,,,,,2026-04-15,,0.02,0.57,0.05,15.64,33.25,33.25,-3.28,-9.39,17.64
304A.T,フォルシア,2026-07-28,2010.0,2050.0,2749.0,False,-25.43,0.43,2.68,,,,,,,-13.36,True,3.94,False,True,8.93,-21.8,False,crossed,8.0,,,5.68,True,6.56,widening,False,,-3.46,1866.0,2082.0,2026-04-15,-10.37,False,2026-07-15,2026-05-27,,0.32,0.01,0.61,11.3,18.2,36.81,4.69,1.88,-3.04
3760.T,ケイブ,2026-07-28,755.0,789.0,1058.0,False,-25.43,1.54,1.95,,,,,2023-04-18,800.0,-27.4,True,8.98,False,True,7.93,-11.64,False,crossed,18.0,,,-3.53,False,13.35,widening,True,17.0,-0.79,651.0,761.0,2026-01-06,-14.45,False,2026-07-01,2025-08-06,3ヶ月,0.74,0.01,0.8,5.59,14.16,42.05,24.38,9.42,-15.92
5969.T,ロブテックス,2026-07-28,1193.0,1193.0,1600.0,False,-25.44,0.25,4.41,,,,,2026-02-17,108.0,-2.13,False,-2.21,True,False,3.14,-6.32,False,,,,,,,,,,,,,,,,,,,,0.28,0.5,0.0,6.64,23.03,23.03,-0.83,-3.56,-2.13
8129.T,東邦ホールディングス,2026-07-28,4247.0,4268.0,5726.0,False,-25.46,0.75,1.09,,,,,2025-09-09,213.0,-10.98,False,-7.03,False,False,5.75,-9.41,False,,,,,,,,,,,,,,,,,,,,0.46,0.77,0.76,15.96,24.39,33.97,-2.55,-11.45,-9.98
7735.T,ＳＣＲＥＥＮホールディングス,2026-07-28,14105.0,14735.0,19770.0,False,-25.47,0.79,1.14,,,,,2026-07-01,18.0,138.66,True,37.46,True,True,22.92,-22.01,False,,,,,,,,,,,,,,,,,,,,0.79,0.67,0.88,27.63,27.63,27.63,32.94,43.16,133.33
3622.T,ネットイヤーグループ,2026-07-28,518.0,518.0,695.0,False,-25.47,1.44,0.77,,,,,2025-06-19,269.0,-21.52,False,-6.43,False,True,7.99,-14.18,False,imminent,,-2.27,,,False,,,,,,,,,,,,2026-03-10,,0.31,0.73,0.5,12.7,28.67,28.67,-6.83,-22.57,-20.55
8473.T,ＳＢＩホールディングス,2026-07-28,2817.5,2880.0,3866.0,False,-25.5,0.51,1.21,,,,,2026-01-15,130.0,1.68,False,-11.14,False,False,10.73,-14.96,False,diverging,,-5.88,-2.09,,False,,,,,,,,,,,,2026-03-04,,0.62,0.7,0.26,16.46,26.8,31.5,-5.39,-20.45,-0.76
2461.T,ファンコミュニケーションズ,2026-07-28,406.0,409.0,549.0,False,-25.5,0.33,1.31,,,,,2025-12-01,159.0,-14.16,False,-13.41,False,False,6.2,-11.45,False,,,,,,,,,,,,,,,,,,,,0.66,0.9,0.69,14.47,20.48,27.34,-12.12,-18.47,-12.69
9602.T,東宝,2026-07-28,1533.5,1534.0,2059.0,False,-25.5,1.1,1.11,,,,,2025-08-19,228.0,-7.98,False,-2.12,False,True,9.22,-15.62,False,imminent,,-0.33,,,False,,,,,,,,,,,,2026-04-30,,0.02,0.55,0.83,18.57,30.57,40.88,4.14,-4.54,-7.48
8111.T,ゴールドウイン,2026-07-28,2378.0,2381.5,3198.0,False,-25.53,0.61,0.77,,,,,2025-11-14,169.0,-11.14,False,-2.55,False,True,8.45,-14.96,False,crossed,9.0,,,-0.11,False,2.8,widening,False,,-10.35,2284.5,2652.5,2026-02-05,-13.87,False,2026-07-14,2026-01-14,,0.28,0.5,0.43,9.76,21.53,34.03,9.08,-8.5,-10.69
2471.T,エスプール,2026-07-28,269.0,274.0,368.0,False,-25.54,0.94,1.71,,,,,2022-04-05,1054.0,-24.65,True,1.72,False,True,6.86,-17.73,False,crossed,18.0,,,4.62,False,0.83,narrowing,False,,-3.58,260.0,279.0,2026-01-09,-6.81,False,2026-07-01,2025-10-27,3ヶ月,0.8,0.0,0.69,7.82,16.1,36.72,12.08,3.07,-21.8
5201.T,ＡＧＣ,2026-07-28,6082.0,6190.0,8315.0,False,-25.56,1.01,0.56,,,,,2026-06-03,38.0,38.92,True,3.76,True,False,12.77,-20.66,False,crossed,43.0,,,17.11,True,-21.45,widening,True,4.0,-14.36,7020.0,7102.0,2026-05-26,-1.15,False,2026-05-27,2026-04-08,,0.09,0.26,0.81,26.02,26.02,26.02,8.05,8.26,40.82
6954.T,ファナック,2026-07-28,6336.0,6609.0,8880.0,False,-25.57,0.96,0.86,,,,,2026-05-14,52.0,69.05,True,0.94,True,False,15.45,-25.46,False,,,,,,,,,,,,,,,,,,,,0.21,0.27,0.82,24.82,25.46,25.46,1.28,-3.71,69.77
5368.T,日本インシュレーション,2026-07-28,991.0,1010.0,1357.0,False,-25.57,0.97,0.99,,,,,2026-02-27,101.0,-1.2,False,-6.76,False,True,11.14,-20.27,False,,,,,,,,,,,,,,,,,,,,0.16,0.59,0.01,23.02,33.24,33.24,-15.8,-12.15,-0.8
6941.T,山一電機,2026-07-28,8250.0,8500.0,11420.0,False,-25.57,0.9,0.7,,,,,2026-06-23,24.0,216.09,True,9.21,True,False,20.44,-16.07,False,,,,,,,,,,,,,,,,,,,,0.1,0.31,0.89,29.07,29.07,29.07,-21.05,32.21,206.12
2130.T,メンバーズ,2026-07-28,1093.0,1100.0,1478.0,False,-25.58,0.62,0.48,,,,,2026-01-26,123.0,-9.29,False,-5.58,False,True,9.61,-14.45,False,imminent,,-0.17,,,False,,,,,,,,,,,,2026-03-06,,0.03,0.4,0.37,18.97,35.51,35.51,0.37,-22.7,-11.93
4686.T,ジャストシステム,2026-07-28,3970.0,3980.0,5350.0,False,-25.61,0.79,0.72,,,,,2025-11-11,172.0,8.47,False,-6.5,False,False,10.75,-17.89,False,crossed,0.0,,,,True,,,False,,-24.67,3970.0,5270.0,2026-01-14,-24.67,False,2026-07-28,2026-07-24,,0.01,0.1,0.29,15.91,32.31,35.5,10.89,-20.6,9.67
9253.T,スローガン,2026-07-28,717.0,717.0,964.0,False,-25.62,0.15,1.47,,,,,2025-10-07,195.0,-5.28,False,-7.14,False,False,7.68,-10.3,False,diverging,,-3.47,-1.12,,True,,,,,,,,,,,,2026-06-03,,0.65,0.34,0.4,11.78,14.36,24.87,-8.89,-8.08,-2.98
7270.T,ＳＵＢＡＲＵ,2026-07-28,2697.0,2709.0,3642.0,False,-25.62,1.05,0.75,,,,,2025-12-16,148.0,3.87,False,-7.27,False,True,8.37,-16.28,False,crossed,13.0,,,-1.01,False,4.93,widening,False,,-25.04,2525.0,3598.0,2026-01-14,-29.82,False,2026-07-08,2026-02-10,,0.4,0.53,0.37,8.03,35.33,36.41,10.19,-22.7,4.47
4970.T,東洋合成工業,2026-07-28,12590.0,14360.0,19310.0,False,-25.63,1.13,1.06,,,,,2026-05-14,52.0,158.79,True,15.76,True,False,20.52,-23.97,False,,,,,,,,,,,,,,,,,,,,0.09,0.73,0.93,32.96,32.96,32.96,-7.83,50.96,160.39
4020.T,ビートレンド,2026-07-28,689.0,693.0,932.0,False,-25.64,0.42,1.24,,,,,2024-02-14,598.0,6.99,False,-8.35,False,True,9.77,-13.05,False,crossed,2.0,,,,False,,,False,,-11.89,687.0,782.0,2026-01-06,-12.15,False,2026-07-24,2026-01-14,,0.01,0.41,0.03,6.63,16.5,29.33,0.58,-10.87,7.15
6965.T,浜松ホトニクス,2026-07-28,2185.0,2304.5,3100.0,False,-25.66,1.08,0.63,,,,,2026-05-25,45.0,23.27,True,8.8,True,False,16.89,-18.2,False,,,,,,,,,,,,,,,,,,,,0.03,0.67,0.64,26.52,26.52,26.52,13.71,24.01,19.63
3440.T,日創グループ,2026-07-28,878.0,886.0,1192.0,False,-25.67,2.58,2.26,,,,,2025-08-25,224.0,-15.82,False,-8.24,False,True,6.11,-17.4,False,imminent,,-1.2,,,False,,,,,,,,,,,,2026-04-08,,0.14,0.67,0.51,10.0,15.41,25.95,-6.0,-10.32,-12.72
7836.T,アビックス,2026-07-28,80.0,81.0,109.0,False,-25.69,0.8,0.49,,,,,2025-02-17,352.0,-20.79,False,-8.12,False,True,3.19,-6.59,False,imminent,,-2.45,,,False,,,,,,,,,,,,2026-04-13,,0.35,0.58,0.79,15.38,21.43,28.7,-9.09,-11.11,-18.37
6289.T,技研製作所,2026-07-28,1891.0,1908.0,2570.0,False,-25.76,0.76,1.34,,,,,2026-02-25,103.0,34.59,True,0.31,True,True,11.28,-21.04,False,imminent,,-0.07,,,False,,,,,,,,,,,,2026-04-06,,0.06,0.62,0.36,8.1,31.6,31.6,5.06,-8.87,36.53
5602.T,栗本鐵工所,2026-07-28,1493.0,1517.0,2044.0,False,-25.78,1.12,0.9,,,,,2026-01-16,129.0,7.1,False,-7.22,False,True,8.51,-14.35,False,imminent,,-0.19,,,False,,,,,,,,,,,,2026-03-03,,0.04,0.68,0.18,12.86,27.73,32.56,-1.52,-19.6,14.67
7721.T,東京計器,2026-07-28,6800.0,7080.0,9540.0,False,-25.79,0.81,0.91,,,,,2026-03-03,99.0,70.64,True,3.83,True,True,19.39,-29.76,False,imminent,,-1.98,,,False,,,,,,,,,,,,2026-04-21,,0.06,0.36,0.48,37.78,45.28,45.28,-16.05,-1.45,69.79
6149.T,小田原エンジニアリング,2026-07-28,2129.0,2187.0,2950.0,False,-25.86,1.06,0.48,,,,,2025-09-29,201.0,11.58,False,-2.86,False,True,11.27,-16.12,False,crossed,35.0,,,-0.29,False,-2.1,widening,False,,-7.56,2050.0,2303.0,2026-02-12,-10.99,True,2026-06-08,2025-11-21,3ヶ月,0.73,0.01,0.27,4.6,19.11,36.63,9.07,-4.66,11.23
3927.T,フーバーブレイン,2026-07-28,930.0,949.0,1280.0,False,-25.86,1.07,0.39,,,,,2026-03-27,82.0,3.79,True,1.85,True,True,12.68,-15.19,False,,,,,,,,,,,,,,,,,,,,0.25,0.0,0.28,27.76,31.91,31.91,-9.71,8.77,7.89
8801.T,三井不動産,2026-07-28,1598.0,1600.0,2158.0,False,-25.86,0.73,0.64,,,,,2026-02-12,111.0,15.59,False,-6.62,False,True,11.32,-21.41,False,,,,,,,,,,,,,,,,,,,,0.17,0.7,0.01,15.37,32.57,32.57,-6.22,-12.89,17.28
7995.T,バルカー,2026-07-28,6290.0,6420.0,8660.0,False,-25.87,0.78,0.69,,,,,2026-06-03,38.0,102.25,True,20.17,True,False,17.19,-15.27,False,,,,,,,,,,,,,,,,,,,,0.01,0.73,0.86,25.47,25.47,25.47,9.58,39.47,100.64
4979.T,ＯＡＴアグリオ,2026-07-28,2436.0,2483.0,3350.0,False,-25.88,0.89,0.82,,,,,2026-03-16,90.0,10.63,False,-0.12,True,False,8.27,-9.86,False,diverging,,-4.37,-0.53,,True,,,,,,,,,,,,2026-06-19,,0.57,0.15,0.25,16.58,20.52,20.52,-5.1,11.49,9.04
3623.T,ビリングシステム,2026-07-28,1015.0,1028.0,1387.0,False,-25.88,1.66,0.47,,,,,2024-09-13,453.0,-6.8,False,-2.91,False,True,8.03,-10.31,False,imminent,,-0.51,,,False,,,,,,,,,,,,2026-05-27,,0.1,0.05,0.21,11.38,16.29,24.94,-6.54,1.91,-5.32
5136.T,ｔｒｉｐｌａ,2026-07-28,1726.0,1770.0,2389.0,False,-25.91,0.85,0.38,,,,,2025-06-12,274.0,-23.12,True,4.0,False,True,9.72,-17.52,False,crossed,28.0,,,10.72,False,4.22,narrowing,True,13.0,-12.78,1586.0,1979.0,2026-01-15,-19.86,False,2026-06-17,2026-02-24,,0.66,0.06,0.46,18.92,31.84,44.87,25.89,-8.04,-18.78
9267.T,Ｇｅｎｋｙ　ＤｒｕｇＳｔｏｒｅｓ,2026-07-28,3985.0,4045.0,5460.0,False,-25.92,1.36,1.07,,,,,2025-10-31,178.0,-3.86,False,-6.44,False,True,9.59,-15.02,False,imminent,,-0.29,,,False,,,,,,,,,,,,2026-01-09,,0.01,0.61,0.61,20.82,32.45,41.2,2.97,-13.56,-2.21
4369.T,トリケミカル研究所,2026-07-28,3085.0,3300.0,4455.0,False,-25.93,1.05,0.74,,,,,2026-06-01,40.0,-8.46,False,-2.91,True,False,16.03,-30.72,False,,,,,,,,,,,,,,,,,,,,0.02,0.09,0.2,26.2,31.46,31.46,-3.59,-8.46,-10.19
4368.T,扶桑化学工業,2026-07-28,3515.0,3700.0,4995.0,False,-25.93,2.53,0.89,,,,,2026-06-22,25.0,163.62,True,20.39,True,False,16.17,-21.89,False,,,,,,,,,,,,,,,,,,,,0.16,0.75,0.96,28.19,28.19,28.19,15.25,40.79,162.64
2379.T,ディップ,2026-07-28,1847.0,1858.0,2509.0,False,-25.95,0.84,1.53,,,,,2021-11-18,1145.0,-20.9,False,-7.55,False,True,5.44,-12.41,False,crossed,0.0,,,,False,,,False,,-18.27,1847.0,2260.0,2026-01-13,-18.27,False,2026-07-28,2026-02-06,,0.11,0.64,0.87,6.84,20.28,32.03,1.09,-11.84,-20.66
3968.T,セグエグループ,2026-07-28,586.0,599.0,809.0,False,-25.96,0.66,1.0,,,,,2025-12-01,159.0,15.81,False,-1.38,False,True,15.49,-22.07,False,crossed,55.0,,,3.89,False,-2.56,widening,False,,-9.29,540.0,646.0,2026-01-19,-16.41,False,2026-05-11,2026-01-16,,0.47,0.5,0.11,14.22,22.12,39.33,14.01,-6.09,16.73
6402.T,兼松エンジニアリング,2026-07-28,1557.0,1584.0,2140.0,False,-25.98,0.67,0.82,,,,,2026-03-06,96.0,29.75,False,-3.87,False,True,11.33,-23.38,False,,,,,,,,,,,,,,,,,,,,0.05,0.47,0.06,28.77,37.41,37.41,-14.36,-8.41,29.97
5280.T,ヨシコン,2026-07-28,2325.0,2350.0,3175.0,False,-25.98,0.97,1.0,,,,,2026-01-13,132.0,4.64,False,-7.53,False,True,8.11,-14.57,False,imminent,,-1.21,,,False,,,,,,,,,,,,2026-03-05,,0.01,0.78,0.01,16.97,30.05,33.05,-7.77,-22.5,4.59
6400.T,不二精機,2026-07-28,261.0,262.0,354.0,False,-25.99,1.0,0.77,,,,,2025-10-16,189.0,-6.45,False,-7.74,False,False,7.52,-9.84,False,,,,,,,,,,,,,,,,,,,,0.67,0.77,0.18,10.42,21.34,21.34,-4.74,-11.22,-5.78
7611.T,ハイデイ日高,2026-07-28,2883.0,2886.0,3900.0,False,-26.0,0.71,1.3,,,,,2025-08-29,220.0,-15.33,False,-6.22,False,True,7.63,-9.99,False,imminent,,-1.04,,,False,,,,,,,,,,,,2025-10-22,,0.01,0.71,0.83,14.2,24.71,36.32,0.98,-10.6,-14.32
6231.T,木村工機,2026-07-28,12000.0,12600.0,17030.0,False,-26.01,0.84,1.04,,,,,2026-02-13,110.0,21.21,False,-5.78,True,True,10.93,-14.82,False,crossed,7.0,,,-2.63,False,-8.21,widening,False,,-27.84,12930.0,16630.0,2026-02-12,-22.25,False,2026-07-16,2026-04-16,,0.09,0.43,0.13,20.0,36.98,36.98,1.69,-7.48,23.33
1961.T,三機工業,2026-07-28,2341.0,2423.0,3275.0,False,-26.02,0.76,1.0,,,,,2026-06-23,24.0,66.03,True,4.8,True,True,13.74,-20.97,False,crossed,25.0,,,-2.4,True,-29.12,widening,True,0.0,-25.09,3125.0,3125.0,2026-06-22,0.0,False,2026-06-22,2026-05-26,,0.15,0.22,0.86,25.09,25.09,25.09,0.62,9.05,67.61
3288.T,オープンハウスグループ,2026-07-28,8671.0,8720.0,11790.0,False,-26.04,0.7,0.81,,,,,2026-02-20,105.0,28.69,False,-4.18,True,True,12.32,-13.53,False,,,,,,,,,,,,,,,,,,,,0.35,0.54,0.35,12.78,30.4,30.4,-6.76,-7.54,29.59
6678.T,テクノメディカ,2026-07-28,2038.0,2061.0,2787.0,False,-26.05,0.97,0.63,,,,,2026-02-25,103.0,10.4,False,-5.63,False,True,8.66,-11.4,False,,,,,,,,,,,,,,,,,,,,0.26,0.67,0.14,18.2,28.27,28.27,-4.32,-11.81,10.22
9519.T,レノバ,2026-07-28,980.0,1035.0,1400.0,False,-26.07,0.76,0.62,,,,,2026-05-22,46.0,28.95,True,12.73,True,False,14.71,-18.12,False,diverging,,-7.83,-0.99,,True,,,,,,,,,,,,2026-06-29,,0.4,0.43,0.19,40.58,40.58,40.58,-7.46,35.36,29.8
3625.T,テックファームホールディングス,2026-07-28,672.0,672.0,909.0,False,-26.07,10.04,7.82,,,,,2025-06-18,270.0,-22.49,True,3.99,False,True,10.09,-17.03,False,imminent,,-2.81,,,False,,,,,,,,,,,,2025-08-14,,0.24,0.7,0.81,16.3,24.43,40.63,8.04,-1.18,-22.49
5331.T,ノリタケ,2026-07-28,3260.0,3425.0,4635.0,False,-26.11,0.66,0.48,,,,,2026-06-01,40.0,68.48,True,2.29,True,False,10.24,-20.1,False,,,,,,,,,,,,,,,,,,,,0.02,0.45,0.91,28.19,28.19,28.19,-1.06,2.68,67.61
6998.T,日本タングステン,2026-07-28,1864.0,1905.0,2578.0,False,-26.11,1.26,0.41,,,,,2026-06-18,27.0,49.48,True,0.9,True,False,15.73,-8.2,False,diverging,,-2.46,-0.04,,True,,,,,,,,,,,,2026-07-24,,0.0,0.05,0.76,25.65,25.65,25.65,-4.75,-0.32,50.44
8891.T,ＡＭＧホールディングス,2026-07-28,2100.0,2105.0,2849.0,False,-26.11,0.18,0.69,,,,,2026-03-05,97.0,-3.45,False,-5.71,False,True,11.26,-21.79,False,imminent,,-1.45,,,False,,,,,,,,,,,,2026-04-23,,0.0,0.55,0.03,29.8,40.12,40.12,-12.97,-8.81,-0.24
6908.T,イリソ電子工業,2026-07-28,2787.0,2846.0,3855.0,False,-26.17,0.63,1.54,,,,,2026-03-02,100.0,-0.85,False,-14.08,False,False,8.2,-16.8,False,,,,,,,,,,,,,,,,,,,,0.9,0.71,0.1,23.29,28.39,28.39,-22.26,-20.26,-0.68
3675.T,クロス・マーケティンググループ,2026-07-28,597.0,603.0,817.0,False,-26.19,0.38,0.79,,,,,2025-01-06,380.0,-15.92,False,-3.79,False,True,4.16,-7.95,False,imminent,,-0.81,,,False,,,,,,,,,,,,2026-05-14,,0.05,0.5,0.79,10.72,16.09,31.03,-4.02,-8.58,-16.15
6407.T,ＣＫＤ,2026-07-28,5520.0,6140.0,8330.0,False,-26.29,1.54,0.84,,,,,2026-06-23,24.0,112.55,True,15.39,True,True,23.77,-26.1,False,,,,,,,,,,,,,,,,,,,,0.13,0.74,0.88,32.52,32.52,32.52,0.0,38.0,109.33
6857.T,アドバンテスト,2026-07-28,25460.0,26485.0,35940.0,False,-26.31,1.08,0.95,,,,,2026-06-25,22.0,121.1,True,5.19,True,True,25.4,-24.28,False,crossed,61.0,,,-5.13,True,-31.73,widening,True,0.0,-19.17,31500.0,31500.0,2026-04-27,0.0,False,2026-04-27,2026-04-07,,0.09,0.36,0.84,29.08,29.08,29.08,-13.52,11.42,117.24
4549.T,栄研化学,2026-07-28,2467.0,2579.0,3500.0,False,-26.31,1.74,1.1,,,,,2026-04-14,70.0,21.65,False,-7.58,True,False,10.67,-14.25,False,,,,,,,,,,,,,,,,,,,,0.83,0.04,0.41,20.8,28.8,28.8,-20.8,-0.32,20.75
4194.T,ビジョナル,2026-07-28,9011.0,9180.0,12460.0,False,-26.32,0.48,0.53,,,,,2025-08-05,237.0,-16.64,True,4.05,False,True,8.25,-14.9,False,crossed,46.0,,,0.03,False,5.92,narrowing,False,,-12.09,7848.0,10250.0,2026-01-08,-23.43,True,2026-05-22,2025-10-07,,0.34,0.01,0.74,16.39,30.23,48.44,20.89,-0.95,-16.14
8031.T,三井物産,2026-07-28,4850.0,4918.0,6675.0,False,-26.32,0.57,1.02,,,,,2026-04-08,74.0,59.12,False,-2.7,True,False,9.21,-14.99,False,,,,,,,,,,,,,,,,,,,,0.69,0.31,0.62,27.59,33.32,33.32,-16.15,-5.51,62.59
4028.T,石原産業,2026-07-28,2908.0,2972.0,4035.0,False,-26.34,1.29,0.85,,,,,2026-02-24,104.0,32.06,True,0.86,True,False,16.11,-29.57,False,diverging,,-1.92,-0.01,,True,,,,,,,,,,,,2026-07-13,,0.02,0.15,0.5,23.48,35.49,35.49,-3.23,-0.75,33.33
3796.T,いい生活,2026-07-28,296.0,299.0,406.0,False,-26.35,0.34,1.23,,,,,2026-04-28,60.0,21.31,True,10.05,True,True,4.52,-6.33,True,imminent,,-2.89,,,True,,,,,,,,,,,,2026-06-08,,0.07,0.09,0.27,34.46,34.46,34.46,-7.21,12.33,21.81
1911.T,住友林業,2026-07-28,1378.5,1380.0,1874.5,False,-26.38,0.53,0.72,,,,,2026-02-18,107.0,-7.14,False,-9.23,False,True,7.18,-17.17,False,imminent,,-0.16,,,False,,,,,,,,,,,,2026-03-17,,0.04,0.69,0.57,13.29,31.67,31.67,-2.85,-18.62,-6.16
4886.T,あすか製薬ホールディングス,2026-07-28,2209.0,2241.0,3045.0,False,-26.4,0.77,0.56,,,,,2026-05-26,44.0,-6.68,False,-5.51,False,False,12.39,-21.43,False,diverging,,-13.97,-0.07,,True,,,,,,,,,,,,2026-06-23,,0.85,0.0,0.09,27.38,27.38,27.38,-26.17,2.27,-7.22
3553.T,共和レザー,2026-07-28,884.0,892.0,1212.0,False,-26.4,0.93,0.84,,,,,2026-02-27,101.0,12.18,False,-7.41,False,True,10.07,-22.27,False,imminent,,-1.89,,,False,,,,,,,,,,,,2026-03-30,,0.04,0.78,0.04,9.45,30.96,30.96,-3.91,-21.63,12.61
4554.T,富士製薬工業,2026-07-28,1867.0,1883.0,2559.0,False,-26.42,0.72,1.02,,,,,2026-03-27,82.0,39.33,False,-7.49,True,False,10.36,-14.79,False,diverging,,-10.4,-2.11,,False,,,,,,,,,,,,2026-05-21,,0.46,0.09,0.69,21.0,26.29,26.29,-18.44,-4.26,39.85
3238.T,セントラル総合開発,2026-07-28,373.0,373.0,507.0,False,-26.43,1.0,0.81,,,,,2025-09-09,213.0,-10.34,False,-5.26,False,True,5.94,-18.93,False,crossed,18.0,,,0.54,False,-1.82,narrowing,False,,-12.85,370.0,428.0,2026-02-27,-13.55,False,2026-07-01,2026-03-25,,0.2,0.41,0.53,6.53,19.63,24.56,3.61,-11.19,-10.77
4026.T,神島化学工業,2026-07-28,1531.0,1580.0,2148.0,False,-26.44,0.98,0.54,,,,,2026-03-03,99.0,22.77,False,-9.22,True,False,9.32,-14.34,False,diverging,,-10.56,-2.96,,True,,,,,,,,,,,,2026-06-10,,0.72,0.14,0.56,25.15,25.81,25.81,-14.94,-6.19,23.37
4687.T,ＴＤＣソフト,2026-07-28,1089.0,1090.0,1483.0,False,-26.5,1.63,0.97,,,,,2024-12-24,385.0,-15.52,False,-3.6,False,True,9.54,-18.43,False,crossed,1.0,,,,False,,,False,,-20.97,1070.0,1378.0,2026-01-06,-22.35,False,2026-07-27,2026-01-20,,0.04,0.42,0.77,14.79,34.85,42.46,15.61,-15.91,-14.18
6599.T,エブレン,2026-07-28,2904.0,2947.0,4010.0,False,-26.51,0.27,0.55,,,,,2026-04-15,69.0,33.52,False,-3.72,True,False,9.9,-12.09,False,diverging,,-8.3,-2.75,,True,,,,,,,,,,,,2026-06-11,,0.68,0.02,0.71,20.8,28.21,28.21,-17.5,-1.56,33.52
7687.T,ミクリード,2026-07-28,434.0,437.0,595.0,False,-26.55,0.21,0.92,,,,,2025-08-20,227.0,-2.25,False,-6.53,False,True,7.5,-9.51,False,imminent,,-0.89,,,False,,,,,,,,,,,,2026-02-26,,0.06,0.72,0.67,9.66,25.56,30.09,-0.23,-17.18,-2.91
2742.T,ハローズ,2026-07-28,3865.0,3885.0,5290.0,False,-26.56,1.23,0.8,,,,,2025-08-20,227.0,-19.56,False,-10.65,False,False,6.73,-12.74,False,,,,,,,,,,,,,,,,,,,,0.38,0.85,0.81,10.46,27.15,31.91,-3.74,-17.15,-20.8
4829.T,日本エンタープライズ,2026-07-28,104.0,105.0,143.0,False,-26.57,0.36,1.34,,,,,2026-02-13,110.0,-12.61,False,-8.64,False,True,8.0,-10.74,False,,,,,,,,,,,,,,,,,,,,0.32,0.67,0.13,13.79,27.01,27.01,-6.31,-12.61,-11.86
6042.T,ニッキ,2026-07-28,3920.0,3920.0,5340.0,False,-26.59,0.67,0.77,,,,,2026-04-13,71.0,50.08,False,-0.15,True,False,8.78,-5.99,False,,,,,,,,,,,,,,,,,,,,0.65,0.17,0.66,20.64,28.95,28.95,-16.6,3.57,49.9
3482.T,ロードスターキャピタル,2026-07-28,2732.0,2793.0,3805.0,False,-26.6,0.66,0.76,,,,,2026-03-02,100.0,-4.24,False,-9.18,False,False,12.69,-25.68,False,,,,,,,,,,,,,,,,,,,,0.51,0.56,0.05,19.65,34.17,34.17,-9.69,-11.44,-3.5
7844.T,マーベラス,2026-07-28,453.0,455.0,620.0,False,-26.61,0.65,0.69,,,,,2025-09-30,200.0,-12.88,False,-7.77,False,False,6.92,-11.76,False,imminent,,-2.6,,,False,,,,,,,,,,,,2025-11-10,,0.26,0.72,0.78,14.75,19.16,31.38,-0.66,-10.47,-12.21
5885.T,ジーデップ・アドバンス,2026-07-28,2555.0,2692.0,3670.0,False,-26.65,0.7,1.33,,,,,2025-12-10,152.0,-28.23,False,-11.33,False,False,7.13,-11.71,False,diverging,,-2.35,-0.26,,True,,,,,,,,,,,,2026-06-15,,0.16,0.01,0.17,26.48,26.48,30.33,-13.18,-12.77,-19.02
7011.T,三菱重工業,2026-07-28,3787.0,3817.0,5208.0,False,-26.71,0.65,0.8,,,,,2026-03-02,100.0,14.41,False,-11.4,True,True,12.59,-17.53,False,,,,,,,,,,,,,,,,,,,,0.37,0.72,0.05,27.16,32.74,32.74,-20.07,-19.37,15.14
4182.T,三菱瓦斯化学,2026-07-28,3987.0,4205.0,5738.0,False,-26.72,0.82,0.69,,,,,2026-06-22,25.0,54.68,True,4.41,True,False,18.38,-21.33,False,,,,,,,,,,,,,,,,,,,,0.01,0.5,0.84,29.62,29.62,29.62,-9.74,26.45,57.62
5204.T,石塚硝子,2026-07-28,2995.0,3030.0,4135.0,False,-26.72,1.13,0.43,,,,,2026-02-02,118.0,19.51,False,-6.08,True,True,9.44,-19.5,False,crossed,3.0,,,,False,,,False,,-25.12,3030.0,4000.0,2026-02-27,-24.25,False,2026-07-23,2026-04-07,,0.27,0.66,0.07,8.85,31.75,31.75,0.67,-12.43,19.8
6158.T,和井田製作所,2026-07-28,982.0,986.0,1346.0,False,-26.75,0.37,0.79,,,,,2026-02-18,107.0,11.34,True,4.03,True,True,8.03,-15.71,False,imminent,,-0.3,,,False,,,,,,,,,,,,2026-05-27,,0.01,0.0,0.54,8.6,20.19,20.19,-0.51,7.09,12.87
4229.T,群栄化学工業,2026-07-28,4450.0,4650.0,6350.0,False,-26.77,1.39,0.73,,,,,2026-05-14,52.0,55.05,True,0.27,True,False,9.65,-12.89,False,,,,,,,,,,,,,,,,,,,,0.2,0.12,0.73,28.7,28.7,28.7,-12.57,5.33,56.52
7849.T,スターツ出版,2026-07-28,3380.0,3390.0,4630.0,False,-26.78,0.2,0.91,,,,,2025-08-06,236.0,-22.39,False,-10.27,False,True,5.35,-12.55,False,,,,,,,,,,,,,,,,,,,,0.53,0.55,0.62,19.35,21.69,28.73,-14.43,-9.38,-21.03
1419.T,タマホーム,2026-07-28,3010.0,3020.0,4125.0,False,-26.79,0.47,0.65,,,,,2026-04-09,73.0,-17.31,False,-15.01,False,True,5.85,-13.78,False,,,,,,,,,,,,,,,,,,,,0.51,0.7,0.23,25.86,33.6,33.6,-15.09,-19.3,-15.21
7224.T,新明和工業,2026-07-28,1954.0,2008.0,2744.0,False,-26.82,0.85,0.82,,,,,2026-03-02,100.0,13.08,False,-9.56,True,False,11.96,-15.57,False,,,,,,,,,,,,,,,,,,,,0.76,0.53,0.43,27.5,28.24,28.24,-22.0,-11.7,13.41
9994.T,やまや,2026-07-28,2066.0,2081.0,2845.0,False,-26.85,1.25,0.53,,,,,2024-02-20,594.0,-14.1,False,-7.06,False,False,4.9,-9.2,False,,,,,,,,,,,,,,,,,,,,0.51,0.62,0.74,16.75,16.75,28.0,-7.64,-8.79,-14.7
3698.T,ＣＲＩ・ミドルウェア,2026-07-28,1181.0,1182.0,1616.0,False,-26.86,0.18,0.62,,,,,2025-08-18,229.0,-15.46,True,7.32,False,True,7.85,-9.51,False,crossed,54.0,,,0.1,False,2.84,widening,True,29.0,4.61,1039.0,1129.0,2026-01-15,-7.97,True,2026-05-12,2025-10-01,3ヶ月,0.71,0.44,0.5,10.6,17.25,42.2,18.34,5.54,-14.42
4016.T,ＭＩＴホールディングス,2026-07-28,944.0,950.0,1299.0,False,-26.87,0.8,0.67,,,,,2025-11-26,162.0,5.71,False,-3.98,False,True,11.42,-10.63,False,crossed,3.0,,,,False,,,False,,-4.74,951.0,991.0,2026-01-09,-4.04,False,2026-07-23,2025-12-05,,0.09,0.32,0.24,7.53,11.72,33.77,3.51,-2.48,1.4
6380.T,オリエンタルチエン工業,2026-07-28,3930.0,4000.0,5470.0,False,-26.87,2.95,3.12,,,,,2026-06-01,40.0,115.93,True,10.35,True,False,21.13,-18.69,False,,,,,,,,,,,,,,,,,,,,0.1,0.53,0.87,30.1,30.1,30.1,4.52,11.65,117.01
9709.T,ＮＣＳ＆Ａ,2026-07-28,1281.0,1300.0,1778.0,False,-26.88,0.79,0.63,,,,,2025-10-31,178.0,12.27,False,-16.92,False,True,12.29,-14.17,False,,,,,,,,,,,,,,,,,,,,0.48,0.76,0.01,28.3,33.91,33.91,-20.14,-24.11,13.06
3431.T,宮地エンジニアリンググループ,2026-07-28,1565.0,1577.0,2157.0,False,-26.89,0.58,0.72,,,,,2024-07-04,502.0,-18.4,False,-11.81,False,True,5.14,-11.17,False,imminent,,-1.47,,,False,,,,,,,,,,,,2026-03-16,,0.05,0.84,0.77,14.14,28.22,32.51,-3.69,-21.4,-18.49
6914.T,オプテックスグループ,2026-07-28,3360.0,3475.0,4755.0,False,-26.92,0.96,0.67,,,,,2026-05-25,45.0,109.35,True,11.61,True,False,18.91,-19.52,False,crossed,108.0,,,7.13,True,-6.44,widening,True,0.0,14.64,2931.0,2931.0,2026-02-17,0.0,False,2026-02-17,2026-02-10,,0.04,0.67,0.87,27.11,27.11,27.11,17.44,32.75,109.22
3662.T,エイチームホールディングス,2026-07-28,998.0,1001.0,1370.0,False,-26.93,2.07,1.5,,,,,2025-07-28,243.0,-21.6,False,-5.55,False,True,6.54,-11.09,False,crossed,9.0,,,-2.12,False,-5.15,widening,False,,-22.46,1038.0,1287.0,2026-01-19,-19.35,False,2026-07-14,2026-02-18,,0.11,0.19,0.6,10.56,28.91,32.36,0.81,-21.6,-20.6
4428.T,シノプス,2026-07-28,748.0,748.0,1024.0,False,-26.95,0.87,0.96,,,,,2024-02-28,589.0,-14.02,True,0.74,False,True,8.05,-9.22,False,crossed,2.0,,,,False,,,False,,-6.5,730.0,800.0,2026-02-10,-8.75,False,2026-07-24,2025-10-24,,0.03,0.46,0.86,12.66,23.25,38.42,9.52,-4.71,-13.73
4347.T,ブロードメディア,2026-07-28,1796.0,1817.0,2489.0,False,-27.0,0.64,0.52,,,,,2026-04-13,71.0,-6.65,False,-7.37,True,True,9.38,-14.92,False,,,,,,,,,,,,,,,,,,,,0.41,0.4,0.07,30.2,36.17,36.17,-19.64,-11.57,-4.77
9165.T,クオルテック,2026-07-28,1681.0,1715.0,2350.0,False,-27.02,0.4,0.46,,,,,2026-05-25,45.0,10.23,True,8.89,True,False,9.57,-9.5,False,crossed,57.0,,,7.01,True,-7.24,widening,True,0.0,4.35,1611.0,1611.0,2026-05-07,0.0,False,2026-05-07,2026-03-30,,0.0,0.56,0.27,23.39,23.39,23.39,14.43,17.88,17.39
7201.T,日産自動車,2026-07-28,337.2,340.0,466.0,False,-27.04,0.94,0.86,,,,,2023-09-20,695.0,5.74,False,-8.2,False,False,13.01,-24.4,False,diverging,,-8.31,-0.38,,False,,,,,,,,,,,,2026-03-24,,0.47,0.58,0.01,24.81,35.32,35.32,-4.45,-17.56,6.31
3815.T,メディア工房,2026-07-28,444.0,445.0,610.0,False,-27.05,0.68,1.97,,,,,2024-07-08,500.0,-24.49,False,-7.92,False,True,3.51,-10.92,False,imminent,,-0.27,,,False,,,,,,,,,,,,2025-12-25,,0.24,0.75,0.86,2.67,15.44,27.84,-0.67,-14.29,-24.87
4447.T,ピー・ビーシステムズ,2026-07-28,471.0,474.0,650.0,False,-27.08,0.77,0.84,,,,,2025-08-28,221.0,-20.17,False,-1.4,False,True,5.69,-11.09,False,crossed,0.0,,,,False,,,False,,-6.92,471.0,506.0,2026-01-05,-6.92,False,2026-07-28,2026-03-10,,0.02,0.6,0.79,10.04,16.63,34.22,0.64,-6.36,-20.17
211A.T,カドス・コーポレーション,2026-07-28,3845.0,3900.0,5350.0,False,-27.1,1.46,0.95,,,,,,,-19.9,False,-6.11,False,True,6.17,-13.67,False,imminent,,-0.28,,,False,,,,,,,,,,,,2026-03-25,,0.0,0.7,0.74,20.1,31.01,37.79,-4.59,-12.61,-20.23
1835.T,東鉄工業,2026-07-28,4215.0,4255.0,5840.0,False,-27.14,0.84,0.69,,,,,2026-02-27,101.0,3.95,False,-10.04,False,True,10.78,-22.74,False,,,,,,,,,,,,,,,,,,,,0.52,0.44,0.07,28.0,30.84,30.84,-21.36,-13.36,4.07
1798.T,守谷商会,2026-07-28,1069.0,1100.0,1510.0,False,-27.15,0.44,2.71,,,,,2026-02-09,113.0,36.7,False,-11.69,True,True,12.42,-16.27,False,crossed,1.0,,,,False,,,False,,-25.56,1100.0,1436.0,2026-02-16,-23.4,False,2026-07-27,2026-04-01,,0.0,0.68,0.11,19.33,31.41,31.41,-12.45,-20.58,37.76
2157.T,コシダカホールディングス,2026-07-28,1063.0,1081.0,1484.0,False,-27.16,0.75,1.46,,,,,2025-09-16,209.0,-17.72,False,-4.24,False,True,6.28,-14.12,False,crossed,1.0,,,,False,,,False,,-15.23,1067.0,1254.0,2026-01-09,-14.91,False,2026-07-27,2025-10-23,,0.09,0.63,0.85,9.37,24.11,38.07,5.88,-8.68,-16.23
5967.T,ＴＯＮＥ,2026-07-28,474.0,477.0,655.0,False,-27.18,0.13,4.38,,,,,2024-11-20,409.0,-3.27,False,-5.69,False,True,8.8,-16.56,False,imminent,,-0.35,,,False,,,,,,,,,,,,2025-12-05,,0.0,0.29,0.37,14.52,17.27,35.62,-0.84,-3.46,-3.27
4046.T,大阪ソーダ,2026-07-28,1774.0,1845.0,2534.0,False,-27.19,1.0,0.88,,,,,2026-02-05,115.0,-3.27,False,-9.44,True,False,14.23,-27.49,False,diverging,,-1.2,-0.03,,True,,,,,,,,,,,,2026-07-24,,0.06,0.53,0.01,11.32,30.13,30.13,-2.95,-20.8,-0.5
6336.T,石井表記,2026-07-28,1481.0,1666.0,2288.0,False,-27.19,0.63,0.44,,,,,2026-06-18,27.0,125.08,True,45.24,True,True,21.08,-17.86,False,,,,,,,,,,,,,,,,,,,,0.66,0.88,0.78,29.07,29.07,29.07,25.4,86.99,124.39
3639.T,ボルテージ,2026-07-28,230.0,233.0,320.0,False,-27.19,0.94,1.04,,,,,2025-05-23,288.0,-13.21,False,-8.44,False,True,5.76,-9.87,False,imminent,,-2.12,,,False,,,,,,,,,,,,2026-03-02,,0.17,0.68,0.8,14.11,25.0,32.81,-7.26,-19.01,-13.86
1605.T,ＩＮＰＥＸ,2026-07-28,3565.0,3607.0,4955.0,False,-27.2,0.66,0.87,,,,,2026-03-30,81.0,71.6,True,1.41,True,False,12.17,-13.16,False,,,,,,,,,,,,,,,,,,,,0.55,0.11,0.65,22.8,34.61,34.61,-12.49,10.65,72.14
3992.T,ニーズウェル,2026-07-28,448.0,455.0,625.0,False,-27.2,0.83,0.56,,,,,2025-09-11,211.0,-5.49,False,-9.83,False,True,5.91,-11.74,False,crossed,2.0,,,,False,,,False,,-23.55,440.0,586.0,2026-01-15,-24.91,False,2026-07-24,2026-03-04,,0.01,0.74,0.56,13.48,30.9,35.39,-1.1,-21.13,-6.08
6701.T,日本電気,2026-07-28,4470.0,4508.0,6194.0,False,-27.22,0.82,0.83,,,,,2025-11-25,163.0,16.16,False,-5.06,False,True,10.26,-16.81,False,crossed,1.0,,,,True,,,False,,-25.49,4445.0,5999.0,2026-01-19,-25.9,False,2026-07-27,2026-06-08,,0.01,0.15,0.16,20.37,37.05,39.53,-0.95,-21.58,15.21
3536.T,アクサスホールディングス,2026-07-28,131.0,131.0,180.0,False,-27.22,0.07,1.17,,,,,2025-10-14,191.0,-4.38,True,1.02,False,False,2.06,-4.41,False,,,,,,,,,,,,,,,,,,,,0.04,0.16,0.1,3.03,5.19,18.3,0.77,0.77,-2.24
9976.T,セキチュー,2026-07-28,1055.0,1055.0,1450.0,False,-27.24,0.55,0.74,,,,,2025-09-25,203.0,6.24,True,1.06,False,True,2.18,-3.05,False,crossed,13.0,,,3.96,True,-0.05,narrowing,False,,-4.09,1036.0,1100.0,2026-02-18,-5.82,False,2026-07-08,2026-06-24,,0.01,0.0,0.13,6.18,8.09,24.45,0.48,0.38,5.29
6832.T,アオイ電子,2026-07-28,2239.0,2357.0,3240.0,False,-27.25,1.63,0.78,,,,,2026-02-17,108.0,8.64,False,-11.41,True,False,13.56,-23.6,False,,,,,,,,,,,,,,,,,,,,0.4,0.0,0.57,28.07,28.07,28.07,-23.27,-14.67,5.81
6464.T,ツバキ・ナカシマ,2026-07-28,352.0,363.0,499.0,False,-27.25,1.01,0.62,,,,,2026-05-27,43.0,-1.4,False,-2.45,True,False,13.04,-19.83,False,crossed,51.0,,,1.18,False,-6.53,widening,True,7.0,-7.12,340.0,379.0,2026-02-16,-10.29,False,2026-05-15,2025-12-04,,0.3,0.37,0.0,18.71,25.07,31.89,10.69,-3.03,0.57
7863.T,平賀,2026-07-28,947.0,947.0,1302.0,False,-27.27,0.15,0.48,,,,,2025-04-16,312.0,-10.07,False,-4.38,False,True,2.57,-6.83,False,,,,,,,,,,,,,,,,,,,,0.03,0.56,0.54,9.32,14.11,16.36,-4.05,-9.12,-8.59
4933.T,Ｉ－ｎｅ,2026-07-28,1266.0,1276.0,1755.0,False,-27.29,0.63,0.56,,,,,2023-02-17,840.0,-24.01,True,0.52,False,False,11.08,-15.72,False,crossed,40.0,,,0.08,False,-9.08,widening,False,,-8.92,1290.0,1390.0,2026-02-10,-7.19,False,2026-06-01,2026-01-28,,0.25,0.02,0.59,14.49,25.76,40.96,20.8,-6.84,-22.33
4186.T,東京応化工業,2026-07-28,9149.0,9398.0,12925.0,False,-27.29,1.02,0.88,,,,,2026-05-12,54.0,127.08,True,14.09,True,False,16.2,-20.04,False,,,,,,,,,,,,,,,,,,,,0.02,0.64,0.94,21.27,23.49,23.49,0.88,35.9,124.13
9514.T,エフオン,2026-07-28,327.0,333.0,458.0,False,-27.29,0.78,0.78,,,,,2025-09-26,202.0,-4.11,False,-9.86,False,False,10.13,-12.37,False,diverging,,-8.16,-0.19,,True,,,,,,,,,,,,2026-06-16,,0.57,0.22,0.26,27.71,27.71,30.75,-9.42,-13.95,-2.1
4376.T,くふうカンパニーホールディングス,2026-07-28,155.0,157.0,216.0,False,-27.31,0.65,0.31,,,,,2022-12-14,884.0,-19.69,False,-5.28,False,False,7.95,-13.79,False,,,,,,,,,,,,,,,,,,,,0.0,0.02,0.54,17.74,17.74,25.5,0.0,-6.06,-15.76
6963.T,ローム,2026-07-28,4183.0,4431.0,6099.0,False,-27.35,0.98,0.89,,,,,2026-07-06,15.0,118.09,True,25.47,True,False,20.49,-22.31,False,,,,,,,,,,,,,,,,,,,,0.4,0.88,0.86,29.7,29.7,29.7,11.1,57.94,116.06
5852.T,アーレスティ,2026-07-28,696.0,703.0,968.0,False,-27.38,1.22,0.69,,,,,2025-08-25,224.0,-7.45,False,-12.92,False,True,10.58,-16.65,False,,,,,,,,,,,,,,,,,,,,0.33,0.62,0.24,27.8,32.78,32.78,-16.65,-18.31,-8.06
5631.T,日本製鋼所,2026-07-28,7403.0,7711.0,10620.0,False,-27.39,0.54,0.83,,,,,2026-03-03,99.0,-6.45,False,-16.47,False,True,13.24,-19.18,False,,,,,,,,,,,,,,,,,,,,0.32,0.54,0.21,28.17,31.78,31.78,-25.01,-20.48,-8.16
1887.T,日本国土開発,2026-07-28,514.0,522.0,719.0,False,-27.4,0.75,1.58,,,,,2026-02-12,111.0,5.33,False,-9.87,True,False,8.83,-17.88,False,,,,,,,,,,,,,,,,,,,,0.69,0.86,0.18,14.6,28.31,28.31,-10.76,-21.04,10.78
7044.T,ピアラ,2026-07-28,487.0,492.0,678.0,False,-27.43,0.14,1.02,,,,,2025-06-02,282.0,-21.07,False,-10.88,False,False,4.37,-8.62,False,diverging,,-5.78,-0.12,,True,,,,,,,,,,,,2026-07-03,,0.48,0.12,0.71,17.98,17.98,30.03,-8.46,-10.64,-12.57
4565.T,ネクセラファーマ,2026-07-28,879.0,905.0,1247.0,False,-27.43,0.97,0.75,,,,,2026-05-11,55.0,1.62,False,-5.25,False,False,9.76,-11.21,False,diverging,,-7.85,-0.7,,True,,,,,,,,,,,,2026-06-26,,0.54,0.17,0.08,29.23,29.23,29.23,-9.19,7.85,0.92
3326.T,ランシステム,2026-07-28,633.0,638.0,880.0,False,-27.5,0.58,0.48,,,,,2026-01-09,133.0,2.1,False,-7.08,False,True,8.26,-12.1,False,imminent,,-2.92,,,False,,,,,,,,,,,,2026-04-10,,0.21,0.82,0.02,18.59,28.99,30.19,-10.85,-22.04,2.26
6315.T,ＴＯＷＡ,2026-07-28,2537.0,2708.0,3735.0,False,-27.5,0.92,0.91,,,,,2026-07-01,18.0,33.32,False,-3.88,True,True,20.1,-26.28,False,crossed,52.0,,,-3.21,True,-18.7,widening,True,27.0,-24.94,2769.0,3380.0,2026-05-08,-18.08,True,2026-05-14,2026-04-02,,0.08,0.13,0.72,28.33,28.33,28.88,-2.39,-17.9,26.22
6298.T,ワイエイシイホールディングス,2026-07-28,1117.0,1154.0,1592.0,False,-27.51,0.85,0.56,,,,,2026-06-23,24.0,40.68,False,-0.6,True,False,12.33,-19.76,False,crossed,62.0,,,5.25,True,-16.71,widening,True,10.0,-13.61,1163.0,1293.0,2026-04-17,-10.05,False,2026-04-24,2026-04-01,,0.0,0.45,0.86,27.61,27.61,27.61,-3.96,-0.71,40.5
5253.T,カバー,2026-07-28,1635.0,1700.0,2345.0,False,-27.51,2.47,1.81,,,,,2025-02-12,355.0,-21.77,True,2.06,False,True,13.02,-23.44,False,crossed,0.0,,,,True,,,False,,-14.13,1635.0,1904.0,2026-01-09,-14.13,False,2026-07-28,2026-06-26,,0.02,0.05,0.64,33.81,33.84,49.35,18.05,-5.22,-25.24
8061.T,西華産業,2026-07-28,2546.0,2634.0,3635.0,False,-27.54,0.79,0.96,,,,,2026-05-26,44.0,60.63,False,-2.45,True,False,12.28,-15.38,False,diverging,,-8.72,-0.15,,True,,,,,,,,,,,,2026-07-02,,0.62,0.19,0.81,26.87,26.87,26.87,-12.06,0.75,60.8
6286.T,靜甲,2026-07-28,1370.0,1376.0,1899.0,False,-27.54,0.64,1.11,,,,,2026-02-24,104.0,57.65,False,-1.83,True,False,11.66,-18.63,False,,,,,,,,,,,,,,,,,,,,0.77,0.29,0.67,14.72,26.36,26.36,-12.68,-2.49,57.83
3648.T,ＡＧＳ,2026-07-28,1137.0,1155.0,1595.0,False,-27.59,0.53,0.57,,,,,2025-10-20,187.0,10.39,False,-7.67,False,True,9.34,-13.34,False,crossed,3.0,,,,False,,,False,,-20.77,1135.0,1435.0,2026-01-23,-20.91,False,2026-07-23,2026-01-06,,0.02,0.63,0.31,13.01,29.2,34.24,-2.65,-19.76,11.14
7012.T,川崎重工業,2026-07-28,2657.0,2727.0,3766.0,False,-27.59,0.42,1.39,,,,,2026-03-03,99.0,29.93,False,-3.42,True,False,20.15,-20.65,False,,,,,,,,,,,,,,,,,,,,0.48,0.13,0.62,23.78,29.13,29.13,-16.31,-2.5,30.69
4074.T,ラキール,2026-07-28,905.0,905.0,1250.0,False,-27.6,0.78,2.3,,,,,2023-06-13,763.0,-9.95,True,11.45,False,True,14.04,-28.74,False,crossed,58.0,,,-3.79,False,15.09,widening,True,49.0,12.7,713.0,803.0,2026-02-12,-11.21,False,2026-05-01,2025-11-10,,0.55,0.2,0.59,10.14,20.8,48.79,20.03,31.54,-9.41
7681.T,レオクラン,2026-07-28,955.0,955.0,1319.0,False,-27.6,0.27,0.22,,,,,2025-08-20,227.0,-2.75,True,0.11,False,True,8.14,-17.08,False,crossed,21.0,,,1.55,False,2.27,narrowing,False,,-8.08,906.0,1039.0,2026-01-21,-12.8,False,2026-06-26,2025-11-21,,0.6,0.1,0.58,15.21,28.14,40.61,9.02,-7.64,-2.75
6882.T,三社電機製作所,2026-07-28,1089.0,1125.0,1554.0,False,-27.61,0.9,0.83,,,,,2026-05-25,45.0,23.47,True,2.68,True,False,13.31,-16.24,False,,,,,,,,,,,,,,,,,,,,0.03,0.47,0.74,27.79,27.79,27.79,2.54,2.83,24.89
9262.T,シルバーライフ,2026-07-28,661.0,671.0,927.0,False,-27.62,1.45,0.43,,,,,2026-03-25,84.0,-9.58,False,-16.76,False,False,7.7,-11.26,False,,,,,,,,,,,,,,,,,,,,0.69,0.63,0.22,20.99,30.64,30.64,-17.89,-18.9,-10.31
6277.T,ホソカワミクロン,2026-07-28,4910.0,5030.0,6950.0,False,-27.63,1.08,0.8,,,,,2026-02-12,111.0,-0.91,False,-13.83,False,False,7.56,-15.04,False,,,,,,,,,,,,,,,,,,,,0.8,0.81,0.02,23.97,30.46,30.46,-18.44,-19.9,-4.29
483A.T,テラテクノロジー,2026-07-28,2193.0,2225.0,3075.0,False,-27.64,0.9,0.26,,,,,,,,,,,True,4.07,-7.29,False,,,,,,,,,,,,,,,,,,,,0.3,0.17,,5.67,16.37,,4.98,-9.98,
4691.T,ワシントンホテル,2026-07-28,2181.0,2261.0,3125.0,False,-27.65,0.69,0.36,,,,,2026-06-23,24.0,77.17,True,26.58,True,True,23.46,-16.42,False,crossed,100.0,,,-7.32,False,21.71,narrowing,True,22.0,37.17,1543.0,1590.0,2026-02-27,-2.96,False,2026-03-02,2025-11-25,,0.23,0.75,0.5,33.21,33.21,33.21,4.06,64.85,75.6
3955.T,イムラ,2026-07-28,838.0,838.0,1159.0,False,-27.7,0.35,1.54,,,,,2026-01-13,132.0,-14.49,False,-8.54,False,True,3.47,-7.36,False,imminent,,-1.05,,,False,,,,,,,,,,,,2026-02-18,,0.01,0.76,0.64,12.34,26.71,30.47,-3.34,-18.8,-14.31
9421.T,エヌジェイホールディングス,2026-07-28,499.0,500.0,692.0,False,-27.75,0.3,0.36,,,,,2025-06-16,272.0,-17.38,False,-17.33,False,False,8.17,-21.75,False,,,,,,,,,,,,,,,,,,,,0.87,0.44,0.0,26.08,28.22,28.22,-25.63,-19.52,-18.06
8139.T,ナガホリ,2026-07-28,2074.0,2150.0,2977.0,False,-27.78,0.53,3.66,,,,,2026-05-21,47.0,32.44,True,0.32,True,False,8.19,-8.58,False,diverging,,-7.12,-0.35,,True,,,,,,,,,,,,2026-06-29,,0.4,0.08,0.68,30.98,30.98,30.98,-9.39,-3.53,32.78
6516.T,山洋電気,2026-07-28,5420.0,5690.0,7880.0,False,-27.79,1.24,0.75,,,,,2026-05-12,54.0,68.32,True,8.56,True,False,19.73,-16.87,False,,,,,,,,,,,,,,,,,,,,0.55,0.56,0.87,29.43,29.43,29.43,-3.9,24.03,66.43
5440.T,共英製鋼,2026-07-28,1938.0,1946.0,2696.0,False,-27.82,0.84,0.83,,,,,2026-01-22,125.0,-13.9,False,-12.38,False,True,8.23,-18.18,False,,,,,,,,,,,,,,,,,,,,0.07,0.82,0.27,23.42,36.42,36.42,-13.06,-27.61,-14.02
3558.T,ジェイドグループ,2026-07-28,1618.0,1680.0,2329.0,False,-27.87,0.92,1.04,,,,,2026-05-25,45.0,20.75,False,-1.27,True,False,15.74,-18.27,False,diverging,,-11.64,-0.89,,True,,,,,,,,,,,,2026-06-23,,0.57,0.0,0.32,35.54,35.54,35.54,-20.76,-6.31,21.47
9768.T,いであ,2026-07-28,3485.0,3505.0,4860.0,False,-27.88,0.5,0.72,,,,,2026-01-14,131.0,7.23,False,-6.75,True,True,9.87,-15.41,False,imminent,,-0.14,,,False,,,,,,,,,,,,2026-03-30,,0.0,0.77,0.04,17.59,34.02,35.49,-4.52,-17.02,8.06
3668.T,コロプラ,2026-07-28,386.0,393.0,545.0,False,-27.89,0.64,0.86,,,,,,,-24.61,False,-9.03,False,True,5.05,-8.22,False,,,,,,,,,,,,,,,,,,,,0.15,0.68,0.8,19.72,26.47,35.66,-9.81,-16.45,-23.56
7875.T,竹田ｉＰホールディングス,2026-07-28,785.0,806.0,1118.0,False,-27.91,1.06,0.32,,,,,2026-06-23,24.0,57.16,True,21.67,True,True,8.49,-11.6,False,,,,,,,,,,,,,,,,,,,,0.49,0.75,0.85,30.8,30.8,30.8,15.95,35.34,57.31
3645.T,メディカルネット,2026-07-28,243.0,245.0,340.0,False,-27.94,0.3,0.54,,,,,2021-04-27,1282.0,-20.33,False,-15.78,False,False,5.63,-12.54,False,,,,,,,,,,,,,,,,,,,,0.58,0.65,0.55,25.25,26.45,30.91,-19.54,-19.8,-21.61
6662.T,ユビテック,2026-07-28,215.0,216.0,300.0,False,-28.0,0.53,2.38,,,,,2025-11-10,173.0,-17.31,False,-8.62,False,False,5.87,-7.79,False,diverging,,-0.89,-0.27,,False,,,,,,,,,,,,2026-01-22,,0.64,0.56,0.72,5.8,17.25,24.37,-3.15,-15.02,-16.02
3635.T,コーエーテクモホールディングス,2026-07-28,1535.0,1565.5,2175.0,False,-28.02,3.71,1.01,,,,,2025-05-07,300.0,-26.57,False,-12.79,False,True,6.21,-10.84,False,crossed,0.0,,,,False,,,False,,-19.8,1535.0,1914.0,2026-01-09,-19.8,False,2026-07-28,2025-12-25,,0.02,0.46,0.8,11.11,24.21,33.14,-3.82,-12.66,-25.58
6337.T,テセック,2026-07-28,2224.0,2350.0,3265.0,False,-28.02,2.74,1.08,,,,,2026-05-12,54.0,32.3,False,-7.77,True,False,16.01,-18.39,False,diverging,,-6.64,-2.8,,True,,,,,,,,,,,,2026-06-01,,0.49,0.35,0.65,32.47,32.47,32.47,-19.19,-9.45,33.33
9959.T,アシードホールディングス,2026-07-28,1049.0,1050.0,1459.0,False,-28.03,1.96,2.54,,,,,2026-03-19,87.0,56.8,True,22.64,True,True,10.03,-12.53,False,crossed,10.0,,,5.72,False,11.85,widening,False,,-16.08,926.0,1250.0,2026-03-18,-25.92,True,2026-07-13,2026-04-27,3ヶ月,0.71,0.02,0.63,8.69,34.08,34.08,23.7,32.95,54.72
3300.T,アンビション　ＤＸ　ホールディングス,2026-07-28,2096.0,2131.0,2961.0,False,-28.03,0.35,0.63,,,,,2025-08-14,231.0,-6.22,False,-10.92,False,False,8.01,-9.61,False,,,,,,,,,,,,,,,,,,,,0.75,0.54,0.3,18.42,26.42,31.85,-13.99,-8.03,-10.2
4404.T,ミヨシ油脂,2026-07-28,1913.0,1921.0,2670.0,False,-28.05,0.66,0.59,,,,,2026-02-13,110.0,-0.26,False,-12.85,False,True,6.97,-9.35,False,,,,,,,,,,,,,,,,,,,,0.46,0.88,0.07,18.47,33.73,33.73,-11.68,-25.71,-1.85
1861.T,熊谷組,2026-07-28,1442.0,1470.0,2043.0,False,-28.05,0.71,1.01,,,,,2026-02-18,107.0,26.08,False,-6.91,True,True,10.8,-24.16,False,imminent,,-0.32,,,False,,,,,,,,,,,,2026-04-01,,0.01,0.71,0.25,13.75,34.28,34.28,-0.69,-18.67,27.89
6518.T,三相電機,2026-07-28,1847.0,1918.0,2666.0,False,-28.06,0.83,0.69,,,,,2026-05-25,45.0,119.62,True,35.45,True,False,23.65,-18.38,False,,,,,,,,,,,,,,,,,,,,0.13,0.7,0.78,29.31,29.31,29.31,52.39,75.07,119.62
9876.T,コックス,2026-07-28,232.0,233.0,324.0,False,-28.09,0.33,1.25,,,,,2026-03-02,100.0,12.08,False,-2.69,False,True,7.69,-12.93,False,imminent,,-0.35,,,False,,,,,,,,,,,,2026-05-01,,0.01,0.54,0.04,13.01,21.61,21.61,-4.13,-10.08,12.08
4849.T,エン,2026-07-28,1308.0,1323.0,1840.0,False,-28.1,0.81,1.21,,,,,2024-02-09,600.0,-24.7,False,-1.43,False,True,8.96,-13.52,False,crossed,5.0,,,3.48,True,2.73,,False,,-16.31,1264.0,1563.0,2026-01-08,-19.13,False,2026-07-21,2026-07-10,,0.14,0.14,0.82,13.6,27.9,39.75,18.8,-13.72,-24.31
7649.T,スギホールディングス,2026-07-28,2918.5,2929.0,4074.0,False,-28.11,0.67,1.12,,,,,2025-08-21,226.0,-19.84,False,-13.82,False,True,7.85,-12.06,False,,,,,,,,,,,,,,,,,,,,0.01,0.7,0.59,15.18,28.02,32.05,-8.08,-23.56,-21.06
6674.T,ジーエス・ユアサ　コーポレーション,2026-07-28,5440.0,5678.0,7899.0,False,-28.12,0.95,0.77,,,,,2026-06-22,25.0,100.07,True,7.24,True,False,19.66,-15.87,False,,,,,,,,,,,,,,,,,,,,0.07,0.61,0.88,27.63,27.63,27.63,-12.96,44.95,101.3
1852.T,淺沼組,2026-07-28,874.0,886.0,1233.0,False,-28.14,0.77,0.97,,,,,2026-02-10,112.0,12.92,False,-8.52,False,True,9.07,-14.93,False,imminent,,-1.57,,,False,,,,,,,,,,,,2026-03-26,,0.04,0.8,0.01,18.4,36.39,36.39,-5.82,-21.05,13.95
6643.T,戸上電機製作所,2026-07-28,5080.0,5210.0,7250.0,False,-28.14,2.66,0.67,,,,,2026-03-05,97.0,39.75,True,1.48,True,True,12.47,-14.51,False,,,,,,,,,,,,,,,,,,,,0.4,0.0,0.69,28.64,31.29,31.29,-12.26,10.8,40.14
4461.T,第一工業製薬,2026-07-28,9160.0,9720.0,13540.0,False,-28.21,1.59,0.9,,,,,2026-06-22,25.0,119.93,True,0.3,True,False,20.72,-40.06,False,crossed,38.0,,,-14.42,True,-29.48,widening,True,11.0,-26.01,11860.0,12380.0,2026-02-27,-4.2,True,2026-06-03,2026-04-02,,0.35,0.06,0.76,30.61,40.06,40.06,13.65,0.99,115.53
334A.T,ビジュアル・プロセッシング・ジャパン,2026-07-28,911.0,911.0,1269.5,False,-28.24,0.19,0.45,,,,,,,15.98,True,6.1,True,True,22.29,-38.44,False,crossed,59.0,,,0.73,True,-17.0,widening,False,,-12.61,958.0,1042.5,2026-01-19,-8.11,False,2026-04-30,2026-03-04,,0.0,0.12,0.18,12.33,32.04,44.1,0.89,-11.68,21.47
7809.T,壽屋,2026-07-28,1310.0,1314.0,1831.0,False,-28.24,0.68,0.6,,,,,2025-09-30,200.0,-15.65,False,-9.7,False,False,3.42,-5.69,False,,,,,,,,,,,,,,,,,,,,0.01,0.71,0.88,4.6,12.87,27.11,-2.6,-11.73,-17.71
7271.T,安永,2026-07-28,941.0,964.0,1344.0,False,-28.27,1.38,0.7,,,,,2026-04-20,66.0,77.55,False,-8.86,True,False,19.99,-22.98,False,diverging,,-10.63,-0.4,,True,,,,,,,,,,,,2026-06-25,,0.86,0.19,0.53,25.71,28.71,28.71,-21.06,-26.14,76.55
6479.T,ミネベアミツミ,2026-07-28,3689.0,3805.0,5307.0,False,-28.3,0.73,0.82,,,,,2026-06-25,22.0,67.57,True,7.99,True,False,18.49,-24.64,False,crossed,52.0,,,-2.54,True,-17.58,widening,True,0.0,-7.26,3978.0,3978.0,2026-05-14,0.0,False,2026-05-14,2026-03-16,,0.21,0.49,0.64,29.68,29.68,29.68,19.54,9.37,67.3
4625.T,アトミクス,2026-07-28,730.0,745.0,1039.0,False,-28.3,0.19,0.74,,,,,2026-03-18,88.0,11.45,False,-2.77,True,True,8.0,-9.55,False,imminent,,-0.0,,,False,,,,,,,,,,,,2026-04-30,,0.01,0.31,0.36,10.93,26.2,26.2,-5.07,-3.57,11.79
8914.T,エリアリンク,2026-07-28,949.0,958.0,1336.5,False,-28.32,0.88,1.61,,,,,2025-08-19,228.0,-19.54,False,-9.14,False,False,10.72,-16.91,False,,,,,,,,,,,,,,,,,,,,0.5,0.72,0.5,26.71,39.14,39.59,-13.49,-12.37,-19.75
2351.T,ＡＳＪ,2026-07-28,325.0,334.0,466.0,False,-28.33,0.43,0.72,,,,,2026-05-12,54.0,-5.8,False,-4.51,False,True,11.06,-19.13,False,,,,,,,,,,,,,,,,,,,,0.32,0.03,0.0,34.51,34.51,34.51,-15.8,7.62,-2.69
8135.T,ゼット,2026-07-28,431.0,440.0,614.0,False,-28.34,0.47,0.91,,,,,2026-02-27,101.0,0.0,False,-8.3,False,True,11.36,-27.52,False,crossed,1.0,,,,False,,,False,,-29.8,441.0,614.0,2026-02-27,-28.18,False,2026-07-27,2026-03-30,,0.1,0.72,0.04,8.35,33.88,33.88,-2.05,-23.04,-0.23
6368.T,オルガノ,2026-07-28,13920.0,14435.0,20145.0,False,-28.34,1.49,0.74,,,,,2026-05-14,52.0,51.47,False,-6.17,True,False,13.8,-21.56,False,,,,,,,,,,,,,,,,,,,,0.22,0.0,0.74,26.37,26.37,26.37,-12.23,-14.6,47.93
9722.T,藤田観光,2026-07-28,2015.0,2029.0,2832.0,False,-28.35,0.71,0.64,,,,,2026-02-10,112.0,-11.55,False,-7.63,False,True,8.66,-13.46,False,imminent,,-1.85,,,False,,,,,,,,,,,,2026-03-04,,0.01,0.7,0.23,16.25,36.8,36.8,-2.42,-25.65,-8.99
5702.T,大紀アルミニウム工業所,2026-07-28,1451.0,1486.0,2074.0,False,-28.35,1.38,0.97,,,,,2026-05-27,43.0,42.53,True,4.38,True,False,13.15,-22.88,False,diverging,,-9.76,-0.33,,True,,,,,,,,,,,,2026-07-10,,0.2,0.3,0.76,30.09,30.09,30.09,0.28,9.1,42.67
9413.T,テレビ東京ホールディングス,2026-07-28,3640.0,3660.0,5110.0,False,-28.38,0.96,0.83,,,,,2025-11-06,175.0,2.97,False,-14.86,False,True,8.85,-7.86,False,,,,,,,,,,,,,,,,,,,,0.45,0.9,0.38,16.4,27.94,33.37,-7.85,-20.61,3.12
5956.T,トーソー,2026-07-28,603.0,603.0,842.0,False,-28.38,0.24,0.68,,,,,2026-02-13,110.0,13.13,True,1.14,True,True,5.26,-10.52,False,crossed,3.0,,,,False,,,False,,-20.87,597.0,762.0,2026-02-12,-21.65,False,2026-07-23,2026-04-08,,0.03,0.56,0.2,12.32,28.08,28.08,1.01,-10.0,13.35
4391.T,ロジザード,2026-07-28,1136.0,1169.0,1633.0,False,-28.41,0.2,2.82,,,,,2025-08-15,230.0,-6.81,True,1.74,False,True,4.14,-8.5,False,crossed,60.0,,,-2.57,False,-11.82,widening,True,51.0,-3.57,1130.0,1178.0,2026-04-21,-4.07,False,2026-04-28,2025-09-16,,0.17,0.1,0.51,9.08,11.28,33.59,-1.9,-1.39,-5.65
4475.T,ＨＥＮＮＧＥ,2026-07-28,1320.0,1368.0,1912.0,False,-28.45,0.86,1.02,,,,,2025-06-27,263.0,-17.35,True,12.11,False,True,10.76,-13.51,False,crossed,48.0,,,2.79,False,13.32,narrowing,True,42.0,-0.53,1076.0,1327.0,2026-01-15,-18.91,False,2026-05-20,2025-10-03,,0.63,0.26,0.62,17.97,28.78,53.08,36.5,5.52,-16.03
8944.T,ランドビジネス,2026-07-28,244.0,249.0,348.0,False,-28.45,1.27,0.51,,,,,2026-03-05,97.0,22.61,False,-0.71,True,False,12.22,-25.32,False,imminent,,-1.18,,,True,,,,,,,,,,,,2026-06-22,,0.03,0.07,0.3,26.86,33.53,33.53,2.95,-0.41,22.61
8260.T,井筒屋,2026-07-28,381.0,382.0,534.0,False,-28.46,0.2,0.38,,,,,2026-02-26,102.0,-14.96,False,-12.09,False,False,7.12,-10.98,False,,,,,,,,,,,,,,,,,,,,0.58,0.87,0.04,20.0,30.77,30.77,-9.93,-14.57,-13.8
7150.T,島根銀行,2026-07-28,498.0,515.0,720.0,False,-28.47,0.68,1.22,,,,,2026-02-20,105.0,6.87,False,-4.49,False,True,9.2,-21.93,False,,,,,,,,,,,,,,,,,,,,0.37,0.74,0.02,12.1,30.7,30.7,-2.73,-14.14,6.41
6203.T,豊和工業,2026-07-28,1366.0,1452.0,2030.0,False,-28.47,0.83,0.36,,,,,2026-02-20,105.0,40.1,False,-6.2,True,False,20.72,-23.91,False,crossed,27.0,,,-7.0,True,-24.06,widening,False,,-31.7,1700.0,2000.0,2026-02-20,-15.0,True,2026-06-18,2026-04-17,,0.02,0.0,0.45,29.11,36.2,36.2,-8.51,-5.14,38.68
6561.T,ＨＡＮＡＴＯＵＲ　ＪＡＰＡＮ,2026-07-28,818.0,833.0,1165.0,False,-28.5,1.03,0.28,,,,,2023-08-17,718.0,-26.37,False,-5.57,False,True,4.49,-9.39,False,crossed,10.0,,,2.84,False,-0.57,narrowing,False,,-11.09,811.0,920.0,2026-02-05,-11.85,False,2026-07-13,2025-09-16,,0.31,0.43,0.89,15.36,17.83,34.55,2.25,-10.99,-24.95
3679.T,じげん,2026-07-28,415.0,415.0,581.0,False,-28.57,0.96,0.72,,,,,2023-07-19,738.0,-8.79,False,-6.76,False,True,5.13,-8.11,False,imminent,,-0.96,,,False,,,,,,,,,,,,2025-11-07,,0.05,0.67,0.82,13.69,23.14,32.97,1.22,-14.08,-8.19
2435.T,シダー,2026-07-28,208.0,210.0,294.0,False,-28.57,1.73,0.89,,,,,2025-05-22,289.0,-5.02,False,-3.39,False,True,3.98,-6.96,False,imminent,,-1.33,,,False,,,,,,,,,,,,2026-04-30,,0.23,0.47,0.23,6.88,15.06,15.77,-3.7,-3.7,-1.42
7564.T,ワークマン,2026-07-28,5910.0,5950.0,8330.0,False,-28.57,0.69,1.42,,,,,2026-06-03,38.0,-11.26,False,-10.92,True,False,16.39,-19.79,False,diverging,,-12.28,-0.15,,True,,,,,,,,,,,,2026-07-08,,0.62,0.02,0.28,31.53,31.53,31.53,-14.1,-9.36,-9.08
7245.T,大同メタル工業,2026-07-28,1266.0,1326.0,1857.0,False,-28.59,0.34,0.76,,,,,2026-07-03,16.0,91.53,True,17.69,True,True,23.26,-30.35,False,crossed,36.0,,,1.17,False,-0.53,narrowing,True,2.0,3.01,1198.0,1229.0,2026-02-27,-2.52,False,2026-06-05,2026-03-31,,0.65,0.32,0.49,29.39,30.35,30.69,46.02,19.66,88.67
6986.T,双葉電子工業,2026-07-28,575.0,591.0,828.0,False,-28.62,1.27,0.85,,,,,2026-05-11,55.0,-6.35,False,-10.75,False,False,10.53,-16.87,False,,,,,,,,,,,,,,,,,,,,0.62,0.53,0.02,32.5,32.5,32.5,-16.67,-15.69,-3.2
1980.T,ダイダン,2026-07-28,2567.0,2626.0,3680.0,False,-28.64,0.79,0.81,,,,,2026-02-27,101.0,72.86,False,-3.21,True,True,16.39,-28.53,False,crossed,12.0,,,-4.23,False,-9.79,widening,False,,-30.05,2792.0,3670.0,2026-02-27,-23.92,True,2026-07-09,2026-04-13,,0.0,0.28,0.59,22.34,35.78,35.78,-5.42,-9.04,74.82
6504.T,富士電機,2026-07-28,12350.0,12700.0,17800.0,False,-28.65,0.94,0.78,,,,,2026-05-26,44.0,86.92,True,1.48,True,False,16.36,-23.94,False,,,,,,,,,,,,,,,,,,,,0.26,0.37,0.72,29.9,29.9,29.9,1.15,10.37,85.88
8830.T,住友不動産,2026-07-28,3754.0,3822.0,5358.0,False,-28.67,0.39,0.66,,,,,2026-02-26,102.0,34.34,False,-7.85,True,True,12.8,-23.25,False,,,,,,,,,,,,,,,,,,,,0.35,0.57,0.38,30.09,36.04,36.04,-19.82,-9.59,35.92
3116.T,トヨタ紡織,2026-07-28,2303.0,2345.0,3288.0,False,-28.68,0.71,1.13,,,,,2026-02-18,107.0,10.83,False,-6.55,False,True,11.91,-24.68,False,imminent,,-2.5,,,False,,,,,,,,,,,,2026-04-03,,0.14,0.7,0.01,10.18,35.52,35.52,-1.56,-12.86,10.46
142A.T,ジンジブ,2026-07-28,772.0,772.0,1083.0,False,-28.72,1.09,0.32,,,,,,,19.88,True,6.74,False,False,17.05,-19.7,False,,,,,,,,,,,,,,,,,,,,0.0,0.43,0.01,25.68,28.0,49.02,14.37,15.92,25.94
5930.T,文化シヤッター,2026-07-28,1961.0,1976.0,2772.0,False,-28.72,0.91,0.83,,,,,2025-08-12,233.0,-18.46,False,-1.31,False,True,6.49,-12.53,False,crossed,14.0,,,-0.93,False,-0.75,narrowing,False,,-8.96,1936.0,2154.0,2026-02-27,-10.12,False,2026-07-07,2026-03-13,3ヶ月,0.7,0.42,0.77,5.25,17.83,35.35,7.22,-5.86,-18.29
6092.T,エンバイオ・ホールディングス,2026-07-28,713.0,719.0,1009.0,False,-28.74,0.81,0.42,,,,,2026-05-19,49.0,11.41,True,3.93,True,False,7.82,-10.71,False,diverging,,-7.83,-0.46,,True,,,,,,,,,,,,2026-06-16,,0.63,0.11,0.43,27.0,27.0,27.0,-13.26,15.37,11.93
8705.T,日産証券グループ,2026-07-28,220.0,223.0,313.0,False,-28.75,1.44,1.95,,,,,2026-03-02,100.0,32.53,False,-2.18,True,True,16.19,-19.03,False,,,,,,,,,,,,,,,,,,,,0.56,0.13,0.58,16.67,29.03,29.03,-15.06,-1.35,31.74
9767.T,日建工学,2026-07-28,1511.0,1514.0,2125.0,False,-28.75,0.47,1.06,,,,,2026-03-23,86.0,8.08,False,-3.73,False,True,11.0,-21.08,False,,,,,,,,,,,,,,,,,,,,0.13,0.33,0.04,15.51,33.76,33.76,-8.09,-10.43,8.08
7774.T,ジャパン・ティッシュエンジニアリング,2026-07-28,613.0,629.0,883.0,False,-28.77,0.82,0.74,,,,,2026-03-03,99.0,-5.69,True,6.89,True,True,20.06,-25.13,False,crossed,13.0,,,6.49,False,-4.89,widening,False,,-22.99,632.0,796.0,2026-02-27,-20.6,True,2026-07-08,2026-04-28,,0.33,0.0,0.32,11.49,33.42,34.55,8.11,18.34,-3.31
6803.T,ティアック,2026-07-28,96.0,99.0,139.0,False,-28.78,0.89,0.94,,,,,2026-02-26,102.0,5.49,False,-7.13,True,True,14.45,-20.15,False,,,,,,,,,,,,,,,,,,,,0.32,0.43,0.14,14.55,29.85,29.85,-11.93,-2.04,9.09
3415.T,ＴＯＫＹＯ　ＢＡＳＥ,2026-07-28,410.0,423.0,594.0,False,-28.79,0.66,1.2,,,,,2025-08-14,231.0,-5.96,False,-0.96,False,True,11.17,-16.35,False,crossed,0.0,,,,False,,,False,,-13.14,410.0,472.0,2026-04-16,-13.14,False,2026-07-28,2026-05-20,,0.07,0.17,0.63,22.01,30.93,44.27,-1.91,-7.24,-9.49
8715.T,アニコム　ホールディングス,2026-07-28,1190.0,1217.0,1710.0,False,-28.83,0.91,0.64,,,,,2026-04-15,69.0,64.14,True,4.56,True,False,11.14,-19.73,False,,,,,,,,,,,,,,,,,,,,0.58,0.04,0.75,24.89,31.01,31.01,-22.88,11.42,61.68
4838.T,スペースシャワーＳＫＩＹＡＫＩホールディングス,2026-07-28,671.0,683.0,960.0,False,-28.85,0.98,0.54,,,,,2025-09-11,211.0,25.42,False,-12.25,False,True,21.72,-21.7,False,,,,,,,,,,,,,,,,,,,,0.43,0.8,0.05,18.15,33.62,34.67,-7.19,-13.08,26.84
4783.T,ＮＣＤ,2026-07-28,2492.0,2524.0,3550.0,False,-28.9,0.57,0.52,,,,,2026-02-20,105.0,-9.22,False,-10.12,False,True,9.77,-23.65,False,imminent,,-0.53,,,False,,,,,,,,,,,,2026-03-27,,0.01,0.79,0.13,11.76,35.47,35.47,-2.73,-22.61,-9.94
368A.T,北里コーポレーション,2026-07-28,1386.0,1404.0,1975.0,False,-28.91,0.81,0.9,,,,,,,-27.96,False,-0.94,False,True,8.62,-12.69,False,crossed,8.0,,,-0.07,False,0.75,narrowing,False,,-16.51,1360.0,1660.0,2026-01-08,-18.07,False,2026-07-15,2026-03-02,,0.3,0.47,0.55,15.2,27.26,37.45,6.21,-12.5,-23.38
6769.T,ザインエレクトロニクス,2026-07-28,946.0,990.0,1393.0,False,-28.93,1.11,0.77,,,,,2026-05-28,42.0,2.83,True,1.08,True,False,13.05,-14.77,False,,,,,,,,,,,,,,,,,,,,0.36,0.53,0.49,29.5,29.5,29.5,-11.59,13.7,4.76
5161.T,西川ゴム工業,2026-07-28,3215.0,3230.0,4545.0,False,-28.93,1.04,0.82,,,,,2026-02-27,101.0,20.46,False,-3.13,True,True,12.13,-22.33,False,imminent,,-1.75,,,False,,,,,,,,,,,,2026-04-15,,0.02,0.7,0.11,10.88,36.17,36.17,0.78,-15.28,19.21
5025.T,マーキュリー,2026-07-28,545.0,561.0,790.0,False,-28.99,1.9,0.44,,,,,2024-09-11,455.0,-21.36,False,-18.77,False,False,7.06,-19.54,False,,,,,,,,,,,,,,,,,,,,0.77,0.78,0.35,27.14,33.77,33.77,-22.14,-25.75,-21.58
9439.T,エム・エイチ・グループ,2026-07-28,222.0,225.0,317.0,False,-29.02,0.17,14.24,,,,,2026-07-17,6.0,5.21,False,-5.37,True,False,4.12,-9.39,False,diverging,,-2.68,-0.01,,True,,,,,,,,,,,,2026-06-26,,0.33,0.18,0.71,14.94,16.23,16.23,-9.76,-4.31,5.71
7871.T,フクビ化学工業,2026-07-28,946.0,956.0,1347.0,False,-29.03,1.89,1.05,,,,,2026-04-22,64.0,17.96,True,2.59,True,True,4.95,-7.76,True,imminent,,-0.4,,,True,,,,,,,,,,,,2026-06-11,,0.1,0.0,0.2,15.6,29.04,29.04,-5.02,1.61,18.25
7793.T,イメージ・マジック,2026-07-28,1367.0,1370.0,1931.0,False,-29.05,0.54,0.74,,,,,2025-09-30,200.0,2.09,False,-13.5,False,False,11.37,-13.04,False,,,,,,,,,,,,,,,,,,,,0.87,0.66,0.02,22.15,28.26,29.41,-19.06,-9.47,3.8
5010.T,日本精蝋,2026-07-28,232.0,239.0,337.0,False,-29.08,1.28,0.66,,,,,2026-02-17,108.0,22.11,True,3.13,True,False,19.9,-24.29,False,imminent,,-2.03,,,False,,,,,,,,,,,,2026-05-01,,0.17,0.01,0.47,22.3,32.5,32.5,-5.69,17.17,20.21
8035.T,東京エレクトロン,2026-07-28,55970.0,57610.0,81260.0,False,-29.1,0.89,0.83,,,,,2026-07-01,18.0,111.33,True,24.98,True,True,23.05,-27.45,False,crossed,64.0,,,-2.44,True,9.84,narrowing,True,3.0,21.07,45500.0,46230.0,2026-02-25,-1.58,False,2026-04-22,2026-04-08,,0.64,0.76,0.89,28.97,28.97,28.97,22.07,31.69,104.2
4828.T,ビジネスエンジニアリング,2026-07-28,1217.0,1246.0,1758.0,False,-29.12,0.53,0.85,,,,,2025-12-29,139.0,21.22,False,-6.39,False,True,14.14,-16.17,False,,,,,,,,,,,,,,,,,,,,0.09,0.7,0.03,24.63,39.52,45.68,-0.81,-20.35,20.73
9404.T,日本テレビホールディングス,2026-07-28,2978.0,2984.5,4211.0,False,-29.13,0.57,0.76,,,,,2025-09-09,213.0,-1.68,False,-11.49,False,True,7.62,-8.45,False,imminent,,-2.27,,,False,,,,,,,,,,,,2026-01-30,,0.16,0.83,0.65,10.97,30.07,34.91,-0.35,-20.84,-2.55
7531.T,清和中央ホールディングス,2026-07-27,1320.0,1320.0,1863.0,False,-29.15,0.6,0.54,,,,,2025-06-09,276.0,-19.12,False,-9.78,False,False,4.59,-9.4,False,,,,,,,,,,,,,,,,,,,,0.66,0.78,0.85,15.1,20.44,30.8,-11.41,-16.35,-19.32
2991.T,ランドネット,2026-07-28,573.0,583.0,823.5,False,-29.2,0.72,0.49,,,,,2025-09-18,207.0,-2.88,False,-9.63,False,True,8.54,-14.01,False,imminent,,-0.68,,,False,,,,,,,,,,,,2025-11-21,,0.0,0.55,0.36,10.86,21.45,32.46,-5.76,-12.52,-4.26
4377.T,ワンキャリア,2026-07-28,2055.0,2087.0,2948.0,False,-29.21,0.91,0.63,,,,,2025-08-27,222.0,-0.87,False,-7.2,False,True,12.12,-18.39,False,crossed,13.0,,,-1.47,False,-7.36,narrowing,False,,-22.45,2174.0,2650.0,2026-01-09,-17.96,False,2026-07-08,2026-01-16,,0.4,0.15,0.51,14.83,34.87,41.36,9.19,-19.79,1.28
4512.T,わかもと製薬,2026-07-28,266.0,269.0,380.0,False,-29.21,1.59,0.66,,,,,2026-03-26,83.0,-8.9,False,-11.8,False,True,7.43,-20.06,False,,,,,,,,,,,,,,,,,,,,0.41,0.45,0.0,33.15,33.52,33.52,-23.78,-16.61,-7.96
5449.T,大阪製鐵,2026-07-28,2777.0,2785.0,3935.0,False,-29.22,0.88,0.55,,,,,2026-02-05,115.0,-3.88,True,5.45,False,True,11.14,-17.37,False,crossed,2.0,,,,False,,,False,,-22.75,2649.0,3595.0,2026-02-05,-26.31,False,2026-07-24,2026-03-03,,0.09,0.36,0.2,16.49,37.75,37.75,20.11,-15.98,-2.94
6912.T,菊水ホールディングス,2026-07-28,1839.0,1904.0,2690.0,False,-29.22,1.04,1.14,,,,,2026-05-11,55.0,11.86,False,-7.16,True,False,11.34,-16.11,False,,,,,,,,,,,,,,,,,,,,0.61,0.02,0.65,29.43,29.43,29.43,-18.7,-2.49,11.86
2413.T,エムスリー,2026-07-28,1924.0,1942.5,2746.0,False,-29.26,0.8,0.66,,,,,2025-11-17,168.0,5.31,True,2.99,False,True,14.1,-17.97,False,crossed,23.0,,,3.89,False,8.93,widening,False,,-10.8,1710.0,2157.0,2026-01-09,-20.72,False,2026-06-24,2025-12-24,,0.84,0.0,0.48,13.59,34.52,52.02,28.22,-2.38,6.01
3962.T,チェンジホールディングス,2026-07-28,933.0,943.0,1333.0,False,-29.26,0.97,1.19,,,,,2023-02-16,841.0,-18.52,False,-6.38,False,True,5.12,-12.31,False,crossed,7.0,,,-5.67,True,-4.84,narrowing,False,,-14.95,970.0,1097.0,2026-01-19,-11.58,False,2026-07-16,2026-06-26,,0.07,0.4,0.84,8.97,18.52,28.27,3.9,-14.64,-18.16
3676.T,デジタルハーツホールディングス,2026-07-28,745.0,754.0,1066.0,False,-29.27,1.7,1.14,,,,,2025-02-12,355.0,-21.5,False,-13.88,False,True,3.56,-10.34,False,,,,,,,,,,,,,,,,,,,,0.37,0.79,0.75,18.86,28.23,33.01,-11.63,-20.91,-19.72
2477.T,手間いらず,2026-07-28,2349.0,2394.0,3385.0,False,-29.28,0.82,0.6,,,,,2021-06-24,1244.0,-23.73,False,-15.9,False,True,6.01,-12.57,False,imminent,,-2.12,,,False,,,,,,,,,,,,2025-12-05,,0.04,0.84,0.67,17.74,33.83,37.18,-4.94,-26.48,-23.36
5210.T,日本山村硝子,2026-07-28,2783.0,2840.0,4020.0,False,-29.35,1.01,0.62,,,,,2026-02-24,104.0,11.23,False,-3.73,True,True,11.18,-19.51,False,crossed,4.0,,,,False,,,False,,-30.77,2855.0,4020.0,2026-02-24,-28.98,False,2026-07-22,2026-04-02,,0.03,0.48,0.01,20.44,37.06,37.06,-11.37,-10.37,9.78
6036.T,ＫｅｅＰｅｒ技研,2026-07-28,2755.0,2783.0,3940.0,False,-29.37,0.53,0.95,,,,,2023-12-28,627.0,-14.84,False,-13.98,False,True,8.94,-18.08,False,,,,,,,,,,,,,,,,,,,,0.01,0.64,0.59,16.53,30.73,35.67,-7.58,-16.13,-13.5
7897.T,ホクシン,2026-07-28,101.0,101.0,143.0,False,-29.37,0.85,0.64,,,,,2025-03-26,327.0,-17.21,False,-6.7,False,True,5.98,-10.29,False,imminent,,-0.84,,,False,,,,,,,,,,,,2026-03-16,,0.05,0.79,0.81,7.62,16.38,31.21,-0.98,-11.4,-17.89
3443.T,川田テクノロジーズ,2026-07-28,1292.0,1304.0,1846.7,False,-29.39,1.34,0.69,,,,,2026-02-27,101.0,-0.87,False,-11.27,False,True,10.05,-18.54,False,,,,,,,,,,,,,,,,,,,,0.1,0.67,0.02,29.35,36.68,36.68,-19.05,-23.25,0.16
5570.T,ジェノバ,2026-07-28,618.0,621.0,880.0,False,-29.43,0.47,0.4,,,,,2025-09-24,204.0,-8.85,False,-9.66,False,False,7.0,-11.27,False,diverging,,-4.03,-2.15,,False,,,,,,,,,,,,2026-03-10,,0.61,0.76,0.47,13.01,18.32,29.34,-7.35,-13.93,-7.9
4588.T,オンコリスバイオファーマ,2026-07-28,2456.0,2607.0,3695.0,False,-29.45,0.65,0.42,,,,,2026-05-26,44.0,289.22,True,24.38,True,False,24.98,-20.99,False,diverging,,-2.89,-0.01,,True,,,,,,,,,,,,2026-07-13,,0.15,0.22,0.87,33.04,38.06,38.06,-17.53,40.66,294.22
2499.T,日本和装ホールディングス,2026-07-28,295.0,297.0,421.0,False,-29.45,0.57,0.33,,,,,2025-12-24,142.0,-9.23,False,-11.95,False,True,6.82,-11.05,False,imminent,,-2.01,,,False,,,,,,,,,,,,2026-02-19,,0.16,0.86,0.51,14.87,27.49,30.49,-6.65,-19.84,-8.95
7046.T,ＴＤＳＥ,2026-07-28,1277.0,1277.0,1810.0,False,-29.45,0.74,2.09,,,,,2025-06-25,265.0,-20.44,False,-10.6,False,True,6.77,-14.63,False,crossed,6.0,,,0.08,False,-1.12,widening,False,,-24.39,1280.0,1689.0,2026-01-07,-24.22,False,2026-07-17,2025-12-11,,0.0,0.5,0.77,9.02,21.61,29.51,-5.06,-18.61,-15.99
378A.T,ヒット,2026-07-28,1051.0,1079.0,1530.0,False,-29.48,0.79,0.31,,,,,,,-6.58,False,-4.26,False,True,8.21,-16.0,False,,,,,,,,,,,,,,,,,,,,0.41,0.13,0.01,23.85,33.51,33.51,-15.28,7.96,-3.36
5078.T,セレコーポレーション,2026-07-28,4900.0,4900.0,6950.0,False,-29.5,0.45,1.02,,,,,2025-07-18,248.0,-0.61,False,-6.21,False,False,7.19,-19.88,False,imminent,,-0.93,,,False,,,,,,,,,,,,2025-12-23,,0.16,0.25,0.59,8.14,8.85,29.72,1.66,-0.1,-1.71
3083.T,スターシーズ,2026-07-28,941.0,950.0,1348.0,False,-29.53,0.58,0.84,,,,,2026-04-10,72.0,15.89,True,5.64,True,False,14.69,-14.54,False,diverging,,-7.19,-0.63,,True,,,,,,,,,,,,2026-06-16,,0.69,0.24,0.46,23.86,32.29,32.29,-12.14,19.42,13.37
9603.T,エイチ・アイ・エス,2026-07-28,1056.0,1070.0,1519.0,False,-29.56,0.9,0.53,,,,,2021-09-30,1179.0,-22.24,False,-10.29,False,False,6.82,-18.59,False,,,,,,,,,,,,,,,,,,,,0.23,0.76,0.88,15.77,31.76,39.74,0.96,-19.94,-21.02
6622.T,ダイヘン,2026-07-28,13010.0,13940.0,19790.0,False,-29.56,2.0,0.97,,,,,2026-05-12,54.0,95.93,True,1.88,True,False,19.89,-27.92,False,,,,,,,,,,,,,,,,,,,,0.03,0.5,0.91,33.11,33.11,33.11,-6.4,8.78,92.46
7112.T,キューブ,2026-07-28,696.0,698.0,991.0,False,-29.57,0.76,0.73,,,,,2026-04-27,61.0,40.61,True,0.02,True,False,11.35,-7.42,False,,,,,,,,,,,,,,,,,,,,0.44,0.09,0.67,26.28,26.28,26.28,-25.64,-1.42,44.7
3850.T,エヌ・ティ・ティ・データ・イントラマート,2026-07-28,2958.0,2995.0,4255.0,False,-29.61,0.25,0.93,,,,,2025-05-30,283.0,-15.49,False,-11.0,False,True,8.3,-11.1,False,crossed,17.0,,,3.11,False,-5.66,widening,False,,-26.23,3055.0,4010.0,2026-01-27,-23.82,False,2026-07-02,2026-01-07,,0.66,0.34,0.69,9.83,36.61,40.05,9.8,-24.44,-16.68
1711.T,ＳＤＳホールディングス,2026-07-28,236.0,240.0,341.0,False,-29.62,1.02,0.49,,,,,2024-03-25,572.0,-1.26,False,-9.48,False,True,13.92,-18.09,False,,,,,,,,,,,,,,,,,,,,0.19,0.55,0.21,19.55,37.24,37.24,-10.94,-8.17,-0.42
5011.T,ニチレキグループ,2026-07-28,2203.0,2215.0,3150.0,False,-29.68,0.7,0.81,,,,,2025-08-06,236.0,-14.38,False,-3.55,False,True,5.44,-13.73,False,crossed,14.0,,,-0.14,False,2.97,widening,False,,-14.18,2098.0,2567.0,2026-01-16,-18.27,False,2026-07-07,2026-03-02,,0.63,0.51,0.85,5.99,22.93,37.33,7.78,-10.81,-14.28
9090.T,ＡＺ－ＣＯＭ丸和ホールディングス,2026-07-28,936.0,942.0,1340.0,False,-29.7,0.97,1.44,,,,,2023-09-05,705.0,-16.35,True,0.31,False,True,7.6,-10.85,False,crossed,0.0,,,,False,,,False,,-8.06,936.0,1018.0,2026-01-07,-8.06,False,2026-07-28,2025-10-03,,0.0,0.6,0.89,17.64,26.26,40.86,5.64,-6.49,-14.52
9684.T,スクウェア・エニックス・ホールディングス,2026-07-28,2703.5,2714.0,3861.7,False,-29.72,1.19,0.75,,,,,2025-08-18,229.0,-18.54,False,-0.77,False,True,5.97,-8.41,False,imminent,,-0.96,,,True,,,,,,,,,,,,2026-06-23,,0.01,0.15,0.85,15.71,17.94,38.25,8.66,-1.73,-16.51
7722.T,国際計測器,2026-07-28,795.0,806.0,1147.0,False,-29.73,0.69,1.41,,,,,2026-02-09,113.0,41.46,False,-3.72,True,True,12.03,-17.83,False,imminent,,-0.44,,,False,,,,,,,,,,,,2026-03-19,,0.0,0.72,0.25,13.01,33.94,33.94,-0.87,-21.13,43.24
8877.T,エスリード,2026-07-28,5250.0,5310.0,7560.0,False,-29.76,0.67,0.79,,,,,2026-02-27,101.0,9.72,False,-12.49,False,True,10.61,-18.97,False,,,,,,,,,,,,,,,,,,,,0.25,0.85,0.0,20.13,36.87,36.87,-9.95,-28.18,10.99
5142.T,アキレス,2026-07-28,1239.0,1285.0,1830.0,False,-29.78,0.72,0.9,,,,,2026-02-25,103.0,11.92,False,-8.98,True,True,12.76,-26.66,False,,,,,,,,,,,,,,,,,,,,0.19,0.66,0.09,29.25,38.53,38.53,-12.19,-17.84,13.25
7043.T,アルー,2026-07-28,868.0,869.0,1238.0,False,-29.81,1.8,1.34,,,,,2025-12-03,157.0,13.02,False,-7.08,True,True,8.66,-12.45,False,crossed,54.0,,,-4.7,False,-18.19,widening,False,,-15.32,937.0,1025.0,2026-01-06,-8.59,False,2026-05-12,2026-01-23,,0.11,0.0,0.0,11.56,18.73,29.61,-9.3,-4.93,12.73
3437.T,特殊電極,2026-07-27,2736.0,2744.0,3910.0,False,-29.82,1.45,0.9,,,,,2025-12-25,140.0,12.22,False,-8.16,False,False,8.06,-10.09,False,,,,,,,,,,,,,,,,,,,,0.6,0.8,0.01,18.45,26.54,28.92,-11.74,-23.58,10.63
1720.T,東急建設,2026-07-28,1175.0,1188.0,1693.0,False,-29.83,0.87,0.88,,,,,2026-03-03,99.0,12.76,False,-8.74,True,True,12.55,-19.57,False,,,,,,,,,,,,,,,,,,,,0.36,0.58,0.2,26.6,32.77,32.77,-15.65,-14.61,12.76
4331.T,テイクアンドギヴ・ニーズ,2026-07-28,677.0,682.0,972.0,False,-29.84,2.12,1.31,,,,,2022-08-09,969.0,-24.44,False,-8.58,False,False,3.26,-6.02,False,imminent,,-1.96,,,False,,,,,,,,,,,,2026-02-24,,0.41,0.73,0.92,9.83,21.09,32.89,-1.46,-17.64,-23.59
6656.T,インスペック,2026-07-28,924.0,1114.0,1588.0,False,-29.85,1.38,0.19,,,,,2026-06-04,37.0,27.62,True,24.83,True,True,22.23,-23.51,False,crossed,58.0,,,7.93,True,23.84,narrowing,True,1.0,19.69,681.0,772.0,2026-04-28,-11.79,False,2026-05-01,2026-04-01,,0.57,0.7,0.32,32.55,32.55,32.55,47.13,49.51,31.62
7042.T,アクセスグループ・ホールディングス,2026-07-28,663.0,666.0,950.0,False,-29.89,0.83,0.74,,,,,2025-12-30,138.0,16.93,True,3.82,True,True,12.63,-11.08,False,crossed,9.0,,,-2.54,False,-2.34,narrowing,False,,-17.95,670.0,808.0,2026-01-05,-17.08,True,2026-07-14,2026-03-27,,0.42,0.43,0.15,8.37,24.64,34.52,7.46,-3.07,22.1
5871.T,ＳＯＬＩＺＥ　Ｈｏｌｄｉｎｇｓ,2026-07-28,1331.0,1349.0,1924.0,False,-29.89,1.84,0.52,,,,,,,-26.06,False,-7.77,False,True,3.56,-11.66,False,imminent,,-0.67,,,False,,,,,,,,,,,,2025-08-20,,0.0,0.41,0.85,10.71,14.72,32.0,-5.13,-6.92,-26.87
7500.T,西川計測,2026-07-27,9800.0,9800.0,13990.0,False,-29.95,1.23,1.0,,,,,2025-12-09,152.0,-3.16,False,-11.22,False,False,10.27,-20.76,False,crossed,12.0,,,1.85,False,-1.12,widening,False,,-25.19,9740.0,13100.0,2026-01-05,-25.65,False,2026-07-08,2026-01-27,,0.24,0.38,0.15,8.15,22.88,34.06,5.38,-9.26,-2.78
4892.T,サイフューズ,2026-07-28,510.0,535.0,764.0,False,-29.97,1.69,0.61,,,,,2025-03-03,343.0,-27.35,False,-15.38,False,False,8.48,-13.11,False,,,,,,,,,,,,,,,,,,,,0.75,0.56,0.14,28.27,32.63,32.63,-27.45,-22.61,-25.11
8747.T,豊トラスティ証券,2026-07-28,2369.0,2411.0,3445.0,False,-30.01,1.32,1.21,,,,,2026-03-02,100.0,55.86,False,-0.03,True,True,13.44,-16.82,False,,,,,,,,,,,,,,,,,,,,0.08,0.5,0.5,23.01,39.33,39.33,-10.43,2.55,54.84
3753.T,フライトソリューションズ,2026-07-28,178.0,184.0,263.0,False,-30.04,0.55,0.68,,,,,2025-03-06,340.0,-26.45,True,6.86,False,True,12.16,-14.2,False,crossed,7.0,,,-3.08,True,-9.74,widening,False,,-22.61,195.0,230.0,2026-05-25,-15.22,True,2026-07-16,2026-06-29,,0.09,0.13,0.42,40.0,40.0,48.83,15.58,7.88,-25.52
4360.T,マナック・ケミカル・パートナーズ,2026-07-28,795.0,826.0,1181.0,False,-30.06,0.8,0.5,,,,,2026-03-12,92.0,57.43,True,0.26,True,True,13.54,-12.24,False,,,,,,,,,,,,,,,,,,,,0.16,0.39,0.58,23.52,38.09,38.09,-14.61,-4.1,58.05
6890.T,フェローテック,2026-07-28,7820.0,8180.0,11700.0,False,-30.09,2.11,1.37,,,,,2026-06-22,25.0,144.76,True,19.16,True,False,12.01,-17.94,False,,,,,,,,,,,,,,,,,,,,0.0,0.65,0.93,39.52,39.52,39.52,4.55,17.95,136.97
1718.T,美樹工業,2026-07-28,6910.0,6970.0,9970.0,False,-30.09,5.9,2.53,,,,,2026-02-10,112.0,4.7,False,-11.44,False,True,6.26,-14.22,False,imminent,,-0.81,,,False,,,,,,,,,,,,2026-03-06,,0.06,0.72,0.09,9.35,31.41,31.41,-5.21,-21.12,4.7
6612.T,バルミューダ,2026-07-28,638.0,643.0,920.0,False,-30.11,0.59,0.84,,,,,,,-26.58,False,-3.4,False,True,5.75,-10.17,False,crossed,6.0,,,3.26,False,3.02,widening,False,,-6.86,614.0,685.0,2026-01-09,-10.36,False,2026-07-17,2025-04-16,,0.17,0.37,0.9,7.43,17.38,35.52,5.98,0.47,-26.67
3929.T,ソーシャルワイヤー,2026-07-28,260.0,262.0,375.0,False,-30.13,0.19,0.47,,,,,2026-05-18,50.0,2.36,False,-10.16,True,False,6.8,-13.88,False,diverging,,-10.48,-1.47,,True,,,,,,,,,,,,2026-06-15,,0.67,0.1,0.35,29.7,29.7,29.7,-21.21,-9.41,4.0
7868.T,広済堂ホールディングス,2026-07-28,520.0,526.0,753.0,False,-30.15,0.97,0.3,,,,,2026-05-14,52.0,10.64,True,4.29,True,False,9.07,-7.64,False,diverging,,-3.44,-0.5,,True,,,,,,,,,,,,2026-06-29,,0.31,0.18,0.54,36.36,36.36,36.36,3.38,7.44,9.94
6239.T,ナガオカ,2026-07-28,1304.0,1310.0,1876.0,False,-30.17,0.92,0.55,,,,,2026-04-06,76.0,-4.75,False,-9.4,False,False,6.0,-10.58,False,,,,,,,,,,,,,,,,,,,,0.16,0.32,0.03,14.83,31.16,31.16,-12.89,-8.87,-5.85
1981.T,協和日成,2026-07-28,1340.0,1359.0,1947.0,False,-30.2,1.02,1.54,,,,,2025-10-31,178.0,-10.67,False,-9.45,False,True,7.12,-17.57,False,imminent,,-2.27,,,False,,,,,,,,,,,,2026-03-26,,0.43,0.82,0.42,8.8,23.37,23.55,-5.63,-18.09,-7.59
9560.T,プログリット,2026-07-28,833.0,847.0,1214.0,False,-30.23,0.65,1.89,,,,,,,-23.44,False,-1.68,False,True,8.01,-15.51,False,crossed,4.0,,,,False,,,False,,-17.77,801.0,1013.0,2026-01-08,-20.93,False,2026-07-22,2026-05-20,,0.28,0.18,0.81,15.55,29.68,44.79,5.31,-12.32,-21.56
2986.T,ＬＡホールディングス,2026-07-28,2701.0,2760.0,3956.7,False,-30.24,0.75,0.81,,,,,2026-02-13,110.0,25.24,False,-5.96,False,False,15.08,-16.89,False,,,,,,,,,,,,,,,,,,,,0.38,0.74,0.25,12.43,24.43,25.1,-11.25,-12.4,28.01
7353.T,ＫＩＹＯラーニング,2026-07-28,570.0,572.0,820.0,False,-30.24,0.64,0.88,,,,,2025-02-27,345.0,-18.22,False,-10.86,False,False,6.13,-15.09,False,imminent,,-0.17,,,False,,,,,,,,,,,,2025-11-28,,0.01,0.51,0.78,4.63,19.3,31.86,-0.18,-16.91,-19.72
5027.T,ＡｎｙＭｉｎｄ　Ｇｒｏｕｐ,2026-07-28,553.0,578.0,829.0,False,-30.28,0.72,0.87,,,,,2024-08-26,467.0,-3.32,True,1.42,False,True,19.07,-22.8,False,crossed,37.0,,,-9.01,False,9.47,widening,False,,-23.09,477.0,719.0,2026-02-04,-33.66,False,2026-06-04,2026-02-25,,0.42,0.06,0.5,23.05,47.01,53.14,41.43,-10.95,0.55
4568.T,第一三共,2026-07-28,2877.5,2912.5,4178.0,False,-30.29,0.79,0.83,,,,,2024-08-30,463.0,-13.8,False,-6.6,False,True,9.14,-15.29,False,crossed,1.0,,,,False,,,False,,-18.76,2822.5,3542.0,2026-01-09,-20.31,False,2026-07-27,2025-11-26,,0.19,0.51,0.8,12.64,23.8,42.69,15.15,-8.33,-15.62
5035.T,ＨＯＵＳＥＩ,2026-07-28,359.0,359.0,515.0,False,-30.29,0.26,0.68,,,,,2025-03-17,333.0,-28.2,False,-13.38,False,False,4.7,-10.1,False,,,,,,,,,,,,,,,,,,,,0.8,0.79,0.86,19.21,21.04,31.57,-16.9,-14.52,-26.73
6563.T,みらいワークス,2026-07-28,498.0,510.0,732.0,False,-30.33,1.13,0.42,,,,,2024-10-10,436.0,-17.14,False,-14.01,False,True,5.55,-9.67,False,,,,,,,,,,,,,,,,,,,,0.55,0.85,0.64,20.0,28.55,34.27,-14.58,-23.38,-16.86
6875.T,メガチップス,2026-07-28,9070.0,9350.0,13420.0,False,-30.33,1.01,0.73,,,,,2026-06-03,38.0,74.76,False,-1.21,True,False,16.23,-16.74,False,,,,,,,,,,,,,,,,,,,,0.35,0.41,0.81,30.82,30.82,30.82,-12.11,3.3,72.76
1893.T,五洋建設,2026-07-28,1517.5,1572.0,2257.0,False,-30.35,0.8,0.84,,,,,2026-02-12,111.0,59.52,False,-9.24,True,False,15.56,-23.74,False,,,,,,,,,,,,,,,,,,,,0.41,0.26,0.63,29.92,31.72,31.72,-7.13,-9.54,61.57
3559.T,ピーバンドットコム,2026-07-28,412.0,414.0,595.0,False,-30.42,0.45,0.06,,,,,2025-02-21,348.0,-23.84,False,-14.51,False,False,5.21,-10.62,False,,,,,,,,,,,,,,,,,,,,0.65,0.81,0.71,23.12,29.94,31.83,-16.43,-19.06,-20.31
7707.T,プレシジョン・システム・サイエンス,2026-07-28,201.0,208.0,299.0,False,-30.43,0.89,0.48,,,,,2026-05-19,49.0,2.55,False,-4.78,False,False,15.08,-20.82,False,diverging,,-9.26,-0.52,,True,,,,,,,,,,,,2026-06-23,,0.36,0.2,0.16,35.52,35.52,35.52,-8.22,-6.94,3.08
1812.T,鹿島建設,2026-07-28,5491.0,5592.0,8040.0,False,-30.45,0.66,0.75,,,,,2026-02-12,111.0,47.37,False,-6.7,True,True,10.6,-17.29,False,,,,,,,,,,,,,,,,,,,,0.15,0.58,0.52,17.95,29.95,29.95,-7.04,-15.22,49.7
472A.T,ミラティブ,2026-07-28,517.0,527.0,758.0,False,-30.47,0.32,3.0,,,,,,,,,,,True,14.24,-16.04,False,,,,,,,,,,,,,,,,,,,,0.01,0.39,,26.02,46.41,,1.37,-20.95,
9629.T,ピー・シー・エー,2026-07-28,1423.0,1449.0,2084.0,False,-30.47,0.61,1.04,,,,,2024-06-27,507.0,-21.12,False,-15.5,False,True,9.37,-17.54,False,imminent,,-0.4,,,False,,,,,,,,,,,,2026-03-18,,0.15,0.73,0.62,27.46,41.28,43.09,-11.39,-28.28,-21.16
1803.T,清水建設,2026-07-28,2466.0,2512.0,3618.0,False,-30.57,0.67,0.77,,,,,2026-03-03,99.0,51.15,False,-8.57,True,False,15.77,-20.63,False,,,,,,,,,,,,,,,,,,,,0.52,0.57,0.46,30.61,32.8,32.8,-12.44,-11.25,52.03
3626.T,ＴＩＳ,2026-07-28,3742.0,3748.0,5399.0,False,-30.58,0.66,0.59,,,,,2025-10-31,178.0,-18.12,False,-7.87,False,True,11.57,-28.32,False,imminent,,-0.99,,,True,,,,,,,,,,,,2026-06-16,,0.02,0.11,0.67,16.57,38.99,45.23,3.86,-21.5,-17.3
6762.T,ＴＤＫ,2026-07-28,2920.5,2993.0,4315.0,False,-30.64,0.88,0.76,,,,,2026-06-01,40.0,75.62,True,11.01,True,False,23.26,-18.91,False,crossed,66.0,,,6.92,True,1.31,narrowing,True,2.0,11.64,2542.0,2616.0,2026-04-17,-2.83,False,2026-04-20,2026-03-31,,0.05,0.71,0.59,28.96,28.96,28.96,8.59,46.46,73.07
7782.T,シンシア,2026-07-28,470.0,475.0,685.0,False,-30.66,0.71,0.43,,,,,2025-05-15,294.0,-21.67,False,-3.64,False,True,3.02,-6.37,False,crossed,23.0,,,0.0,False,0.17,narrowing,False,,-7.48,453.0,508.0,2026-01-05,-10.83,False,2026-06-24,2025-10-16,,0.48,0.24,0.87,6.65,15.63,34.73,4.21,-5.81,-26.33
9799.T,旭情報サービス,2026-07-28,948.0,977.0,1409.0,False,-30.66,1.1,0.59,,,,,2025-12-25,141.0,-6.32,False,-11.48,False,True,8.17,-12.48,False,imminent,,-2.17,,,False,,,,,,,,,,,,2026-02-25,,0.08,0.79,0.1,17.92,35.75,40.0,-7.69,-26.91,-7.96
1850.T,南海辰村建設,2026-07-28,431.0,452.0,652.0,False,-30.67,2.93,1.0,,,,,2026-01-14,131.0,35.53,False,-15.19,False,True,12.7,-18.09,False,crossed,1.0,,,,False,,,False,,-32.76,451.0,641.0,2026-01-14,-29.64,False,2026-07-27,2026-02-13,,0.08,0.75,0.03,16.7,37.96,39.31,-4.01,-29.92,35.11
9423.T,フォーバル・リアルストレート,2026-07-28,104.0,104.0,150.0,False,-30.67,0.35,0.75,,,,,2025-07-22,247.0,-18.75,False,-2.46,False,True,4.16,-10.34,False,imminent,,-0.1,,,False,,,,,,,,,,,,2026-04-03,,0.0,0.71,0.39,5.71,15.38,29.29,0.0,-5.45,-18.11
9245.T,リベロ,2026-07-28,2000.0,2010.0,2899.0,False,-30.67,1.57,0.95,,,,,2025-11-17,168.0,17.23,False,-9.91,False,False,12.19,-15.77,False,imminent,,-1.13,,,False,,,,,,,,,,,,2026-01-13,,0.0,0.77,0.02,10.0,23.08,35.11,1.01,-13.9,16.89
7325.T,アイリックコーポレーション,2026-07-28,679.0,687.0,991.0,False,-30.68,0.75,0.65,,,,,2026-02-24,104.0,-9.35,False,-18.07,False,False,8.44,-19.82,False,,,,,,,,,,,,,,,,,,,,0.63,0.74,0.23,26.43,31.09,33.54,-22.04,-18.68,-9.35
3223.T,エスエルディー,2026-07-28,921.0,922.0,1330.0,False,-30.68,0.93,1.05,,,,,2025-09-19,206.0,-4.16,False,-6.62,False,True,4.95,-8.74,False,crossed,19.0,,,0.0,False,-4.38,widening,False,,-18.5,936.0,1130.0,2026-01-13,-17.17,False,2026-06-30,2026-02-09,,0.22,0.35,0.39,4.73,15.0,22.54,1.21,-12.03,-7.62
3904.T,カヤック,2026-07-28,412.0,420.0,606.0,False,-30.69,2.31,0.77,,,,,2025-12-02,158.0,-5.07,False,-9.96,False,True,12.26,-13.15,False,imminent,,-1.02,,,False,,,,,,,,,,,,2026-02-27,,0.1,0.64,0.21,15.56,36.45,36.67,-0.72,-23.42,-3.96
8166.T,タカキュー,2026-07-28,78.0,79.0,114.0,False,-30.7,1.16,1.12,,,,,2024-07-12,496.0,-27.1,False,-7.51,False,False,4.24,-8.16,False,,,,,,,,,,,,,,,,,,,,0.0,0.45,0.87,2.5,13.48,28.04,1.3,-9.3,-26.42
3741.T,セック,2026-07-28,2880.0,3020.0,4360.0,False,-30.73,0.93,0.71,,,,,2026-06-01,40.0,16.25,False,-9.33,True,False,17.85,-28.86,False,diverging,,-7.25,-0.25,,True,,,,,,,,,,,,2026-07-08,,0.24,0.16,0.51,31.98,31.98,31.98,0.73,-17.83,17.07
2981.T,ランディックス,2026-07-28,2045.0,2056.0,2970.0,False,-30.77,1.15,0.83,,,,,2025-11-14,169.0,9.53,False,-10.11,False,True,11.0,-12.99,False,imminent,,-0.13,,,False,,,,,,,,,,,,2026-01-27,,0.0,0.57,0.11,18.6,28.32,36.43,-3.67,-11.09,11.57
4887.T,サワイグループホールディングス,2026-07-28,1683.5,1693.5,2447.0,False,-30.79,0.71,0.69,,,,,2026-01-22,125.0,-10.9,False,-17.74,False,False,9.01,-16.89,False,,,,,,,,,,,,,,,,,,,,0.61,0.87,0.05,23.84,32.95,32.95,-20.63,-30.32,-11.37
2931.T,ユーグレナ,2026-07-28,346.0,355.0,513.0,False,-30.8,0.82,0.7,,,,,2022-12-15,883.0,-15.82,False,-11.66,False,False,4.9,-10.75,False,,,,,,,,,,,,,,,,,,,,0.56,0.58,0.79,22.0,24.05,37.45,-15.2,-15.61,-15.61
480A.T,リブ・コンサルティング,2026-07-28,1006.0,1010.0,1460.0,False,-30.82,0.86,0.29,,,,,,,,,,,True,9.99,-18.08,False,,,,,,,,,,,,,,,,,,,,0.25,0.44,,21.08,29.21,,-8.21,-15.82,
4323.T,日本システム技術,2026-07-28,1855.0,1889.0,2731.0,False,-30.83,0.54,1.06,,,,,2026-01-23,124.0,1.87,False,-11.37,False,True,11.11,-13.93,False,imminent,,-1.39,,,False,,,,,,,,,,,,2026-02-24,,0.01,0.69,0.26,24.35,43.93,43.93,-3.03,-29.36,3.34
3970.T,イノベーション,2026-07-28,791.0,794.0,1148.0,False,-30.84,1.93,0.21,,,,,,,-22.07,False,-12.57,False,False,4.09,-11.1,False,,,,,,,,,,,,,,,,,,,,0.47,0.85,0.83,18.04,23.98,33.42,-12.98,-17.86,-21.37
4569.T,杏林製薬,2026-07-28,1184.0,1193.0,1725.0,False,-30.84,0.5,0.62,,,,,2026-02-27,101.0,-21.22,False,-19.22,False,True,7.39,-18.38,False,,,,,,,,,,,,,,,,,,,,0.61,0.79,0.22,32.34,38.03,38.03,-25.06,-27.18,-21.17
2497.T,ユナイテッド,2026-07-28,519.0,526.0,761.0,False,-30.88,1.83,0.91,,,,,2023-09-06,704.0,-9.27,True,0.69,False,True,6.83,-10.88,False,crossed,8.0,,,-0.76,False,-2.68,widening,False,,-7.65,527.0,562.0,2026-03-02,-6.23,False,2026-07-15,2026-04-13,,0.29,0.41,0.4,5.61,13.17,31.55,2.57,-3.53,-8.79
4875.T,メディシノバ・インク,2026-07-28,215.0,217.0,314.0,False,-30.89,0.52,0.83,,,,,2024-12-09,396.0,13.76,False,-4.44,True,True,12.67,-11.16,False,imminent,,-0.37,,,False,,,,,,,,,,,,2026-03-17,,0.01,0.63,0.18,12.33,32.54,32.54,-0.46,-21.25,14.36
9367.T,大東港運,2026-07-28,1881.0,1891.0,2737.0,False,-30.91,0.56,1.56,,,,,2026-02-09,113.0,139.62,False,-1.76,True,True,27.34,-15.26,False,imminent,,-2.87,,,False,,,,,,,,,,,,2026-04-17,,0.27,0.78,0.6,12.71,31.03,31.03,-8.78,-12.84,135.12
9270.T,バリュエンスホールディングス,2026-07-28,1847.0,1928.0,2791.0,False,-30.92,0.64,3.19,,,,,2026-04-16,68.0,104.54,True,7.14,True,False,22.33,-16.01,False,diverging,,-11.22,-0.76,,True,,,,,,,,,,,,2026-07-10,,0.6,0.36,0.83,28.82,31.26,31.26,-19.84,-1.23,105.68
6227.T,ＡＩメカテック,2026-07-28,6000.0,6430.0,9310.0,False,-30.93,0.66,0.9,,,,,2026-02-25,103.0,430.19,True,31.47,True,False,37.87,-13.79,False,crossed,29.0,,,-10.27,True,-30.54,widening,False,,-28.74,8080.0,8420.0,2026-04-15,-4.04,True,2026-06-16,2026-06-02,,0.08,0.36,0.86,31.89,35.47,35.47,-8.95,113.52,442.17
6037.T,楽待,2026-07-28,998.0,1031.0,1493.0,False,-30.94,0.51,0.74,,,,,2025-09-16,209.0,-2.35,False,-5.9,False,True,11.55,-16.09,False,crossed,29.0,,,5.99,False,-5.2,widening,True,12.0,-10.73,1002.0,1118.0,2026-01-19,-10.38,True,2026-06-16,2025-11-19,,0.52,0.01,0.31,16.79,19.67,40.37,10.4,-6.55,-2.25
9258.T,ＣＳ－Ｃ,2026-07-28,320.0,328.0,475.0,False,-30.95,2.41,0.61,,,,,2025-08-18,229.0,-22.71,False,-5.32,False,False,6.31,-10.47,False,,,,,,,,,,,,,,,,,,,,0.49,0.82,0.85,18.95,25.27,40.47,-6.16,-8.57,-21.18
6961.T,エンプラス,2026-07-28,11900.0,12420.0,17990.0,False,-30.96,1.34,0.76,,,,,2026-04-21,65.0,207.89,True,2.94,True,False,27.05,-29.46,False,,,,,,,,,,,,,,,,,,,,0.37,0.0,0.8,33.37,35.19,35.19,-29.42,24.61,192.38
4366.T,ダイトーケミックス,2026-07-28,416.0,428.0,620.0,False,-30.97,2.16,0.95,,,,,2026-05-28,42.0,76.77,True,6.58,True,False,18.24,-21.57,False,,,,,,,,,,,,,,,,,,,,0.07,0.4,0.8,29.85,29.85,29.85,-4.37,2.97,77.02
3911.T,Ａｉｍｉｎｇ,2026-07-28,211.0,216.0,313.0,False,-30.99,0.99,0.47,,,,,2025-04-30,303.0,-13.88,True,0.13,False,True,9.25,-17.45,False,crossed,12.0,,,3.11,False,7.59,widening,False,,-12.08,193.0,240.0,2026-01-14,-19.58,False,2026-07-09,2026-02-13,,0.45,0.38,0.79,13.23,29.61,46.58,11.64,-7.86,-12.08
4704.T,トレンドマイクロ,2026-07-28,6589.0,6656.0,9647.0,False,-31.0,0.65,0.85,,,,,2025-02-19,350.0,-30.04,True,3.58,False,True,9.12,-16.6,False,crossed,51.0,,,11.69,False,8.94,widening,True,15.0,-0.87,5537.0,6647.0,2026-01-15,-16.7,False,2026-05-15,2025-07-09,,0.38,0.27,0.68,17.79,21.95,48.43,18.17,4.82,-30.22
415A.T,ＧＭＯ　ＴＥＣＨホールディングス,2026-07-28,4850.0,4850.0,7030.0,False,-31.01,0.09,1.29,,,,,2024-06-20,512.0,-30.01,False,-2.8,False,True,10.84,-24.21,False,,,,,,,,,,,,,,,,,,,,0.28,0.09,0.49,16.58,18.34,33.81,-8.32,3.19,-29.51
6255.T,エヌ・ピー・シー,2026-07-28,598.0,614.0,890.0,False,-31.01,0.81,1.47,,,,,2026-04-21,65.0,-14.2,False,-18.46,False,False,10.93,-16.83,False,diverging,,-10.58,-0.34,,True,,,,,,,,,,,,2026-06-01,,0.57,0.25,0.2,30.17,32.44,32.44,-25.34,-20.48,-9.26
2160.T,ジーエヌアイグループ,2026-07-28,2478.0,2578.0,3740.0,False,-31.07,1.36,0.64,,,,,2025-05-29,284.0,-19.41,False,-8.33,True,True,10.88,-12.99,False,,,,,,,,,,,,,,,,,,,,0.48,0.09,0.05,24.69,33.79,33.79,-20.83,-5.96,-18.49
3089.T,テクノアルファ,2026-07-28,1028.0,1043.0,1514.0,False,-31.11,0.6,1.36,,,,,2025-08-26,223.0,13.97,False,-14.28,False,False,13.71,-18.74,False,diverging,,-4.34,-0.06,,True,,,,,,,,,,,,2026-07-13,,0.06,0.28,0.0,22.33,23.91,30.79,-1.81,-18.99,14.48
5587.T,インバウンドプラットフォーム,2026-07-28,935.0,945.0,1372.0,False,-31.12,4.99,1.65,,,,,2025-08-15,230.0,2.86,True,9.36,False,True,19.5,-27.81,False,crossed,42.0,,,-2.08,False,6.78,widening,False,,-4.49,816.0,979.0,2026-02-16,-16.65,False,2026-05-28,2026-03-17,,0.11,0.04,0.5,13.98,35.24,52.69,27.73,1.41,9.23
4914.T,高砂香料工業,2026-07-28,1203.0,1211.0,1760.0,False,-31.19,0.98,0.8,,,,,2025-08-25,224.0,-18.72,False,-9.83,False,True,8.14,-14.38,False,crossed,1.0,,,,False,,,False,,-23.91,1211.0,1581.0,2026-02-12,-23.4,False,2026-07-27,2026-02-27,,0.02,0.65,0.78,11.81,32.01,37.79,5.25,-22.98,-18.83
2329.T,東北新社,2026-07-28,499.0,500.0,727.0,False,-31.22,0.62,2.92,,,,,2024-09-18,451.0,-20.16,False,-17.46,False,False,4.4,-8.33,False,,,,,,,,,,,,,,,,,,,,0.9,0.91,0.67,18.09,24.32,30.74,-17.25,-23.11,-20.79
3498.T,霞ヶ関キャピタル,2026-07-28,7360.0,7480.0,10880.0,False,-31.25,0.95,1.23,,,,,2025-10-06,196.0,-14.22,True,1.24,False,True,9.04,-19.72,False,crossed,14.0,,,-1.59,False,4.63,widening,False,,-14.32,6900.0,8590.0,2026-01-16,-19.67,True,2026-07-07,2025-11-07,,0.39,0.21,0.78,15.65,28.94,44.83,13.41,-5.4,-12.85
3064.T,ＭｏｎｏｔａＲＯ,2026-07-28,1979.5,1991.5,2900.0,False,-31.33,0.65,0.93,,,,,2025-05-19,292.0,-30.15,False,-2.31,False,True,9.85,-18.05,False,crossed,12.0,,,-0.3,True,-1.51,narrowing,False,,-17.9,1975.0,2411.0,2026-01-06,-18.08,False,2026-07-09,2026-07-01,,0.06,0.23,0.69,14.01,24.64,39.17,6.34,-10.63,-26.74
7068.T,フィードフォースグループ,2026-07-28,544.0,556.0,810.0,False,-31.36,1.01,0.8,,,,,2025-12-23,143.0,-0.18,False,-8.25,False,True,10.2,-20.0,False,crossed,8.0,,,-0.89,False,-4.02,widening,False,,-20.47,560.0,684.0,2026-01-15,-18.13,False,2026-07-15,2026-01-30,,0.25,0.48,0.28,13.24,31.2,42.49,6.88,-15.79,0.93
7501.T,ティムコ,2026-07-28,1461.0,1461.0,2130.0,False,-31.41,0.07,1.19,,,,,2026-04-28,60.0,55.59,False,-8.69,True,False,11.92,-17.54,False,,,,,,,,,,,,,,,,,,,,0.71,0.23,0.65,36.16,36.16,36.16,-27.99,-11.83,57.1
6324.T,ハーモニック・ドライブ・システムズ,2026-07-28,5910.0,6270.0,9150.0,False,-31.48,0.95,1.05,,,,,2026-07-06,15.0,130.68,True,26.5,True,True,25.68,-24.13,False,,,,,,,,,,,,,,,,,,,,0.25,0.79,0.84,33.52,33.52,33.52,40.88,56.76,132.04
5816.T,オーナンバ,2026-07-28,1525.0,1575.0,2299.0,False,-31.49,2.2,0.55,,,,,2026-04-14,70.0,58.03,False,-3.94,True,False,10.96,-8.9,False,diverging,,-8.61,-1.95,,True,,,,,,,,,,,,2026-06-11,,0.67,0.03,0.78,23.75,31.52,31.52,-17.52,0.86,56.73
3041.T,ビューティカダンホールディングス,2026-07-28,412.0,413.0,603.0,False,-31.51,0.28,0.27,,,,,2023-05-17,782.0,-9.85,False,-16.16,False,False,9.79,-26.78,False,diverging,,-19.37,-0.28,,True,,,,,,,,,,,,2026-06-24,,0.74,0.04,0.23,28.65,31.16,31.16,-27.46,-11.97,-7.0
4343.T,イオンファンタジー,2026-07-28,2719.0,2753.0,4020.0,False,-31.52,0.68,1.42,,,,,2025-08-27,222.0,-12.29,False,-0.33,False,True,9.36,-23.38,False,crossed,13.0,,,5.59,True,2.13,widening,False,,-12.15,2614.0,3095.0,2026-01-16,-15.54,False,2026-07-08,2026-06-23,,0.2,0.07,0.74,7.33,23.74,41.67,8.59,-10.12,-11.0
3195.T,ジェネレーションパス,2026-07-28,567.0,582.0,850.0,False,-31.53,0.98,0.74,,,,,2025-03-05,341.0,47.66,True,13.6,True,True,19.91,-27.99,False,crossed,25.0,,,0.39,False,7.58,narrowing,False,,-7.65,508.0,614.0,2026-01-06,-17.26,False,2026-06-22,2026-02-06,,0.71,0.0,0.0,16.74,31.02,43.39,30.34,7.79,49.21
6920.T,レーザーテック,2026-07-28,38140.0,40060.0,58580.0,False,-31.61,0.92,0.88,,,,,2026-06-19,26.0,104.28,True,7.79,True,True,19.0,-23.26,False,,,,,,,,,,,,,,,,,,,,0.11,0.63,0.88,33.66,33.66,33.66,-15.36,-1.52,100.0
5038.T,ｅＷｅＬＬ,2026-07-28,1985.0,2060.0,3015.0,False,-31.67,0.87,1.0,,,,,2025-11-12,171.0,-16.07,False,-14.14,False,True,8.49,-13.55,False,crossed,2.0,,,,False,,,False,,-32.48,2085.0,2940.0,2026-01-15,-29.08,False,2026-07-24,2026-02-12,,0.02,0.54,0.62,17.58,38.19,42.81,-3.41,-27.24,-12.01
4346.T,ＮＥＸＹＺ．Ｇｒｏｕｐ,2026-07-28,779.0,800.0,1171.0,False,-31.68,0.5,0.21,,,,,2025-09-11,211.0,-11.98,False,-4.67,False,True,7.55,-15.47,False,crossed,22.0,,,4.41,False,0.64,narrowing,True,11.0,-10.77,749.0,873.0,2026-06-11,-14.2,False,2026-06-25,2025-11-12,,0.58,0.03,0.63,16.61,17.09,39.03,4.85,-4.3,-11.98
4099.T,四国化成ホールディングス,2026-07-28,2465.0,2574.0,3770.0,False,-31.72,1.85,0.97,,,,,2026-06-26,21.0,110.14,True,13.2,True,False,22.37,-30.07,False,,,,,,,,,,,,,,,,,,,,0.06,0.58,0.9,32.37,32.37,32.37,5.45,59.81,107.84
3042.T,セキュアヴェイル,2026-07-28,294.0,299.0,438.0,False,-31.74,0.65,0.85,,,,,2025-10-21,186.0,-8.13,False,-8.35,False,True,7.23,-17.17,False,imminent,,-0.45,,,False,,,,,,,,,,,,2026-03-03,,0.08,0.48,0.39,13.65,29.17,33.66,-1.01,-20.97,-6.96
6723.T,ルネサスエレクトロニクス,2026-07-28,3477.0,3607.0,5284.0,False,-31.74,0.78,0.79,,,,,2026-06-23,24.0,80.06,True,19.55,True,False,23.32,-27.67,False,crossed,60.0,,,20.15,True,7.01,narrowing,True,3.0,5.36,2913.0,3300.0,2026-04-23,-11.73,True,2026-04-28,2026-04-06,,0.32,0.7,0.85,32.13,32.13,32.13,10.7,38.11,85.49
5940.T,不二サッシ,2026-07-28,728.0,738.0,1082.0,False,-31.79,0.95,0.53,,,,,2026-02-27,101.0,0.97,False,-13.94,False,True,10.88,-19.78,False,,,,,,,,,,,,,,,,,,,,0.28,0.83,0.03,21.45,38.08,38.08,-14.65,-23.61,1.11
3916.T,デジタル・インフォメーション・テクノロジー,2026-07-28,947.0,965.0,1415.0,False,-31.8,0.63,1.45,,,,,2026-01-23,124.0,-20.65,False,-12.75,False,True,9.43,-17.28,False,crossed,2.0,,,,False,,,False,,-31.72,922.0,1387.0,2026-01-22,-33.53,False,2026-07-24,2026-02-10,,0.03,0.59,0.65,14.12,42.54,42.54,2.05,-31.72,-20.65
3836.T,アバントグループ,2026-07-28,1263.0,1301.0,1908.0,False,-31.81,0.78,0.69,,,,,2024-10-16,433.0,-14.6,False,-12.83,False,True,9.32,-13.74,False,imminent,,-2.05,,,False,,,,,,,,,,,,2026-02-13,,0.02,0.72,0.49,19.8,43.5,43.5,-5.25,-32.02,-14.26
549A.T,ヒトトヒトホールディングス,2026-07-28,456.0,465.0,682.0,False,-31.82,0.96,0.65,,,,,,,,,,,False,,,False,,,,,,,,,,,,,,,,,,,,0.31,,,11.31,,,-8.62,,
5202.T,日本板硝子,2026-07-28,483.0,484.0,710.0,False,-31.83,0.28,0.59,,,,,2026-01-28,121.0,-3.21,False,-7.12,False,True,11.22,-21.51,False,crossed,6.0,,,0.62,False,-0.47,widening,False,,-30.9,481.0,699.0,2026-01-29,-31.19,False,2026-07-17,2026-03-17,,0.04,0.51,0.08,3.09,42.06,42.06,0.84,-26.15,-2.23
6644.T,大崎電気工業,2026-07-28,1477.0,1508.0,2213.0,False,-31.86,1.41,0.63,,,,,2026-05-12,54.0,44.24,False,-0.34,True,False,17.04,-18.81,False,,,,,,,,,,,,,,,,,,,,0.62,0.0,0.54,35.92,35.92,35.92,-22.43,22.17,43.96
3377.T,バイク王＆カンパニー,2026-07-28,371.0,378.0,555.0,False,-31.89,0.76,2.26,,,,,2021-09-10,1191.0,-11.24,False,-7.24,False,True,7.57,-19.14,False,imminent,,-2.39,,,False,,,,,,,,,,,,2026-04-15,,0.52,0.72,0.61,9.8,14.11,29.19,-6.31,-8.4,-11.03
6927.T,ヘリオス　テクノ　ホールディング,2026-07-28,938.0,954.0,1402.0,False,-31.95,1.57,0.79,,,,,2026-03-11,93.0,13.42,False,-10.96,True,True,14.51,-19.51,False,,,,,,,,,,,,,,,,,,,,0.46,0.56,0.18,24.81,36.65,36.65,-18.79,-10.58,13.7
4440.T,ヴィッツ,2026-07-28,1146.0,1170.0,1720.0,False,-31.98,0.55,1.18,,,,,2026-01-19,128.0,-7.66,False,-8.54,False,True,13.98,-19.78,False,imminent,,-2.76,,,False,,,,,,,,,,,,2026-04-21,,0.07,0.76,0.03,14.24,36.45,38.57,-3.94,-30.5,-9.26
4234.T,サンエー化研,2026-07-28,695.0,697.0,1025.0,False,-32.0,0.26,0.68,,,,,2026-02-18,107.0,21.93,False,-5.34,True,True,14.29,-18.74,False,imminent,,-1.01,,,False,,,,,,,,,,,,2026-03-23,,0.06,0.74,0.26,14.23,36.49,36.49,-8.43,-16.06,25.0
9887.T,松屋フーズホールディングス,2026-07-28,5100.0,5140.0,7560.0,False,-32.01,0.95,0.63,,,,,2025-08-28,221.0,-14.0,False,-10.83,False,True,7.82,-13.79,False,imminent,,-2.59,,,False,,,,,,,,,,,,2026-03-05,,0.09,0.8,0.63,17.94,35.36,40.98,-3.95,-22.37,-13.27
1965.T,テクノ菱和,2026-07-28,6040.0,6350.0,9340.0,False,-32.01,0.84,1.21,,,,,2026-02-10,112.0,69.66,False,-6.25,True,True,13.6,-25.19,False,,,,,,,,,,,,,,,,,,,,0.21,0.63,0.36,22.79,39.31,39.31,-10.39,-27.14,70.62
146A.T,コロンビア・ワークス,2026-07-28,3125.0,3200.0,4710.0,False,-32.06,0.61,0.57,,,,,2026-02-16,109.0,16.39,False,-10.6,False,True,17.03,-22.62,False,,,,,,,,,,,,,,,,,,,,0.08,0.36,0.0,32.43,43.43,43.43,-17.87,-6.72,17.04
4017.T,クリーマ,2026-07-28,218.0,233.0,343.0,False,-32.07,9.13,1.4,,,,,,,-15.18,False,-7.57,False,True,8.76,-13.4,False,imminent,,-2.22,,,False,,,,,,,,,,,,2025-10-27,,0.24,0.82,0.79,11.71,23.44,38.56,-0.46,-14.17,-14.51
6753.T,シャープ,2026-07-28,609.5,617.1,908.5,False,-32.07,0.66,0.69,,,,,2023-11-21,653.0,-6.45,False,-12.19,False,True,10.28,-10.57,False,crossed,36.0,,,-7.43,False,-13.59,widening,False,,-25.43,658.0999755859375,817.3,2026-01-06,-19.48,False,2026-06-05,2025-11-19,,0.23,0.11,0.61,14.65,29.34,38.72,9.82,-18.19,-5.3
5843.T,ニッポンインシュア,2026-07-28,2367.0,2367.0,3485.0,False,-32.08,0.74,0.68,,,,,2025-08-18,229.0,5.2,False,-4.81,False,True,10.92,-17.67,False,crossed,4.0,,,,False,,,False,,-12.5,2389.0,2705.0,2026-02-19,-11.68,True,2026-07-22,2025-10-30,,0.01,0.32,0.59,16.75,25.58,40.36,2.82,-2.87,6.38
7059.T,コプロ・ホールディングス,2026-07-28,807.0,817.0,1203.0,False,-32.09,0.99,0.63,,,,,2025-09-26,202.0,-24.65,False,-12.56,False,True,7.37,-14.5,False,imminent,,-1.6,,,False,,,,,,,,,,,,2026-03-13,,0.04,0.8,0.76,13.83,37.05,38.69,-3.12,-28.77,-24.65
1813.T,不動テトラ,2026-07-28,2671.0,2725.0,4015.0,False,-32.13,0.84,0.74,,,,,2026-02-27,101.0,16.94,False,-7.9,True,True,14.13,-26.02,False,,,,,,,,,,,,,,,,,,,,0.38,0.67,0.16,16.8,35.38,35.38,-10.37,-15.21,18.08
6627.T,テラプローブ,2026-07-28,9800.0,10150.0,14960.0,False,-32.15,0.79,0.84,,,,,2026-06-22,25.0,209.15,True,14.41,True,True,20.38,-27.08,False,,,,,,,,,,,,,,,,,,,,0.09,0.67,0.93,32.69,32.69,32.69,2.08,29.97,199.24
9913.T,日邦産業,2026-07-28,3055.0,3080.0,4540.0,False,-32.16,0.49,0.59,,,,,2026-05-15,51.0,20.7,False,-5.91,True,False,10.5,-12.84,False,,,,,,,,,,,,,,,,,,,,0.51,0.01,0.62,30.41,30.41,30.41,-20.23,8.84,20.7
5711.T,三菱マテリアル,2026-07-28,4040.0,4154.0,6126.0,False,-32.19,0.6,1.38,,,,,2026-03-02,100.0,76.03,False,-6.72,True,False,15.26,-19.83,False,,,,,,,,,,,,,,,,,,,,0.79,0.17,0.75,35.08,35.11,35.11,-23.21,-7.45,76.3
9565.T,ＧＬＯＥ,2026-07-28,667.0,677.0,999.0,False,-32.23,0.83,0.5,,,,,,,-32.69,False,-12.54,False,False,4.03,-8.85,False,imminent,,-2.79,,,False,,,,,,,,,,,,2025-07-02,,0.39,0.77,0.93,13.94,22.02,34.87,-11.42,-19.54,-32.96
2341.T,アルバイトタイムス,2026-07-28,168.0,168.0,248.0,False,-32.26,0.11,3.8,,,,,2026-04-06,76.0,5.0,False,-6.47,True,True,4.95,-13.09,False,,,,,,,,,,,,,,,,,,,,0.12,0.44,0.07,21.35,31.36,31.36,-12.5,-10.64,5.0
6094.T,フリークアウト・ホールディングス,2026-07-28,535.0,539.0,796.0,False,-32.29,0.35,0.2,,,,,2026-02-24,104.0,7.86,False,-8.99,True,False,15.79,-22.39,False,,,,,,,,,,,,,,,,,,,,0.76,0.2,0.24,32.62,34.12,34.12,-22.24,-0.37,8.52
5571.T,エキサイトホールディングス,2026-07-28,1002.0,1002.0,1480.0,False,-32.3,0.2,0.33,,,,,2025-09-10,212.0,-20.48,False,-12.12,False,False,5.45,-15.83,False,,,,,,,,,,,,,,,,,,,,0.54,0.69,0.82,13.32,26.12,33.52,-10.46,-20.29,-21.72
3845.T,アイフリークモバイル,2026-07-28,207.0,213.0,315.0,False,-32.38,0.72,1.01,,,,,2026-04-16,68.0,86.49,False,-13.8,False,False,24.71,-17.23,False,,,,,,,,,,,,,,,,,,,,0.65,0.15,0.23,31.32,37.54,37.54,-25.81,-7.17,84.82
5586.T,Ｌａｂｏｒｏ．ＡＩ,2026-07-28,821.0,845.0,1250.0,False,-32.4,0.65,0.68,,,,,,,-24.82,False,-4.27,False,True,5.69,-12.38,False,imminent,,-0.05,,,True,,,,,,,,,,,,2026-06-15,,0.05,0.07,0.67,19.48,19.48,39.48,-2.38,-8.47,-23.98
1783.T,ｆａｎｔａｓｉｓｔａ,2026-07-28,50.0,50.0,74.0,False,-32.43,1.92,0.56,,,,,2026-02-25,103.0,-5.66,False,-16.56,False,False,10.74,-14.29,False,,,,,,,,,,,,,,,,,,,,0.87,0.77,0.07,27.27,34.25,34.25,-20.63,-19.35,-13.79
3917.T,アイリッジ,2026-07-28,488.0,491.0,727.0,False,-32.46,1.09,0.81,,,,,2026-01-26,123.0,-7.22,False,-1.84,False,True,14.21,-24.16,False,imminent,,-1.31,,,False,,,,,,,,,,,,2026-04-10,,0.02,0.75,0.14,17.79,40.44,40.44,6.32,-7.4,-6.51
1443.T,技研ホールディングス,2026-07-28,247.0,253.0,375.0,False,-32.53,1.58,0.78,,,,,2026-02-04,116.0,26.67,False,-8.27,True,True,11.2,-15.94,False,,,,,,,,,,,,,,,,,,,,0.22,0.76,0.2,24.15,38.57,38.57,-13.33,-15.7,27.32
3798.T,ＵＬＳグループ,2026-07-28,568.0,576.0,854.0,False,-32.55,0.65,0.69,,,,,2025-10-14,191.0,-18.04,False,-2.42,False,True,10.88,-20.35,False,crossed,17.0,,,3.42,False,5.3,widening,False,,-18.86,527.0,700.0,2026-01-05,-24.71,False,2026-07-02,2025-11-14,,0.47,0.04,0.73,8.41,22.51,42.69,7.98,-6.58,-18.74
9812.T,テーオーホールディングス,2026-07-28,230.0,232.0,344.0,False,-32.56,0.4,0.64,,,,,2025-05-08,299.0,-32.75,False,-11.84,False,True,5.2,-8.83,False,,,,,,,,,,,,,,,,,,,,0.45,0.85,0.86,15.89,26.94,34.04,-10.85,-14.18,-30.09
9225.T,ブリッジコンサルティンググループ,2026-07-28,968.0,998.0,1480.0,False,-32.57,2.4,0.55,,,,,2025-09-08,214.0,-24.73,False,-13.21,False,False,6.33,-10.42,False,,,,,,,,,,,,,,,,,,,,0.6,0.68,0.86,16.64,22.88,35.62,-14.79,-11.19,-24.96
2385.T,総医研ホールディングス,2026-07-28,215.0,219.0,325.0,False,-32.62,0.85,1.07,,,,,2025-12-01,159.0,33.54,False,-8.82,True,False,13.38,-13.41,False,diverging,,-9.58,-0.41,,True,,,,,,,,,,,,2026-06-02,,0.76,0.48,0.48,21.67,23.7,33.97,-14.68,-16.02,35.22
4934.T,プレミアアンチエイジング,2026-07-28,624.0,630.0,935.0,False,-32.62,0.9,0.77,,,,,2025-06-12,274.0,-30.43,False,-6.75,False,True,9.92,-25.95,False,crossed,5.0,,,0.97,False,0.22,,False,,-23.62,618.0,817.0,2026-02-27,-24.36,False,2026-07-21,2026-03-27,,0.15,0.49,0.78,7.79,29.01,37.09,3.83,-11.99,-30.36
189A.T,Ｄ＆Ｍカンパニー,2026-07-28,1000.0,1010.0,1500.0,False,-32.67,1.37,0.45,,,,,2025-10-07,195.0,19.05,True,1.03,False,True,14.12,-16.3,False,crossed,16.0,,,-0.31,True,0.23,narrowing,True,7.0,1.73,975.0,983.0,2026-04-16,-0.81,False,2026-07-03,2026-06-01,,0.49,0.15,0.06,8.35,9.56,40.69,7.07,5.15,23.15
4483.T,ＪＭＤＣ,2026-07-28,3190.0,3330.0,4950.0,False,-32.73,0.63,0.7,,,,,2025-11-04,177.0,-20.82,False,-11.75,False,True,13.37,-22.4,False,crossed,1.0,,,,False,,,False,,-23.59,3295.0,4175.0,2026-02-27,-21.08,False,2026-07-27,2026-03-25,,0.09,0.42,0.68,27.07,41.22,49.92,-4.92,-14.59,-17.66
4980.T,デクセリアルズ,2026-07-28,3355.0,3516.0,5228.0,False,-32.75,0.76,0.58,,,,,2026-06-24,23.0,64.46,True,12.49,True,False,22.99,-21.13,False,crossed,52.0,,,29.72,False,-3.78,widening,True,0.0,6.54,3149.0,3149.0,2026-05-14,0.0,True,2026-05-14,2026-02-16,,0.24,0.56,0.54,33.18,33.18,36.25,37.47,14.86,60.72
4406.T,新日本理化,2026-07-28,199.0,201.0,299.0,False,-32.78,1.0,0.22,,,,,2026-01-16,129.0,-7.87,False,-7.78,False,False,5.57,-12.99,False,,,,,,,,,,,,,,,,,,,,0.03,0.46,0.31,16.03,24.0,30.91,1.53,-19.76,-6.13
245A.T,ＩＮＧＳ,2026-07-28,2485.0,2500.0,3720.0,False,-32.8,1.62,1.73,,,,,,,-3.08,False,-9.61,False,True,8.36,-19.74,False,imminent,,-1.18,,,False,,,,,,,,,,,,2026-03-05,,0.15,0.53,0.74,12.13,29.92,37.36,-2.74,-15.07,-15.76
4918.T,アイビー化粧品,2026-07-28,307.0,309.0,460.0,False,-32.83,0.23,1.33,,,,,2026-02-19,106.0,-5.83,False,-9.21,False,True,10.77,-20.19,False,crossed,7.0,,,-5.56,False,-6.27,narrowing,False,,-28.94,324.0,432.0,2026-02-18,-25.0,False,2026-07-16,2026-04-07,,0.07,0.52,0.04,23.88,40.97,40.97,-5.54,-20.05,-5.25
278A.T,Ｔｅｒｒａ　Ｄｒｏｎｅ,2026-07-28,10490.0,13170.0,19610.0,False,-32.84,0.82,2.1,,,,,2026-05-12,54.0,108.13,True,95.39,True,True,47.7,-32.84,False,crossed,88.0,,,34.0,False,233.8,widening,True,3.0,234.08,2985.0,3140.0,2026-01-08,-4.94,True,2026-03-18,2025-05-13,,0.01,0.79,0.33,55.79,55.79,58.76,33.8,288.52,113.86
5194.T,相模ゴム工業,2026-07-28,651.0,657.0,979.0,False,-32.89,0.49,0.48,,,,,2024-11-21,408.0,-31.76,False,-9.08,False,True,6.31,-9.9,False,imminent,,-2.49,,,True,,,,,,,,,,,,2026-06-04,,0.19,0.18,0.85,16.74,20.65,37.74,-9.83,-8.82,-33.23
6229.T,オーケーエム,2026-07-28,1553.0,1606.0,2395.0,False,-32.94,2.09,0.86,,,,,2026-03-18,88.0,24.74,False,-13.84,True,True,12.17,-17.3,False,,,,,,,,,,,,,,,,,,,,0.46,0.61,0.14,26.42,39.26,39.26,-20.03,-18.35,24.64
6966.T,三井ハイテック,2026-07-28,866.0,910.0,1358.0,False,-32.99,0.73,0.76,,,,,2026-06-17,28.0,21.8,True,9.32,True,True,21.74,-32.84,False,crossed,42.0,,,-3.06,False,-9.61,widening,True,0.0,-1.81,882.0,882.0,2026-03-02,0.0,False,2026-05-28,2026-03-19,,0.51,0.3,0.04,34.39,36.05,36.05,30.23,8.93,21.46
4720.T,城南進学研究社,2026-07-28,243.0,243.0,363.0,False,-33.06,0.51,0.65,,,,,2025-11-27,161.0,3.4,False,-6.29,False,True,9.5,-12.2,False,imminent,,-1.05,,,False,,,,,,,,,,,,2026-04-06,,0.13,0.72,0.0,10.59,24.75,26.92,-3.19,-14.74,3.85
3678.T,メディアドゥ,2026-07-28,1320.0,1323.0,1977.0,False,-33.08,1.18,1.0,,,,,2025-09-16,209.0,-23.08,False,-16.11,False,True,7.18,-20.79,False,,,,,,,,,,,,,,,,,,,,0.34,0.7,0.75,8.46,31.21,39.32,1.54,-20.24,-20.82
5214.T,日本電気硝子,2026-07-28,5351.0,5605.0,8377.0,False,-33.09,0.85,0.68,,,,,2026-04-28,60.0,49.09,False,-14.26,True,False,15.67,-19.8,False,,,,,,,,,,,,,,,,,,,,0.71,0.06,0.62,34.71,34.71,34.71,-33.04,-20.81,47.13
7992.T,セーラー万年筆,2026-07-28,101.0,103.0,154.0,False,-33.12,1.65,0.6,,,,,2025-04-14,314.0,-18.55,False,-7.44,False,False,6.11,-12.88,False,,,,,,,,,,,,,,,,,,,,0.73,0.82,0.51,11.5,20.0,25.37,-7.34,-11.4,-17.89
4893.T,ノイルイミューン・バイオテック,2026-07-28,143.0,145.0,217.0,False,-33.18,0.26,0.98,,,,,2026-03-17,89.0,-17.34,False,-2.94,False,True,11.8,-17.9,False,,,,,,,,,,,,,,,,,,,,0.14,0.46,0.62,24.84,43.9,43.9,-4.67,-1.38,-17.34
4519.T,中外製薬,2026-07-28,7042.0,7149.0,10700.0,False,-33.19,1.15,1.17,,,,,2026-02-25,103.0,2.3,False,-13.55,True,False,11.24,-17.64,False,,,,,,,,,,,,,,,,,,,,0.68,0.74,0.19,22.58,34.5,34.5,-20.38,-16.17,2.82
1788.T,三東工業社,2026-07-28,4210.0,4275.0,6400.0,False,-33.2,1.85,0.57,,,,,2026-02-12,111.0,7.95,False,-12.71,True,False,7.09,-6.17,False,,,,,,,,,,,,,,,,,,,,0.79,0.9,0.19,17.62,30.67,30.67,-16.63,-16.8,8.65
7983.T,ミロク,2026-07-28,1045.0,1055.0,1580.0,False,-33.23,0.57,1.14,,,,,2025-11-04,177.0,-7.52,False,-11.01,False,False,8.82,-22.13,False,,,,,,,,,,,,,,,,,,,,0.83,0.67,0.34,11.29,14.29,35.12,-8.25,-8.33,-7.19
7226.T,極東開発工業,2026-07-28,2347.0,2370.0,3550.0,False,-33.24,0.83,0.91,,,,,2026-02-25,103.0,-9.31,False,-15.0,False,True,10.24,-18.49,False,,,,,,,,,,,,,,,,,,,,0.16,0.84,0.11,24.98,41.81,41.81,-14.53,-30.36,-8.85
6994.T,指月電機製作所,2026-07-28,989.0,1026.0,1537.0,False,-33.25,0.71,0.44,,,,,2026-06-23,24.0,136.6,True,3.86,True,False,20.01,-25.41,False,,,,,,,,,,,,,,,,,,,,0.0,0.41,0.86,33.48,33.48,33.48,1.85,8.92,136.04
2395.T,新日本科学,2026-07-28,1308.0,1337.0,2005.0,False,-33.32,0.66,1.2,,,,,2025-12-11,151.0,-6.24,False,-12.48,False,True,13.79,-16.97,False,imminent,,-2.9,,,False,,,,,,,,,,,,2026-01-29,,0.04,0.73,0.38,24.91,39.04,44.72,-8.98,-19.8,-4.25
9760.T,進学会ホールディングス,2026-07-28,119.0,120.0,180.0,False,-33.33,0.65,0.25,,,,,,,-24.68,False,-20.47,False,True,5.56,-11.94,False,,,,,,,,,,,,,,,,,,,,0.21,0.84,0.69,24.83,33.94,38.42,-17.93,-26.99,-25.16
2325.T,ＮＪＳ,2026-07-28,4435.0,4495.0,6750.0,False,-33.41,0.75,1.06,,,,,2025-09-03,217.0,-24.32,False,-9.62,False,False,5.87,-10.99,False,diverging,,-4.98,-0.13,,True,,,,,,,,,,,,2026-07-08,,0.3,0.05,0.69,19.72,19.72,35.7,-3.69,-12.0,-24.06
4820.T,イーエムシステムズ,2026-07-28,554.0,564.0,847.0,False,-33.41,0.91,0.9,,,,,2025-10-28,181.0,-23.37,False,-18.47,False,True,9.26,-24.51,False,,,,,,,,,,,,,,,,,,,,0.32,0.8,0.65,27.76,38.11,41.97,-17.31,-28.7,-22.52
3998.T,すららネット,2026-07-28,309.0,309.0,464.0,False,-33.41,0.07,0.43,,,,,2025-09-10,212.0,-10.43,False,-6.16,False,False,4.25,-7.97,False,,,,,,,,,,,,,,,,,,,,0.48,0.63,0.67,2.54,17.47,28.44,-1.28,-4.63,-10.95
5240.T,ｍｏｎｏＡＩ　ｔｅｃｈｎｏｌｏｇｙ,2026-07-28,209.0,253.0,380.0,False,-33.42,0.78,68.35,,,,,,,-34.48,True,2.99,False,True,26.9,-27.45,False,crossed,1.0,,,,False,,,False,,-27.68,250.0,289.0,2026-01-05,-13.49,False,2026-07-27,2026-03-03,,0.06,0.55,0.6,38.3,55.89,65.06,11.17,-17.06,-34.28
5714.T,ＤＯＷＡホールディングス,2026-07-28,8070.0,8243.0,12380.0,False,-33.42,0.92,1.01,,,,,2026-05-15,51.0,67.15,False,-3.97,True,False,15.23,-24.37,False,diverging,,-12.11,-0.23,,True,,,,,,,,,,,,2026-06-26,,0.68,0.14,0.76,31.74,32.83,32.83,-16.29,-9.91,66.98
3565.T,アセンテック,2026-07-28,436.0,442.0,664.0,False,-33.43,0.83,0.29,,,,,2025-08-12,233.0,-22.0,False,-4.64,False,False,10.77,-13.4,False,diverging,,-5.85,-0.68,,True,,,,,,,,,,,,2026-06-30,,0.29,0.06,0.54,31.57,36.49,43.12,-1.8,-16.48,-21.96
6626.T,ＳＥＭＩＴＥＣ,2026-07-28,1987.0,2000.0,3005.0,False,-33.44,1.44,0.85,,,,,2026-02-27,101.0,-4.75,False,-13.41,False,False,12.28,-24.71,False,,,,,,,,,,,,,,,,,,,,0.49,0.67,0.08,18.69,33.6,33.6,-16.37,-17.72,-5.61
4620.T,藤倉化成,2026-07-28,848.0,877.0,1318.0,False,-33.46,1.22,0.72,,,,,2026-04-14,70.0,50.62,False,-4.94,True,False,18.11,-18.15,False,,,,,,,,,,,,,,,,,,,,0.44,0.04,0.73,31.17,33.54,33.54,-27.15,33.54,51.16
4317.T,レイ,2026-07-28,498.0,503.0,756.0,False,-33.47,0.64,0.47,,,,,2026-02-20,105.0,6.41,False,-17.15,False,True,9.7,-14.93,False,imminent,,-2.24,,,False,,,,,,,,,,,,2026-03-26,,0.1,0.85,0.17,13.35,38.96,38.96,-2.73,-28.65,-4.6
3046.T,ジンズホールディングス,2026-07-28,6690.0,6870.0,10330.0,False,-33.49,0.61,1.61,,,,,2025-09-12,210.0,-15.64,True,2.61,False,False,16.06,-21.21,False,,,,,,,,,,,,,,,,,,,,0.01,0.67,0.07,33.88,33.88,51.18,2.29,33.0,-16.17
6584.T,三櫻工業,2026-07-28,771.0,809.0,1219.0,False,-33.63,1.01,0.42,,,,,2026-06-09,34.0,21.04,False,-8.78,False,False,13.58,-24.32,False,crossed,45.0,,,23.83,False,-11.44,widening,True,5.0,-15.09,793.0,908.0,2026-01-16,-12.67,False,2026-05-25,2026-03-04,,0.08,0.16,0.03,31.59,31.59,32.44,5.47,-13.18,20.66
5821.T,平河ヒューテック,2026-07-28,2984.0,3125.0,4710.0,False,-33.65,1.08,0.69,,,,,2026-02-24,104.0,107.22,False,-11.92,True,False,23.48,-21.47,False,,,,,,,,,,,,,,,,,,,,0.65,0.04,0.71,34.42,35.06,35.06,-25.31,4.37,100.67
5952.T,アマテイ,2026-07-28,189.0,189.0,285.0,False,-33.68,0.56,0.36,,,,,2025-10-21,186.0,14.55,False,-1.65,False,True,7.4,-8.17,False,imminent,,-0.88,,,False,,,,,,,,,,,,2026-03-26,,0.0,0.77,0.0,6.91,19.35,34.21,0.53,-12.9,15.95
6480.T,日本トムソン,2026-07-28,1606.0,1711.0,2580.0,False,-33.68,0.97,0.64,,,,,2026-06-22,25.0,174.53,True,34.99,True,False,33.61,-25.82,False,crossed,64.0,,,6.99,True,42.75,narrowing,True,6.0,43.91,1030.0,1116.0,2026-02-12,-7.71,True,2026-04-22,2026-04-06,,0.21,0.72,0.83,37.75,37.75,37.75,63.05,77.07,180.28
5857.T,ＡＲＥホールディングス,2026-07-28,3045.0,3130.0,4720.0,False,-33.69,0.83,0.93,,,,,2026-03-02,100.0,55.28,False,-7.4,True,False,14.69,-26.34,False,,,,,,,,,,,,,,,,,,,,0.69,0.66,0.56,29.82,39.28,39.28,-16.46,-16.92,54.18
4971.T,メック,2026-07-28,7560.0,8110.0,12230.0,False,-33.69,0.89,1.02,,,,,2026-05-14,52.0,178.25,True,6.35,True,False,19.89,-30.39,False,,,,,,,,,,,,,,,,,,,,0.19,0.66,0.94,35.16,35.16,35.16,-18.09,33.81,179.9
1801.T,大成建設,2026-07-28,13415.0,13710.0,20680.0,False,-33.7,0.56,0.66,,,,,2026-03-03,99.0,56.72,False,-9.25,True,True,14.59,-21.07,False,,,,,,,,,,,,,,,,,,,,0.32,0.57,0.53,30.84,37.03,37.03,-14.47,-14.72,58.44
4270.T,ＢｅｅＸ,2026-07-28,1798.0,1800.0,2715.0,False,-33.7,0.14,0.35,,,,,2024-03-06,584.0,-33.36,False,-16.27,False,False,5.91,-10.22,False,diverging,,-3.52,-0.19,,True,,,,,,,,,,,,2026-07-06,,0.09,0.61,0.8,24.87,24.99,34.11,-5.02,-22.73,-32.53
5870.T,ナルネットコミュニケーションズ,2026-07-28,788.0,798.0,1205.0,False,-33.78,0.59,0.63,,,,,2025-12-26,140.0,16.4,False,-18.32,False,True,15.87,-20.33,False,,,,,,,,,,,,,,,,,,,,0.4,0.75,0.02,29.92,39.48,39.95,-19.67,-28.56,14.37
7037.T,テノ．ホールディングス,2026-07-28,863.0,868.0,1311.0,False,-33.79,0.67,0.6,,,,,2025-09-24,204.0,77.21,False,-3.38,True,False,20.37,-6.46,False,diverging,,-3.43,-0.11,,True,,,,,,,,,,,,2026-06-30,,0.73,0.04,0.37,10.76,12.19,17.9,-4.11,-6.09,76.12
5741.T,ＵＡＣＪ,2026-07-28,2265.0,2372.0,3585.0,False,-33.84,0.59,0.94,,,,,2026-05-27,43.0,67.16,False,-7.05,True,False,15.15,-23.16,False,diverging,,-16.04,-0.21,,True,,,,,,,,,,,,2026-07-06,,0.5,0.03,0.81,36.64,36.87,36.87,-20.8,-4.35,68.09
4068.T,ベイシス,2026-07-28,1644.0,1652.0,2497.0,False,-33.84,0.2,0.82,,,,,2025-08-13,232.0,-18.25,False,-6.68,False,False,5.0,-9.41,False,diverging,,-4.89,-0.96,,False,,,,,,,,,,,,2026-05-19,,0.48,0.43,0.58,12.92,13.96,27.14,-7.12,-7.22,-17.39
6171.T,土木管理総合試験所,2026-07-28,377.0,379.0,573.0,False,-33.86,0.9,0.98,,,,,2025-09-11,211.0,-1.31,False,-10.3,False,False,6.54,-13.88,False,,,,,,,,,,,,,,,,,,,,0.61,0.84,0.45,5.76,19.14,33.92,-5.28,-17.32,0.27
9880.T,イノテック,2026-07-28,3105.0,3250.0,4915.0,False,-33.88,1.0,0.73,,,,,2026-05-26,44.0,116.23,True,13.95,True,False,19.81,-21.98,False,,,,,,,,,,,,,,,,,,,,0.0,0.63,0.91,32.28,32.28,32.28,12.95,36.84,114.58
6526.T,ソシオネクスト,2026-07-28,2165.5,2307.5,3491.0,False,-33.9,0.82,0.93,,,,,2025-10-31,178.0,-15.9,False,-6.13,False,False,19.13,-36.24,False,crossed,51.0,,,12.26,False,-20.8,widening,True,0.0,-10.74,2426.0,2426.0,2026-05-15,0.0,True,2026-05-15,2025-11-07,,0.15,0.46,0.18,28.29,28.29,50.36,5.81,-8.26,-16.71
1866.T,北野建設,2026-07-28,1123.0,1133.0,1714.0,False,-33.9,0.69,0.77,,,,,2026-02-10,112.0,11.19,False,-11.39,True,True,9.74,-21.46,False,crossed,3.0,,,,False,,,False,,-33.9,1125.0,1699.0,2026-02-10,-33.78,False,2026-07-23,2026-03-25,,0.01,0.72,0.0,19.54,44.03,44.03,-3.85,-26.6,13.15
5139.T,オープンワーク,2026-07-28,890.0,902.0,1365.0,False,-33.92,0.98,1.23,,,,,2025-08-12,233.0,-13.09,False,-9.07,False,False,10.22,-15.02,False,,,,,,,,,,,,,,,,,,,,0.03,0.21,0.51,11.92,29.82,34.11,1.14,-19.89,-11.35
4109.T,ステラ　ケミファ,2026-07-28,5100.0,5350.0,8100.0,False,-33.95,1.27,0.65,,,,,2026-06-09,34.0,26.24,False,-2.55,True,False,14.31,-22.49,False,,,,,,,,,,,,,,,,,,,,0.02,0.33,0.72,35.85,35.85,35.85,2.0,-1.73,26.24
9438.T,エムティーアイ,2026-07-28,619.0,630.0,954.0,False,-33.96,0.81,1.02,,,,,2024-12-03,400.0,-32.79,False,-8.25,False,True,7.62,-13.25,False,imminent,,-0.19,,,False,,,,,,,,,,,,2025-09-01,,0.02,0.69,0.92,13.11,29.61,43.56,2.82,-17.36,-32.57
2168.T,パソナグループ,2026-07-28,1583.0,1592.0,2411.0,False,-33.97,0.57,0.72,,,,,2025-06-03,281.0,-32.7,False,-13.83,False,False,6.75,-12.97,False,,,,,,,,,,,,,,,,,,,,0.31,0.86,0.73,22.56,33.9,40.07,-4.92,-23.64,-31.94
4374.T,ＲＯＢＯＴ　ＰＡＹＭＥＮＴ,2026-07-28,2305.0,2337.0,3540.0,False,-33.98,0.52,0.63,,,,,2025-09-11,211.0,-6.19,False,-11.37,False,False,10.09,-16.1,False,imminent,,-0.91,,,True,,,,,,,,,,,,2026-07-01,,0.01,0.01,0.5,13.29,20.3,38.54,4.77,-14.6,-5.07
4777.T,ガーラ,2026-07-28,199.0,200.0,303.0,False,-33.99,0.07,0.52,,,,,2025-12-02,158.0,-18.78,False,-4.93,False,False,5.15,-8.93,False,diverging,,-1.09,-0.03,,True,,,,,,,,,,,,2026-07-03,,0.0,0.42,0.8,10.14,12.67,20.58,-1.0,-4.78,-15.68
3349.T,コスモス薬品,2026-07-28,6613.0,6631.0,10045.0,False,-33.99,0.82,1.37,,,,,2025-08-08,234.0,-25.3,False,-4.12,False,True,8.68,-20.15,False,crossed,6.0,,,-0.98,False,1.67,narrowing,False,,-15.22,6448.0,7800.0,2026-01-06,-17.33,False,2026-07-17,2026-01-23,,0.15,0.55,0.86,11.05,24.25,42.84,8.59,-3.29,-26.02
4022.T,ラサ工業,2026-07-28,1706.0,1853.0,2810.0,False,-34.06,1.09,0.5,,,,,2026-06-04,37.0,107.29,True,5.96,True,False,17.57,-20.3,False,,,,,,,,,,,,,,,,,,,,0.13,0.3,0.89,35.7,35.7,35.7,-17.14,17.01,108.05
2373.T,ケア２１,2026-07-28,401.0,404.0,613.0,False,-34.09,0.25,2.03,,,,,2025-10-20,187.0,-5.2,False,-8.39,False,False,4.08,-7.49,False,diverging,,-2.71,-2.26,,False,,,,,,,,,,,,2026-05-11,,0.59,0.68,0.14,8.88,12.28,33.22,-8.45,-7.39,-5.65
5250.T,ＧＭＯプライム・ストラテジー,2026-07-28,1020.0,1024.0,1554.0,False,-34.11,0.18,0.98,,,,,2025-11-28,160.0,-8.6,False,-8.42,True,False,25.59,-24.76,False,diverging,,-3.51,-0.03,,True,,,,,,,,,,,,2026-07-07,,0.25,0.02,0.11,24.72,24.72,33.55,-5.56,-7.02,-3.13
1434.T,ＪＥＳＣＯホールディングス,2026-07-28,1665.0,1728.0,2624.0,False,-34.15,0.56,1.81,,,,,2026-05-15,51.0,73.98,False,-6.12,True,False,19.71,-23.17,False,diverging,,-13.03,-0.41,,True,,,,,,,,,,,,2026-06-16,,0.79,0.03,0.75,35.01,35.01,35.01,-30.04,-15.48,82.97
4685.T,菱友システムズ,2026-07-28,2847.0,2905.0,4415.0,False,-34.2,0.52,0.81,,,,,2025-10-31,178.0,-16.75,False,-13.04,False,True,12.09,-20.76,False,,,,,,,,,,,,,,,,,,,,0.33,0.81,0.61,16.67,31.35,35.76,-10.47,-25.86,-16.26
6159.T,ミクロン精密,2026-07-28,1820.0,1917.0,2916.0,False,-34.26,0.2,4.43,,,,,2026-02-19,106.0,7.63,False,-11.2,True,False,8.92,-10.85,False,,,,,,,,,,,,,,,,,,,,0.77,0.7,0.33,16.66,35.23,35.23,-13.33,-15.66,7.63
4679.T,田谷,2026-07-28,259.0,259.0,394.0,False,-34.26,0.76,0.71,,,,,2026-02-06,114.0,3.19,False,-5.3,True,False,14.46,-20.62,False,imminent,,-2.49,,,False,,,,,,,,,,,,2026-04-15,,0.03,0.79,0.07,11.11,38.14,38.14,-0.77,-20.06,4.44
3983.T,オロ,2026-07-28,2195.0,2211.0,3365.0,False,-34.29,0.6,0.66,,,,,2025-08-13,232.0,-26.74,True,4.88,False,True,8.12,-13.97,False,crossed,54.0,,,3.0,False,-1.13,narrowing,False,,-4.36,2001.0,2295.0,2026-01-16,-12.81,False,2026-05-12,2025-09-11,,0.37,0.19,0.62,8.48,16.79,45.28,9.91,1.43,-26.76
3928.T,マイネット,2026-07-28,227.0,228.0,347.0,False,-34.29,0.47,0.45,,,,,2024-02-20,594.0,-8.47,False,-13.04,False,False,8.43,-10.61,False,,,,,,,,,,,,,,,,,,,,0.75,0.86,0.0,22.7,29.9,29.9,-19.22,-22.26,-7.35
3660.T,アイスタイル,2026-07-28,437.0,450.0,685.0,False,-34.31,1.19,0.86,,,,,2025-08-27,222.0,-20.69,False,-0.27,False,True,11.83,-19.97,False,imminent,,-2.79,,,False,,,,,,,,,,,,2026-05-20,,0.05,0.47,0.68,24.53,25.93,45.54,-5.82,-4.38,-19.82
6198.T,キャリア,2026-07-28,216.0,216.0,329.0,False,-34.35,11.42,0.97,,,,,2024-05-23,532.0,-30.55,False,-12.02,False,False,3.76,-8.19,False,diverging,,-2.43,-0.09,,True,,,,,,,,,,,,2026-07-16,,0.16,0.31,0.82,15.95,15.95,30.99,-10.37,-13.94,-30.99
4396.T,システムサポートホールディングス,2026-07-28,1108.0,1140.0,1737.5,False,-34.39,0.59,0.67,,,,,2025-09-29,201.0,-14.41,False,-12.03,False,True,9.61,-16.53,False,imminent,,-0.16,,,False,,,,,,,,,,,,2026-02-06,,0.0,0.65,0.68,14.12,36.33,44.77,1.09,-25.19,-12.65
9305.T,ヤマタネ,2026-07-28,2134.0,2152.0,3280.0,False,-34.39,0.7,0.94,,,,,2025-08-19,228.0,-7.86,False,-5.46,False,True,7.25,-9.76,False,crossed,7.0,,,1.14,False,0.74,widening,False,,-10.56,2097.0,2386.0,2026-01-15,-12.11,False,2026-07-16,2025-10-27,,0.53,0.55,0.79,5.9,17.7,38.63,6.12,-7.34,-7.86
6560.T,エル・ティー・エス,2026-07-28,1734.0,1745.0,2660.0,False,-34.4,1.38,0.51,,,,,2023-09-06,704.0,-22.93,False,-11.06,False,True,7.29,-13.84,False,crossed,16.0,,,1.16,True,-6.48,widening,False,,-22.76,1809.0,2245.0,2026-01-14,-19.42,False,2026-07-03,2026-06-10,,0.29,0.09,0.64,8.27,25.72,38.55,-0.23,-19.35,-21.96
220A.T,Ｆａｂｅｒ　Ｃｏｍｐａｎｙ,2026-07-28,927.0,927.0,1414.0,False,-34.44,0.91,0.4,,,,,2026-03-04,98.0,-14.95,False,-8.03,False,True,4.1,-7.97,False,,,,,,,,,,,,,,,,,,,,0.55,0.54,0.59,11.91,27.89,27.89,-9.47,-8.22,-13.77
6342.T,太平製作所,2026-07-28,2876.0,2876.0,4390.0,False,-34.49,0.24,1.14,,,,,2026-01-28,121.0,11.17,True,0.26,False,True,6.15,-12.62,False,crossed,5.0,,,1.05,False,0.3,,False,,-34.49,2846.0,4390.0,2026-01-28,-35.17,True,2026-07-21,2026-04-01,,0.31,0.43,0.01,4.86,39.61,39.61,4.51,-3.03,9.77
4387.T,ＺＵＵ,2026-07-28,486.0,486.0,742.0,False,-34.5,0.68,1.19,,,,,2024-02-22,592.0,-32.03,False,-17.66,False,False,6.86,-12.34,False,,,,,,,,,,,,,,,,,,,,0.65,0.92,0.66,21.43,35.85,38.47,-11.8,-29.05,-32.78
6240.T,ヤマシンフィルタ,2026-07-28,534.0,556.0,849.0,False,-34.51,1.37,0.93,,,,,2025-10-10,192.0,-16.43,False,-8.76,False,False,11.38,-20.67,False,diverging,,-2.13,-0.2,,True,,,,,,,,,,,,2026-07-02,,0.1,0.17,0.6,19.39,28.48,41.44,9.88,-13.45,-17.59
336A.T,ダイナミックマッププラットフォーム,2026-07-28,817.0,835.0,1275.0,False,-34.51,0.97,0.69,,,,,,,-29.87,True,7.52,False,True,20.04,-24.34,False,crossed,96.0,,,-8.04,False,-14.75,widening,True,46.0,-0.12,784.0,818.0,2026-03-02,-4.16,False,2026-03-06,2025-07-22,,0.13,0.57,0.23,27.23,27.23,55.04,18.58,25.89,-25.39
3236.T,プロパスト,2026-07-28,273.0,275.0,420.0,False,-34.52,0.58,1.28,,,,,2026-02-17,108.0,30.0,False,-13.38,True,False,12.73,-19.51,False,,,,,,,,,,,,,,,,,,,,0.54,0.87,0.29,22.22,36.83,36.83,-18.02,-28.35,42.93
5842.T,インテグラル,2026-07-28,2832.0,2876.0,4395.0,False,-34.56,1.24,1.25,,,,,,,-14.95,False,-14.63,False,False,9.72,-20.32,False,diverging,,-12.82,-1.96,,True,,,,,,,,,,,,2026-06-11,,0.86,0.42,0.43,26.75,26.75,32.47,-21.98,-18.5,-14.18
8275.T,フォーバル,2026-07-28,1010.0,1014.0,1550.0,False,-34.58,0.71,2.5,,,,,2024-07-17,494.0,-29.57,False,-10.23,False,True,3.01,-9.29,False,imminent,,-2.5,,,False,,,,,,,,,,,,2025-10-03,,0.38,0.84,0.92,9.62,16.92,36.06,-6.13,-14.12,-26.97
2164.T,地域新聞社,2026-07-28,160.0,168.0,256.9,False,-34.62,0.35,0.77,,,,,2025-08-08,234.0,26.59,False,-4.57,False,True,20.86,-19.19,False,,,,,,,,,,,,,,,,,,,,0.25,0.48,0.0,21.25,30.53,43.37,-11.11,13.83,30.61
1663.T,Ｋ＆Ｏエナジーグループ,2026-07-28,1808.0,1860.0,2845.0,False,-34.62,1.12,0.83,,,,,2026-03-30,81.0,28.55,False,-13.06,True,False,11.21,-13.72,False,,,,,,,,,,,,,,,,,,,,0.93,0.52,0.44,25.31,36.93,36.93,-23.71,-14.21,30.21
9254.T,ラバブルマーケティンググループ,2026-07-28,1135.0,1140.0,1744.0,False,-34.63,0.33,1.43,,,,,2025-05-21,290.0,-19.84,False,-5.62,False,True,4.43,-11.22,False,imminent,,-0.08,,,False,,,,,,,,,,,,2025-09-29,,0.01,0.38,0.8,6.85,12.61,31.25,-1.05,-1.82,-19.9
7067.T,ブランディングテクノロジー,2026-07-28,1005.0,1005.0,1538.0,False,-34.66,3.59,0.74,,,,,2024-12-30,381.0,3.61,True,0.61,False,False,7.22,-13.97,False,crossed,32.0,,,-0.2,False,-4.97,widening,False,,-20.55,1001.0,1265.0,2026-01-08,-20.87,False,2026-06-11,2026-03-09,,0.21,0.13,0.07,16.23,19.31,41.03,8.18,-5.55,3.93
3640.T,電算,2026-07-28,2535.0,2574.0,3940.0,False,-34.67,2.36,0.81,,,,,2026-02-03,117.0,-14.65,False,-15.01,False,True,13.7,-19.88,False,,,,,,,,,,,,,,,,,,,,0.29,0.79,0.1,27.39,43.6,43.6,-12.74,-20.28,-17.29
6140.T,旭ダイヤモンド工業,2026-07-28,1081.0,1133.0,1735.0,False,-34.7,1.36,0.89,,,,,2026-03-02,100.0,48.69,False,-0.56,True,False,26.52,-28.36,False,diverging,,-6.61,-0.06,,True,,,,,,,,,,,,2026-07-01,,0.68,0.07,0.72,22.56,34.84,34.84,-17.48,21.32,49.1
9223.T,ＡＳＮＯＶＡ,2026-07-28,421.0,425.0,651.0,False,-34.72,0.53,0.68,,,,,2025-03-17,333.0,-31.32,False,-15.87,False,True,6.0,-11.41,False,imminent,,-2.58,,,False,,,,,,,,,,,,2025-10-23,,0.16,0.88,0.89,12.16,31.36,40.99,-3.0,-24.28,-30.53
3848.T,データ・アプリケーション,2026-07-28,830.0,830.0,1272.0,False,-34.75,2.31,0.32,,,,,2026-01-21,126.0,3.88,False,-6.53,False,False,7.61,-13.0,False,,,,,,,,,,,,,,,,,,,,0.62,0.76,0.05,15.81,26.29,28.69,-8.29,-17.74,3.49
4885.T,室町ケミカル,2026-07-28,898.0,900.0,1380.0,False,-34.78,1.27,0.83,,,,,2026-02-18,107.0,6.27,False,-3.03,True,False,14.08,-20.54,False,,,,,,,,,,,,,,,,,,,,0.38,0.51,0.49,19.78,33.93,33.93,-10.38,-8.46,20.05
4495.T,アイキューブドシステムズ,2026-07-28,1922.0,1942.0,2980.0,False,-34.83,0.43,0.49,,,,,2025-12-24,142.0,6.36,False,-15.69,False,False,14.68,-14.36,False,,,,,,,,,,,,,,,,,,,,0.36,0.86,0.15,21.88,37.52,41.4,-8.08,-28.87,7.98
2173.T,博展,2026-07-28,709.0,709.0,1088.0,False,-34.83,0.72,0.31,,,,,2026-01-20,127.0,38.21,False,-14.31,True,True,15.25,-25.45,False,,,,,,,,,,,,,,,,,,,,0.41,0.77,0.16,31.72,39.02,39.02,-25.53,-29.38,35.31
6182.T,メタリアル,2026-07-28,429.0,443.0,680.0,False,-34.85,0.86,1.02,,,,,2023-06-23,755.0,-35.29,False,-12.73,False,False,13.65,-18.6,False,crossed,36.0,,,-9.73,False,-28.91,widening,False,,-28.86,555.0,603.0,2026-01-19,-7.96,False,2026-06-05,2026-03-30,,0.08,0.0,0.19,26.29,26.29,42.53,-6.94,-20.26,-35.29
7148.T,ＦＰＧ,2026-07-28,1615.0,1634.0,2509.0,False,-34.87,0.75,0.81,,,,,2024-11-14,413.0,-32.37,False,-14.63,False,True,9.05,-24.68,False,crossed,3.0,,,,False,,,False,,-26.42,1576.0,2195.0,2026-02-06,-28.2,False,2026-07-23,2025-10-17,,0.29,0.71,0.86,6.52,32.26,40.35,8.24,-22.21,-31.86
4766.T,ピーエイ,2026-07-28,197.0,198.0,304.0,False,-34.87,1.39,0.58,,,,,2023-11-28,649.0,-30.14,False,-18.86,False,True,6.56,-12.96,False,,,,,,,,,,,,,,,,,,,,0.54,0.88,0.8,19.73,38.28,40.73,-11.66,-28.36,-29.89
3896.T,阿波製紙,2026-07-28,371.0,377.0,579.0,False,-34.89,1.94,0.49,,,,,2026-01-16,129.0,-2.62,False,-4.91,False,False,11.42,-14.39,False,,,,,,,,,,,,,,,,,,,,0.72,0.45,0.03,22.89,32.62,32.62,-16.82,-8.4,-3.13
3353.T,メディカル一光グループ,2026-07-28,2821.0,2870.0,4410.0,False,-34.92,2.86,1.21,,,,,2025-07-16,250.0,-13.2,False,-0.4,False,True,5.81,-14.69,False,crossed,2.0,,,,False,,,False,,-11.71,2830.0,3195.0,2026-02-18,-11.42,False,2026-07-24,2026-04-01,,0.05,0.55,0.27,6.34,16.74,35.36,-0.63,-4.73,-24.77
9554.T,ＡＶｉＣ,2026-07-28,1529.0,1574.0,2420.0,False,-34.96,0.66,0.64,,,,,2025-08-15,230.0,-27.36,False,-11.88,False,True,13.16,-32.75,False,crossed,47.0,,,-4.2,False,-21.25,widening,False,,-34.24,1740.0,2325.0,2026-01-15,-25.16,False,2026-05-21,2026-02-16,,0.1,0.0,0.49,15.5,45.84,49.58,2.21,-28.22,-25.81
4261.T,アジアクエスト,2026-07-28,3090.0,3200.0,4920.0,False,-34.96,0.74,1.57,,,,,2025-11-28,160.0,21.46,False,-16.04,True,False,23.19,-17.0,False,,,,,,,,,,,,,,,,,,,,0.69,0.68,0.13,26.47,29.92,38.87,-16.94,-25.81,23.6
6466.T,ＴＶＥ,2026-07-28,3905.0,4135.0,6360.0,False,-34.98,0.73,1.12,,,,,2026-03-10,94.0,77.82,True,4.31,True,True,24.11,-15.09,False,crossed,10.0,,,-2.0,True,-9.66,widening,False,,-36.61,4255.0,6160.0,2026-03-09,-30.93,True,2026-07-13,2026-05-29,,0.03,0.07,0.74,28.2,42.13,42.13,-21.19,31.84,66.67
6663.T,太洋テクノレックス,2026-07-28,294.0,301.0,463.0,False,-34.99,0.75,0.76,,,,,2026-02-18,107.0,7.69,False,-3.6,True,False,14.01,-20.32,False,diverging,,-4.39,-0.03,,True,,,,,,,,,,,,2026-07-07,,0.04,0.07,0.27,25.57,34.32,34.32,-16.24,2.44,9.7
9424.T,日本通信,2026-07-28,112.0,115.0,177.0,False,-35.03,0.66,0.8,,,,,2023-05-12,785.0,-27.74,False,-15.41,False,False,4.06,-9.6,False,,,,,,,,,,,,,,,,,,,,0.58,0.9,0.85,17.97,30.0,39.66,-11.11,-24.83,-27.27
6506.T,安川電機,2026-07-28,4740.0,5140.0,7915.0,False,-35.06,1.08,1.73,,,,,2026-06-22,25.0,63.5,False,-9.03,True,False,22.4,-32.55,False,crossed,57.0,,,17.29,True,-32.23,widening,True,0.0,-20.64,5973.0,5973.0,2026-05-07,0.0,True,2026-05-07,2026-03-24,,0.04,0.37,0.8,38.08,38.08,38.08,-7.96,-8.05,66.87
6054.T,リブセンス,2026-07-28,112.0,113.0,174.0,False,-35.06,0.97,0.41,,,,,2023-09-14,698.0,-23.81,False,-7.68,False,False,13.39,-26.88,False,,,,,,,,,,,,,,,,,,,,0.54,0.51,0.62,11.02,35.19,35.19,-5.08,-6.67,-23.81
3633.T,ＧＭＯペパボ,2026-07-28,1728.0,1737.0,2675.0,False,-35.07,1.25,0.71,,,,,2025-12-25,141.0,12.21,False,-12.27,False,True,9.12,-12.86,False,imminent,,-2.53,,,False,,,,,,,,,,,,2026-02-04,,0.18,0.79,0.01,17.42,27.53,40.21,-9.05,-19.7,12.72
6496.T,中北製作所,2026-07-28,5120.0,5550.0,8550.0,False,-35.09,1.27,1.42,,,,,2026-03-17,89.0,11.3,False,-14.21,True,True,11.9,-14.19,False,imminent,,-1.14,,,False,,,,,,,,,,,,2026-04-16,,0.05,0.65,0.02,23.75,45.71,45.71,-3.58,-26.01,10.34
7378.T,アシロ,2026-07-28,1518.0,1614.0,2489.0,False,-35.15,1.89,0.57,,,,,2025-09-09,213.0,-17.41,False,-7.45,False,True,16.57,-35.0,False,,,,,,,,,,,,,,,,,,,,0.22,0.52,0.01,34.71,38.6,51.83,-24.74,-17.41,-15.81
5410.T,合同製鐵,2026-07-28,2826.0,2847.0,4390.0,False,-35.15,0.91,0.79,,,,,2024-02-26,591.0,-26.79,False,-18.8,False,True,8.86,-21.73,False,,,,,,,,,,,,,,,,,,,,0.18,0.86,0.63,25.81,39.47,41.71,-17.13,-32.39,-26.21
9612.T,ラックランド,2026-07-28,1258.0,1274.0,1966.0,False,-35.2,0.68,0.73,,,,,2025-12-30,138.0,18.79,False,-16.23,False,True,19.98,-15.8,False,,,,,,,,,,,,,,,,,,,,0.43,0.91,0.03,20.43,38.72,40.39,-12.27,-33.19,21.43
6343.T,フリージア・マクロス,2026-07-28,145.0,149.0,230.0,False,-35.22,1.15,0.21,,,,,2026-02-20,105.0,39.42,False,-8.94,True,True,14.35,-18.75,False,imminent,,-0.89,,,False,,,,,,,,,,,,2026-04-03,,0.04,0.69,0.25,23.67,39.72,39.72,-13.17,-18.54,39.42
3922.T,ＰＲ　ＴＩＭＥＳ,2026-07-28,2134.0,2161.0,3340.0,False,-35.3,4.05,1.8,,,,,2025-09-16,209.0,-9.96,False,-14.08,False,True,6.46,-15.1,False,crossed,38.0,,,0.18,False,-10.89,narrowing,False,,-27.78,2227.0,2955.0,2026-01-09,-24.64,False,2026-06-03,2025-11-20,,0.02,0.15,0.72,16.38,28.9,40.03,0.9,-20.73,-25.64
3137.T,ファンデリー,2026-07-28,216.0,218.0,337.0,False,-35.31,0.48,0.47,,,,,2025-04-22,308.0,4.1,False,-1.55,False,True,13.64,-21.65,False,imminent,,-2.55,,,False,,,,,,,,,,,,2026-05-11,,0.11,0.38,0.06,27.63,36.08,36.08,1.89,-5.68,8.27
519A.T,ベーシック,2026-07-28,533.0,540.0,835.0,False,-35.33,0.81,0.71,,,,,,,,,,,True,,,False,,,,,,,,,,,,,,,,,,,,0.1,,,26.54,,,-17.75,,
4776.T,サイボウズ,2026-07-28,2657.0,2690.0,4160.0,False,-35.34,1.15,0.72,,,,,2025-08-19,228.0,-30.99,True,4.13,False,True,12.29,-15.31,False,crossed,47.0,,,0.8,False,-2.63,narrowing,False,,-3.03,2495.0,2740.0,2026-01-08,-8.94,True,2026-05-21,2025-09-22,,0.34,0.25,0.71,19.61,22.7,52.65,25.57,6.54,-30.63
3691.T,デジタルプラス,2026-07-28,1545.0,1596.0,2470.0,False,-35.38,0.4,0.31,,,,,2026-05-11,55.0,54.5,True,3.47,True,True,26.79,-23.5,False,diverging,,-3.25,-2.82,,True,,,,,,,,,,,,2026-06-15,,0.24,0.0,0.28,49.88,49.88,49.88,-16.8,-10.8,54.35
3913.T,ＧｒｅｅｎＢｅｅ,2026-07-28,986.0,1000.0,1548.0,False,-35.4,1.06,0.83,,,,,2025-06-24,266.0,-6.1,False,-11.11,False,True,13.63,-19.65,False,,,,,,,,,,,,,,,,,,,,0.4,0.53,0.09,35.15,43.96,43.96,-7.76,-33.38,-3.05
3925.T,ダブルスタンダード,2026-07-28,1255.0,1263.0,1955.0,False,-35.4,0.95,0.68,,,,,2025-08-15,230.0,-20.11,False,-15.94,False,True,6.79,-11.11,False,,,,,,,,,,,,,,,,,,,,0.24,0.85,0.75,17.52,32.73,40.93,-7.86,-26.22,-19.24
4597.T,ソレイジア・ファーマ,2026-07-28,29.0,31.0,48.0,False,-35.42,1.29,1.22,,,,,2023-12-13,638.0,-27.5,False,-4.61,False,True,15.62,-21.21,False,,,,,,,,,,,,,,,,,,,,0.14,0.34,0.62,37.14,46.34,52.17,-17.14,-3.33,-23.68
5243.T,ｎｏｔｅ,2026-07-28,2067.0,2199.0,3405.0,False,-35.42,0.36,3.16,,,,,2026-04-15,69.0,46.08,True,3.13,True,True,21.62,-16.63,False,,,,,,,,,,,,,,,,,,,,0.13,0.38,0.53,33.88,45.02,46.78,-15.6,-28.45,53.45
4552.T,ＪＣＲファーマ,2026-07-28,517.0,532.0,824.0,False,-35.44,0.65,0.92,,,,,2025-11-28,160.0,-13.98,False,-13.82,False,True,13.21,-18.16,False,,,,,,,,,,,,,,,,,,,,0.16,0.8,0.49,22.34,35.97,43.17,-9.77,-24.19,-14.26
1871.T,ピーエス・コンストラクション,2026-07-28,2229.0,2291.0,3550.0,False,-35.46,0.65,0.66,,,,,2026-03-02,100.0,22.67,False,-12.16,True,True,14.63,-21.31,False,,,,,,,,,,,,,,,,,,,,0.25,0.83,0.22,25.31,41.81,41.81,-15.63,-30.34,23.56
4004.T,レゾナック・ホールディングス,2026-07-28,12295.0,13225.0,20495.0,False,-35.47,1.18,0.7,,,,,2026-05-14,52.0,247.71,True,11.35,True,False,23.57,-30.54,False,,,,,,,,,,,,,,,,,,,,0.04,0.71,0.95,36.79,36.79,36.79,-10.71,48.1,242.38
9941.T,太洋物産,2026-07-28,1255.0,1322.0,2049.0,False,-35.48,0.18,2.99,,,,,2026-04-27,61.0,24.26,True,39.24,True,True,12.76,-22.08,False,crossed,113.0,,,-5.87,False,45.25,narrowing,True,0.0,67.33,750.0,750.0,2026-02-09,0.0,False,2026-02-09,2025-09-25,,0.43,0.83,0.2,45.85,45.85,45.85,-23.89,86.76,24.88
6614.T,シキノハイテック,2026-07-28,845.0,877.0,1360.0,False,-35.51,0.75,0.55,,,,,2023-04-21,797.0,1.44,True,3.49,True,False,12.61,-15.16,False,crossed,8.0,,,-9.32,True,-16.49,widening,False,,-37.87,998.0,1360.0,2026-02-12,-26.62,False,2026-07-15,2026-07-08,,0.0,0.06,0.16,33.68,43.97,43.97,4.45,11.62,3.43
1401.T,エムビーエス,2026-07-28,1270.0,1275.0,1977.0,False,-35.51,0.54,0.14,,,,,2026-06-18,27.0,6.99,False,-7.36,False,False,8.79,-11.11,False,,,,,,,,,,,,,,,,,,,,0.06,0.72,0.0,19.85,20.58,24.66,-7.97,-15.33,7.63
407A.T,ＵＮＩＣＯＮホールディングス,2026-07-28,876.0,901.0,1400.0,False,-35.64,0.63,0.89,,,,,,,,False,-16.81,,False,7.1,-13.82,False,,,,,,,,,,,,,,,,,,,,0.33,0.89,,14.09,33.15,,-9.78,-26.39,
9932.T,杉本商事,2026-07-28,1276.0,1296.0,2015.0,False,-35.68,1.0,1.31,,,,,2025-10-24,183.0,-30.8,False,-7.86,False,True,7.53,-16.92,False,crossed,3.0,,,,False,,,False,,-13.73,1286.0,1479.0,2026-02-12,-13.05,True,2026-07-23,2025-10-03,,0.17,0.63,0.88,9.94,24.0,43.72,2.24,-12.18,-30.61
4973.T,日本高純度化学,2026-07-28,4320.0,4400.0,6850.0,False,-35.77,1.47,1.52,,,,,2026-06-22,25.0,38.68,False,-3.07,True,False,14.87,-18.03,False,,,,,,,,,,,,,,,,,,,,0.13,0.14,0.81,31.54,31.54,31.54,-15.46,8.0,36.28
1515.T,日鉄鉱業,2026-07-28,2836.0,2913.0,4535.0,False,-35.77,1.15,0.79,,,,,2026-02-13,110.0,85.85,True,11.91,True,True,24.89,-40.69,False,crossed,4.0,,,,False,,,False,,-36.98,2815.0,4500.0,2026-02-12,-37.44,True,2026-07-22,2026-04-03,,0.15,0.54,0.45,17.71,51.87,51.87,15.71,-7.02,84.88
4449.T,ギフティ,2026-07-27,1041.0,1043.0,1625.0,False,-35.82,1.12,1.04,,,,,2025-06-17,270.0,-31.87,False,-7.69,False,False,9.12,-18.5,False,diverging,,-6.29,-0.53,,True,,,,,,,,,,,,2026-06-23,,0.59,0.23,0.45,19.56,30.9,39.05,-3.52,-21.43,-31.83
4256.T,サインド,2026-07-28,1002.0,1012.0,1579.0,False,-35.91,0.3,0.35,,,,,2026-01-21,126.0,-6.27,False,-13.32,False,True,12.05,-24.66,False,,,,,,,,,,,,,,,,,,,,0.34,0.86,0.0,17.34,42.24,42.94,-8.07,-34.94,-4.57
9193.T,東京汽船,2026-07-28,858.0,871.0,1359.0,False,-35.91,1.72,0.48,,,,,2026-02-12,111.0,-8.72,False,-17.15,False,False,10.03,-17.76,False,,,,,,,,,,,,,,,,,,,,0.73,0.92,0.0,25.96,40.22,40.22,-18.05,-29.67,-8.72
6278.T,ユニオンツール,2026-07-28,16030.0,17390.0,27150.0,False,-35.95,1.61,0.78,,,,,2026-06-16,29.0,194.13,True,14.27,True,False,25.94,-28.82,False,,,,,,,,,,,,,,,,,,,,0.02,0.72,0.9,39.35,39.35,39.35,-5.26,50.8,183.22
2138.T,クルーズ,2026-07-28,451.0,462.0,722.0,False,-36.01,0.29,1.29,,,,,2025-07-31,240.0,-27.38,False,-15.49,False,False,12.43,-27.29,False,,,,,,,,,,,,,,,,,,,,0.43,0.77,0.68,32.13,42.97,50.21,-14.26,-24.71,-26.79
6269.T,三井海洋開発,2026-07-28,10240.0,10690.0,16720.0,False,-36.06,0.94,0.77,,,,,2025-11-26,162.0,53.29,False,-16.03,True,False,23.38,-24.13,False,,,,,,,,,,,,,,,,,,,,0.58,0.78,0.26,31.4,44.07,44.07,-22.13,-24.18,57.54
151A.T,ダイブ,2026-07-28,638.0,646.0,1011.0,False,-36.1,1.3,0.43,,,,,,,-30.88,False,-2.61,False,True,6.18,-14.73,False,crossed,6.0,,,1.9,False,0.38,narrowing,False,,-13.43,630.0,737.0,2026-01-16,-14.52,False,2026-07-17,2026-03-09,,0.14,0.45,0.72,12.92,20.53,42.06,1.92,-9.76,-30.65
3168.T,ＭＥＲＦ,2026-07-28,1216.0,1236.0,1935.0,False,-36.12,0.34,1.43,,,,,2026-03-03,99.0,119.1,True,11.7,True,False,26.02,-24.69,False,diverging,,-10.78,-0.46,,True,,,,,,,,,,,,2026-06-17,,0.61,0.02,0.77,33.3,33.89,33.89,-12.58,39.77,119.49
141A.T,トライアルホールディングス,2026-07-28,3020.0,3090.0,4840.0,False,-36.16,0.73,0.54,,,,,2026-04-08,74.0,20.22,False,-4.58,True,True,24.47,-26.91,False,,,,,,,,,,,,,,,,,,,,0.28,0.21,0.35,42.12,46.23,46.23,-24.22,0.17,23.37
8869.T,明和地所,2026-07-28,834.0,840.0,1316.0,False,-36.17,0.81,0.77,,,,,2025-07-28,243.0,-11.93,False,-17.21,False,True,7.43,-18.47,False,,,,,,,,,,,,,,,,,,,,0.2,0.88,0.47,16.83,36.8,36.8,-10.03,-29.44,-11.65
6551.T,ツナググループ・ホールディングス,2026-07-28,588.0,596.0,934.0,False,-36.19,0.72,0.76,,,,,2025-08-28,221.0,-5.62,False,-14.09,False,True,11.07,-18.09,False,,,,,,,,,,,,,,,,,,,,0.12,0.77,0.63,22.29,34.18,44.64,-11.18,-19.45,-5.62
9816.T,ストライダーズ,2026-07-28,245.0,245.0,384.0,False,-36.2,0.49,0.24,,,,,2025-12-02,158.0,-4.3,False,-16.51,False,False,10.69,-19.31,False,,,,,,,,,,,,,,,,,,,,0.79,0.6,0.0,27.73,32.75,33.14,-23.68,-16.1,-3.92
6835.T,アライドテレシスホールディングス,2026-07-28,236.0,243.0,381.0,False,-36.22,1.36,0.79,,,,,2026-02-12,111.0,42.17,False,-9.18,True,False,11.26,-16.61,False,diverging,,-6.79,-0.03,,True,,,,,,,,,,,,2026-06-16,,0.53,0.61,0.47,22.26,37.77,37.77,-10.94,-22.11,42.17
9024.T,西武ホールディングス,2026-07-28,3739.0,3744.0,5871.0,False,-36.23,0.44,0.75,,,,,2025-10-07,195.0,-11.38,False,-11.22,False,True,14.89,-23.42,False,crossed,0.0,,,,False,,,False,,-20.18,3739.0,4684.0,2026-02-19,-20.18,True,2026-07-28,2025-11-19,,0.0,0.54,0.64,36.83,43.42,54.08,-0.43,-10.34,-10.06
2469.T,ヒビノ,2026-07-28,2709.0,2786.0,4370.0,False,-36.25,1.75,0.53,,,,,2026-03-17,89.0,15.77,False,-11.92,True,False,11.73,-11.89,False,,,,,,,,,,,,,,,,,,,,0.38,0.54,0.2,23.51,38.58,38.58,-15.34,-12.61,16.57
3991.T,ウォンテッドリー,2026-07-28,916.0,916.0,1437.0,False,-36.26,0.36,0.51,,,,,2025-07-14,252.0,-32.89,False,-16.09,False,False,5.88,-14.89,False,,,,,,,,,,,,,,,,,,,,0.59,0.86,0.88,16.0,25.96,37.84,-13.26,-22.44,-30.4
6869.T,シスメックス,2026-07-28,1631.0,1634.0,2563.5,False,-36.26,0.72,0.73,,,,,2024-11-25,406.0,-34.25,True,8.2,False,True,9.36,-24.59,False,crossed,30.0,,,-2.25,False,9.75,widening,True,24.0,1.43,1421.5,1608.0,2026-01-14,-11.6,False,2026-06-15,2025-01-15,3ヶ月,0.73,0.08,0.63,8.85,19.19,49.87,16.83,5.94,-33.99
4237.T,フジプレアム,2026-07-28,331.0,339.0,532.0,False,-36.28,0.74,0.64,,,,,2026-02-09,113.0,-2.07,False,-5.7,True,True,7.87,-8.85,False,,,,,,,,,,,,,,,,,,,,0.27,0.71,0.1,16.89,35.71,35.71,-12.66,-23.73,-2.07
3486.T,グローバル・リンク・マネジメント,2026-07-28,1912.0,1930.0,3030.0,False,-36.3,0.67,0.83,,,,,2025-10-07,195.0,-9.81,False,-10.65,False,True,11.44,-18.14,False,crossed,3.0,,,,False,,,False,,-20.99,1920.0,2420.0,2026-02-27,-20.66,False,2026-07-23,2026-04-07,,0.09,0.61,0.6,12.31,30.25,43.22,-0.68,-9.3,-10.19
6137.T,小池酸素工業,2026-07-28,1528.0,1548.0,2432.0,False,-36.35,1.37,1.08,,,,,2026-03-03,99.0,15.5,False,-9.99,True,False,12.58,-17.56,False,,,,,,,,,,,,,,,,,,,,0.55,0.77,0.22,27.16,40.01,40.01,-17.27,-22.48,18.82
4388.T,エーアイ,2026-07-28,355.0,360.0,566.0,False,-36.4,0.92,0.64,,,,,2023-03-13,825.0,-20.94,False,-14.9,False,False,7.55,-10.66,False,,,,,,,,,,,,,,,,,,,,0.51,0.85,0.84,12.41,22.08,36.74,-10.58,-18.58,-19.86
6699.T,ダイヤモンドエレクトリックホールディングス,2026-07-28,478.0,482.0,758.0,False,-36.41,0.37,0.73,,,,,2026-03-18,88.0,-18.85,False,-14.31,False,True,9.96,-19.32,False,,,,,,,,,,,,,,,,,,,,0.2,0.78,0.38,16.57,35.65,35.65,-11.15,-21.12,-18.15
6525.T,ＫＯＫＵＳＡＩ　ＥＬＥＣＴＲＩＣ,2026-07-28,7289.0,7762.0,12220.0,False,-36.48,0.71,1.29,,,,,2026-07-01,18.0,130.59,True,12.61,True,True,27.38,-32.85,False,crossed,60.0,,,8.32,True,-0.42,narrowing,True,4.0,0.72,6512.0,7237.0,2026-04-16,-10.02,True,2026-04-28,2026-03-31,,0.62,0.62,0.84,39.26,39.26,39.26,9.67,7.18,120.61
479A.T,ＰＲＯＮＩ,2026-07-28,1324.0,1333.0,2099.0,False,-36.49,0.62,0.73,,,,,,,,,,,True,12.09,-15.72,False,,,,,,,,,,,,,,,,,,,,0.32,0.4,,23.32,35.07,,-12.89,-26.4,
2983.T,アールプランナー,2026-07-28,1473.0,1524.0,2400.0,False,-36.5,0.94,0.35,,,,,2026-02-16,109.0,63.3,False,-3.06,True,True,16.9,-35.17,False,crossed,3.0,,,,False,,,False,,-35.31,1532.0,2277.0,2026-02-16,-32.72,True,2026-07-23,2026-04-10,,0.11,0.47,0.44,12.96,40.71,40.71,2.58,-1.96,63.49
7477.T,ムラキ,2026-07-28,1670.0,1670.0,2630.0,False,-36.5,0.37,1.07,,,,,2026-04-17,67.0,27.09,True,0.07,True,False,9.58,-10.74,False,diverging,,-3.34,-0.14,,True,,,,,,,,,,,,2026-07-22,,0.07,0.01,0.71,22.1,31.52,31.52,-2.85,-10.89,30.06
9552.T,クオンツ総研ホールディングス,2026-07-28,910.0,917.0,1444.0,False,-36.5,0.86,0.37,,,,,2024-03-13,579.0,-32.89,False,-5.28,False,False,17.35,-33.94,False,crossed,42.0,,,37.89,False,5.24,widening,False,,-28.01,805.0,1264.0,2026-01-16,-36.31,False,2026-05-28,2026-02-06,,0.21,0.01,0.52,31.33,55.31,60.92,42.19,-26.08,-32.49
9417.T,スマートバリュー,2026-07-28,330.0,337.0,531.0,False,-36.53,0.72,0.08,,,,,2026-06-11,32.0,-22.54,False,-11.3,False,True,7.15,-8.89,False,crossed,2.0,,,,True,,,False,,-26.83,324.0,451.0,2026-06-10,-28.16,False,2026-07-24,2026-07-16,,0.12,0.32,0.69,31.49,31.49,41.2,7.84,-16.03,-21.8
2375.T,ギグワークス,2026-07-28,202.0,203.0,320.0,False,-36.56,1.07,0.42,,,,,2023-10-12,680.0,-16.18,False,-7.36,False,False,6.69,-10.8,False,diverging,,-1.74,-0.03,,True,,,,,,,,,,,,2026-07-08,,0.05,0.58,0.65,7.83,16.39,35.6,-5.16,-10.22,-14.04
3315.T,日本コークス工業,2026-07-28,94.0,97.0,153.0,False,-36.6,0.89,1.24,,,,,2026-03-30,81.0,4.44,False,-10.37,False,False,12.77,-17.27,False,,,,,,,,,,,,,,,,,,,,0.54,0.69,0.05,15.09,35.25,35.25,-11.32,-12.15,5.62
3321.T,ミタチ産業,2026-07-28,1526.0,1550.0,2445.0,False,-36.61,0.44,2.45,,,,,2026-02-27,101.0,24.78,False,-19.38,True,False,11.6,-22.45,False,,,,,,,,,,,,,,,,,,,,0.77,0.81,0.31,27.98,37.48,37.48,-19.43,-32.57,24.67
5621.T,ヒューマンテクノロジーズ,2026-07-28,1651.0,1695.0,2683.0,False,-36.82,0.99,0.63,,,,,2025-08-25,224.0,-23.56,False,-3.83,False,True,11.96,-18.98,False,crossed,7.0,,,-4.14,False,-4.64,narrowing,False,,-14.06,1713.0,1921.0,2026-01-15,-10.83,False,2026-07-16,2025-11-04,,0.17,0.14,0.77,18.15,31.05,51.95,12.24,-11.14,-19.97
6928.T,エノモト,2026-07-28,2344.0,2514.0,3980.0,False,-36.83,1.62,1.24,,,,,2026-05-11,55.0,74.53,False,-13.89,True,False,18.48,-24.63,False,diverging,,-15.81,-0.29,,True,,,,,,,,,,,,2026-07-08,,0.6,0.07,0.84,39.74,39.74,39.74,-25.94,-9.36,73.76
4054.T,日本情報クリエイト,2026-07-28,573.0,581.0,920.0,False,-36.85,0.23,0.76,,,,,2024-11-12,415.0,-23.19,False,-7.93,False,True,6.73,-11.15,False,crossed,4.0,,,,False,,,False,,-17.32,573.0,693.0,2026-01-15,-17.32,False,2026-07-22,2026-01-05,,0.13,0.48,0.88,11.23,23.91,41.57,0.53,-12.39,-24.51
4240.T,クラスターテクノロジー,2026-07-28,310.0,316.0,501.0,False,-36.93,0.89,0.37,,,,,2026-02-18,107.0,8.39,False,-11.67,False,False,15.21,-15.33,False,,,,,,,,,,,,,,,,,,,,0.57,0.55,0.03,30.37,40.52,40.52,-24.57,-10.92,9.54
2980.T,ＳＲＥホールディングス,2026-07-28,2573.0,2616.0,4150.0,False,-36.96,0.46,0.65,,,,,2026-05-11,55.0,-19.22,False,-12.8,False,True,15.68,-32.56,False,,,,,,,,,,,,,,,,,,,,0.41,0.1,0.25,43.13,43.13,43.13,-20.83,-17.13,-16.33
7640.T,トップカルチャー,2026-07-28,171.0,175.0,278.0,False,-37.05,0.17,1.3,,,,,2025-12-16,148.0,11.04,False,-10.72,False,False,9.04,-13.98,False,,,,,,,,,,,,,,,,,,,,0.57,0.7,0.05,21.57,29.2,37.01,-11.4,-16.59,9.62
5246.T,ＥＬＥＭＥＮＴＳ,2026-07-28,750.0,790.0,1255.0,False,-37.05,0.77,2.71,,,,,2024-07-16,495.0,-35.06,True,13.78,False,True,18.23,-32.28,False,crossed,5.0,,,-1.96,True,-2.71,,True,3.0,-3.47,765.0,777.0,2026-01-30,-1.54,False,2026-07-21,2026-06-01,,0.17,0.03,0.46,17.36,28.31,57.22,16.46,4.6,-17.85
3113.T,ＵＮＩＶＡ・Ｏａｋホールディングス,2026-07-28,72.0,73.0,116.0,False,-37.07,0.7,0.66,,,,,2025-10-20,187.0,-16.28,False,-2.99,False,True,6.39,-12.2,False,,,,,,,,,,,,,,,,,,,,0.25,0.0,0.0,18.07,26.88,41.18,-12.2,-1.37,-13.25
5698.T,エンビプロ・ホールディングス,2026-07-28,768.0,788.0,1253.0,False,-37.11,1.16,1.15,,,,,2026-05-11,55.0,46.85,False,-2.29,True,False,17.66,-26.33,False,,,,,,,,,,,,,,,,,,,,0.64,0.2,0.67,36.69,36.69,36.69,-24.93,-14.09,48.55
5344.T,ＭＡＲＵＷＡ,2026-07-28,52500.0,53840.0,85650.0,False,-37.14,1.16,0.91,,,,,2026-05-14,52.0,23.7,False,-5.67,True,False,18.57,-25.85,False,diverging,,-9.59,-0.42,,True,,,,,,,,,,,,2026-07-10,,0.54,0.33,0.73,33.72,33.72,33.72,-28.47,3.43,19.73
3038.T,神戸物産,2026-07-28,2810.5,2814.0,4477.0,False,-37.15,1.42,0.78,,,,,2025-05-26,287.0,-34.53,False,-16.4,False,True,7.97,-22.38,False,imminent,,-2.83,,,False,,,,,,,,,,,,2026-02-26,,0.14,0.86,0.82,10.32,35.48,41.98,2.8,-23.98,-34.52
8237.T,松屋,2026-07-28,1801.0,1837.0,2925.0,False,-37.2,1.24,0.81,,,,,2026-02-25,103.0,69.43,False,-0.79,True,True,18.61,-29.53,False,crossed,4.0,,,,False,,,False,,-37.16,1741.0,2866.0,2026-02-25,-39.25,True,2026-07-22,2026-04-03,,0.32,0.42,0.21,22.44,52.23,52.23,2.04,-4.2,68.16
6962.T,大真空,2026-07-28,713.0,768.0,1223.0,False,-37.2,0.65,0.29,,,,,2026-06-09,34.0,28.47,True,3.29,True,False,17.1,-18.98,False,,,,,,,,,,,,,,,,,,,,0.0,0.6,0.61,41.22,41.22,41.22,-5.56,19.43,26.87
4167.T,ココペリ,2026-07-28,298.0,307.0,489.0,False,-37.22,0.41,0.99,,,,,2025-04-30,303.0,-38.05,False,-1.86,False,True,9.65,-18.74,False,crossed,1.0,,,,False,,,False,,-16.99,308.0,359.0,2026-03-27,-14.21,False,2026-07-27,2026-05-22,,0.02,0.03,0.58,15.43,26.74,45.32,-1.65,-2.61,-37.39
6378.T,木村化工機,2026-07-28,1199.0,1224.0,1950.0,False,-37.23,0.89,0.8,,,,,2026-03-26,83.0,27.15,False,-4.69,True,True,8.4,-15.35,False,imminent,,-2.77,,,False,,,,,,,,,,,,2026-05-01,,0.15,0.33,0.41,16.57,39.92,39.92,-8.26,-6.11,27.55
6492.T,岡野バルブ製造,2026-07-28,12950.0,13800.0,21990.0,False,-37.24,0.88,0.97,,,,,2026-07-06,15.0,116.92,True,13.07,True,True,26.22,-24.58,False,crossed,101.0,,,15.82,False,11.54,narrowing,True,4.0,22.98,9860.0,10530.0,2026-02-20,-6.36,True,2026-02-27,2025-11-21,,0.02,0.72,0.7,39.34,39.34,39.34,-28.85,72.44,103.62
3562.T,Ｎｏ．１,2026-07-28,1579.0,1598.0,2548.0,False,-37.28,0.71,1.11,,,,,2026-01-06,136.0,-21.48,False,-14.51,False,True,9.5,-25.6,False,imminent,,-0.01,,,False,,,,,,,,,,,,2026-01-28,,0.01,0.56,0.75,13.19,24.84,43.38,-4.01,-16.85,-21.52
9553.T,マイクロアド,2026-07-28,579.0,600.0,957.0,False,-37.3,0.53,0.92,,,,,2026-03-11,93.0,15.34,False,-10.12,True,True,17.55,-24.56,False,,,,,,,,,,,,,,,,,,,,0.32,0.65,0.16,35.06,45.71,45.71,-21.86,-26.15,16.73
4100.T,戸田工業,2026-07-28,1323.0,1391.0,2219.0,False,-37.31,1.21,0.36,,,,,2026-05-29,41.0,-3.15,False,-6.18,True,False,19.89,-21.11,False,,,,,,,,,,,,,,,,,,,,0.0,0.17,0.27,37.65,37.65,37.65,0.08,-9.75,0.15
5290.T,ベルテクスコーポレーション,2026-07-28,1317.0,1344.0,2144.0,False,-37.31,1.23,0.76,,,,,2026-03-25,84.0,6.21,False,-13.67,False,False,15.32,-19.81,False,,,,,,,,,,,,,,,,,,,,0.79,0.1,0.05,34.39,38.49,38.49,-33.98,-2.15,5.95
9215.T,ＣａＳｙ,2026-07-28,940.0,940.0,1500.0,False,-37.33,0.36,1.46,,,,,2025-10-10,192.0,0.64,False,-0.91,False,True,6.29,-10.55,False,crossed,7.0,,,-0.32,True,0.6,narrowing,False,,-3.29,925.0,972.0,2026-01-09,-4.84,False,2026-07-16,2026-06-29,,0.29,0.0,0.45,8.31,8.31,33.15,7.55,2.4,-1.88
3993.T,ＰＫＳＨＡ　Ｔｅｃｈｎｏｌｏｇｙ,2026-07-28,2761.0,2829.0,4515.0,False,-37.34,0.91,0.73,,,,,2024-02-28,589.0,-17.7,False,-13.87,False,False,14.8,-24.02,False,,,,,,,,,,,,,,,,,,,,0.39,0.2,0.63,25.57,26.44,43.87,-15.82,-17.21,-16.96
6668.T,アドテック　プラズマ　テクノロジー,2026-07-28,2680.0,2800.0,4470.0,False,-37.36,0.95,2.48,,,,,2026-06-25,22.0,92.39,True,26.15,True,True,24.09,-33.0,False,,,,,,,,,,,,,,,,,,,,0.28,0.83,0.79,37.6,37.6,37.6,2.52,89.27,97.93
4168.T,ヤプリ,2026-07-28,798.0,803.0,1282.0,False,-37.36,0.58,0.6,,,,,2025-08-18,229.0,0.13,False,-1.1,False,True,8.3,-11.59,False,crossed,43.0,,,1.38,False,2.13,widening,False,,-6.88,724.0,857.0,2026-01-16,-15.52,True,2026-05-27,2025-10-29,,0.47,0.0,0.64,8.94,21.61,47.43,12.39,-2.21,1.79
4936.T,アクシージア,2026-07-28,348.0,352.0,562.0,False,-37.37,1.17,1.08,,,,,2022-12-14,884.0,-27.35,False,-7.62,False,True,4.83,-13.62,False,crossed,0.0,,,,False,,,False,,-16.35,348.0,416.0,2026-01-15,-16.35,False,2026-07-28,2025-10-20,,0.09,0.5,0.88,9.66,20.9,40.56,-0.85,-12.78,-26.74
9903.T,カンセキ,2026-07-28,880.0,889.0,1420.0,False,-37.39,1.05,0.53,,,,,2026-06-11,32.0,-0.79,False,-2.79,True,False,6.74,-12.51,False,,,,,,,,,,,,,,,,,,,,0.07,0.18,0.21,31.52,31.52,31.52,0.92,1.27,-1.35
3556.T,リネットジャパングループ,2026-07-28,807.0,825.0,1318.0,False,-37.41,0.86,0.56,,,,,2025-09-22,205.0,26.89,False,-14.6,False,False,16.98,-13.15,False,,,,,,,,,,,,,,,,,,,,0.33,0.83,0.0,25.18,41.34,43.97,-14.42,-30.79,31.86
6146.T,ディスコ,2026-07-28,55050.0,57300.0,91680.0,False,-37.5,1.1,0.86,,,,,2026-06-23,24.0,24.35,False,-13.09,True,False,20.75,-32.25,False,crossed,27.0,,,1.15,True,-39.64,widening,True,2.0,-35.43,84990.0,85250.0,2026-06-15,-0.3,True,2026-06-18,2026-06-01,,0.0,0.03,0.76,37.78,37.78,37.78,-23.22,-19.72,19.03
3694.T,オプティム,2026-07-28,394.0,404.0,647.0,False,-37.56,0.74,0.59,,,,,2024-03-06,584.0,-21.36,False,-16.45,False,False,7.12,-13.57,False,diverging,,-5.11,-0.05,,True,,,,,,,,,,,,2026-07-02,,0.34,0.52,0.8,19.92,26.2,40.16,-9.63,-23.05,-20.4
2722.T,ＩＫホールディングス,2026-07-28,357.0,359.0,575.0,False,-37.57,0.25,0.62,,,,,2025-10-03,197.0,-6.79,False,-7.98,False,False,12.35,-23.84,False,,,,,,,,,,,,,,,,,,,,0.73,0.61,0.42,9.56,11.39,37.28,-7.27,-7.99,-7.27
7456.T,松田産業,2026-07-28,5280.0,5530.0,8860.0,False,-37.58,0.81,0.74,,,,,2026-03-02,100.0,42.32,False,-10.76,True,False,17.46,-28.91,False,,,,,,,,,,,,,,,,,,,,0.83,0.36,0.66,32.05,39.66,39.66,-20.72,-14.98,43.28
2693.T,ＹＫＴ,2026-07-28,314.0,342.0,548.0,False,-37.59,2.4,0.61,,,,,2026-05-27,43.0,29.75,True,12.39,True,False,21.91,-18.18,False,crossed,97.0,,,1.21,False,7.99,narrowing,True,4.0,25.6,247.0,250.0,2026-02-27,-1.2,False,2026-03-05,2025-12-09,,0.24,0.71,0.46,39.62,39.62,39.62,28.16,34.19,31.93
6977.T,日本抵抗器製作所,2026-07-28,1351.0,1415.0,2268.0,False,-37.61,0.26,1.51,,,,,2026-07-01,18.0,65.56,True,27.09,True,True,18.69,-30.29,False,crossed,81.0,,,-0.51,True,20.72,narrowing,True,28.0,22.48,985.0,1103.0,2026-01-07,-10.7,False,2026-03-30,2026-03-03,,0.74,0.7,0.69,30.34,30.34,30.34,36.46,35.51,62.38
4437.T,ｇｏｏｄｄａｙｓホールディングス,2026-07-28,800.0,832.0,1334.0,False,-37.63,0.37,0.79,,,,,2026-04-28,60.0,16.79,True,3.12,True,False,12.24,-13.15,False,diverging,,-10.32,-0.54,,True,,,,,,,,,,,,2026-06-16,,0.72,0.08,0.37,34.2,34.2,34.2,-17.95,18.52,17.65
6800.T,ヨコオ,2026-07-28,3890.0,4060.0,6510.0,False,-37.63,0.62,0.93,,,,,2026-06-22,25.0,173.75,True,16.28,True,False,25.76,-36.33,False,,,,,,,,,,,,,,,,,,,,0.01,0.77,0.93,38.74,38.74,38.74,-16.07,68.91,170.51
7885.T,タカノ,2026-07-28,1070.0,1089.0,1747.0,False,-37.66,0.6,0.65,,,,,2026-03-02,100.0,46.58,True,11.57,True,False,25.41,-27.92,False,crossed,2.0,,,,True,,,False,,-26.05,1080.0,1447.0,2026-02-27,-25.36,True,2026-07-24,2026-06-30,,0.01,0.19,0.71,20.92,31.24,31.24,2.49,30.33,46.98
3758.T,アエリア,2026-07-28,244.0,249.0,400.0,False,-37.75,2.76,0.72,,,,,2025-08-26,223.0,-15.86,False,-8.28,False,True,7.93,-16.25,False,imminent,,-1.5,,,False,,,,,,,,,,,,2025-10-09,,0.12,0.76,0.86,9.64,24.24,41.56,-2.01,-17.57,-15.28
3021.T,パシフィックネット,2026-07-28,1564.0,1586.0,2550.0,False,-37.8,0.86,1.76,,,,,2026-03-02,100.0,17.59,False,-14.26,True,True,12.9,-16.4,False,,,,,,,,,,,,,,,,,,,,0.4,0.62,0.43,21.05,37.24,37.24,-17.07,-22.69,22.86
7157.T,ライフネット生命保険,2026-07-28,1602.0,1636.0,2631.0,False,-37.82,0.75,0.76,,,,,2025-08-18,229.0,-21.82,False,-16.8,False,False,7.06,-11.03,False,,,,,,,,,,,,,,,,,,,,0.41,0.65,0.43,31.83,35.57,43.62,-25.94,-24.72,-20.93
6522.T,アスタリスク,2026-07-28,1452.0,1604.0,2580.0,False,-37.83,0.29,2.69,,,,,2026-07-08,13.0,249.88,True,97.82,True,True,55.26,-30.32,False,crossed,14.0,,,-12.93,True,-32.76,widening,True,0.0,-30.73,2096.0,2096.0,2026-07-07,0.0,True,2026-07-07,2026-06-15,,0.29,0.64,0.62,45.5,52.67,52.67,21.1,245.71,244.08
6224.T,ＪＲＣ,2026-07-28,1115.0,1135.0,1826.0,False,-37.84,1.01,1.41,,,,,2025-09-26,202.0,-2.79,False,-16.39,False,False,14.47,-24.45,False,crossed,36.0,,,-2.34,False,-22.18,widening,False,,-27.12,1327.0,1530.0,2026-02-17,-13.27,False,2026-06-05,2026-03-23,,0.0,0.07,0.45,19.2,27.12,37.99,-7.47,-14.43,-2.36
6629.T,テクノホライゾン,2026-07-28,944.0,975.0,1569.0,False,-37.86,1.47,0.94,,,,,2026-05-11,55.0,148.42,True,1.82,True,False,33.07,-21.3,False,diverging,,-5.69,-0.17,,True,,,,,,,,,,,,2026-06-25,,0.49,0.02,0.71,41.13,41.13,41.13,-6.63,-16.68,149.08
6245.T,ヒラノテクシード,2026-07-28,1576.0,1631.0,2626.0,False,-37.89,1.86,0.43,,,,,2026-06-02,39.0,5.49,False,-9.53,True,False,8.48,-14.25,False,,,,,,,,,,,,,,,,,,,,0.02,0.01,0.39,37.46,37.46,37.46,-9.89,-15.31,5.21
2148.T,アイティメディア,2026-07-28,1177.0,1191.0,1920.0,False,-37.97,1.01,0.65,,,,,2026-03-25,84.0,-27.61,False,-22.41,False,True,10.09,-26.49,False,,,,,,,,,,,,,,,,,,,,0.34,0.8,0.38,30.43,41.64,41.64,-26.62,-30.89,-27.26
6235.T,オプトラン,2026-07-28,2915.0,3045.0,4910.0,False,-37.98,0.87,0.65,,,,,2026-05-11,55.0,86.62,True,6.09,True,False,27.58,-24.13,False,,,,,,,,,,,,,,,,,,,,0.56,0.54,0.86,39.52,39.52,39.52,-25.73,39.41,85.43
5888.T,ＤＡＩＷＡ　ＣＹＣＬＥ,2026-07-28,2704.0,2750.0,4440.0,False,-38.06,1.77,0.59,,,,,2025-06-03,281.0,-30.4,False,-20.65,False,True,11.07,-20.48,False,,,,,,,,,,,,,,,,,,,,0.33,0.74,0.6,19.16,35.47,38.75,-18.68,-23.07,-28.18
6648.T,かわでん,2026-07-28,1664.0,1722.0,2780.0,False,-38.06,1.29,0.76,,,,,2026-01-06,136.0,90.17,False,-15.82,True,True,23.75,-23.04,False,,,,,,,,,,,,,,,,,,,,0.27,0.55,0.37,38.49,38.49,41.19,-20.04,-24.43,88.02
1662.T,石油資源開発,2026-07-28,1717.0,1746.0,2819.0,False,-38.06,0.65,0.93,,,,,2026-03-18,88.0,63.21,False,-6.39,True,False,13.78,-21.36,False,,,,,,,,,,,,,,,,,,,,0.62,0.46,0.52,31.63,42.21,42.21,-23.79,-9.25,63.84
7003.T,三井Ｅ＆Ｓ,2026-07-28,4918.0,5221.0,8438.0,False,-38.13,1.38,1.1,,,,,2026-03-03,99.0,84.19,False,-13.2,True,True,23.73,-29.19,False,,,,,,,,,,,,,,,,,,,,0.2,0.79,0.09,32.68,52.04,52.04,-12.18,-22.9,86.43
3121.T,マーチャント・バンカーズ,2026-07-28,219.0,222.0,359.0,False,-38.16,0.96,0.75,,,,,2025-06-27,263.0,-38.14,False,-3.95,False,False,7.74,-14.53,False,imminent,,-0.74,,,False,,,,,,,,,,,,2026-05-07,,0.03,0.2,0.66,7.86,15.85,43.47,-2.23,-4.78,-37.78
5541.T,大平洋金属,2026-07-28,2309.0,2390.0,3865.0,False,-38.16,2.14,0.79,,,,,2026-03-02,100.0,31.72,False,-7.0,True,True,18.22,-31.14,False,,,,,,,,,,,,,,,,,,,,0.17,0.76,0.25,20.83,44.72,44.72,-5.45,-19.52,32.55
4772.T,ＳＭ　ＥＮＴＥＲＴＡＩＮＭＥＮＴ　ＪＡＰＡＮ,2026-07-28,79.0,81.0,131.0,False,-38.17,1.65,0.77,,,,,2023-06-16,760.0,-34.71,False,-17.97,False,True,7.43,-15.66,False,,,,,,,,,,,,,,,,,,,,0.32,0.68,0.82,45.83,45.83,49.61,-11.24,-24.04,-33.05
6039.T,日本動物高度医療センター,2026-07-28,984.0,992.0,1605.0,False,-38.19,0.6,0.57,,,,,2026-04-17,67.0,88.87,False,-14.92,True,True,22.51,-29.19,False,,,,,,,,,,,,,,,,,,,,0.32,0.48,0.35,34.34,40.82,40.82,-30.9,-24.31,88.51
3901.T,マークラインズ,2026-07-28,1351.0,1376.0,2227.0,False,-38.21,0.49,0.53,,,,,2024-05-09,542.0,-28.1,False,-13.58,False,True,8.35,-13.33,False,,,,,,,,,,,,,,,,,,,,0.23,0.65,0.86,19.79,28.61,44.55,-10.88,-12.1,-28.06
7021.T,ニッチツ,2026-07-28,1977.0,2011.0,3255.0,False,-38.22,0.33,1.26,,,,,2025-10-28,181.0,2.59,False,-8.34,False,True,7.77,-14.6,False,,,,,,,,,,,,,,,,,,,,0.29,0.79,0.01,22.32,29.92,36.68,-12.44,-20.25,1.44
4564.T,オンコセラピー・サイエンス,2026-07-28,20.0,21.0,34.0,False,-38.24,0.99,1.2,,,,,2024-08-01,483.0,-39.39,False,-7.75,False,False,9.05,-14.29,False,,,,,,,,,,,,,,,,,,,,0.36,0.08,0.51,25.0,41.94,43.75,-16.67,-4.76,-31.03
5950.T,日本パワーファスニング,2026-07-28,146.0,147.0,238.0,False,-38.24,0.9,0.09,,,,,2024-12-02,401.0,-21.08,False,-17.14,False,True,5.15,-14.71,False,,,,,,,,,,,,,,,,,,,,0.3,0.86,0.74,19.77,28.5,36.99,-15.12,-23.96,-20.22
3687.T,フィックスターズ,2026-07-28,2071.0,2275.0,3690.0,False,-38.35,0.87,0.15,,,,,2026-06-05,36.0,10.04,True,17.13,True,False,35.96,-23.0,False,crossed,46.0,,,37.26,False,-3.77,widening,True,0.0,5.13,1970.0,1970.0,2026-05-22,0.0,False,2026-05-22,2025-11-18,,0.36,0.51,0.0,43.03,43.03,46.0,63.97,31.74,12.49
5572.T,Ｒｉｄｇｅ－ｉ,2026-07-28,2401.0,2514.0,4090.0,False,-38.53,0.83,0.15,,,,,2026-06-04,37.0,-7.9,True,1.51,False,False,11.84,-17.3,False,crossed,58.0,,,2.29,True,-1.75,narrowing,True,13.0,1.31,2181.0,2370.0,2026-02-27,-7.97,False,2026-05-01,2026-04-06,,0.18,0.55,0.03,29.17,29.17,43.28,7.67,10.54,-4.34
6538.T,ディスラプターズ,2026-07-28,239.0,239.0,389.0,False,-38.56,0.35,0.31,,,,,2025-12-24,142.0,13.81,False,-17.53,False,True,16.24,-20.4,False,crossed,0.0,,,,False,,,False,,-35.58,239.0,371.0,2026-01-20,-35.58,False,2026-07-28,2026-02-24,,0.0,0.68,0.14,18.36,41.78,45.43,2.58,-32.29,16.59
4078.T,堺化学工業,2026-07-28,3850.0,4040.0,6580.0,False,-38.6,0.87,0.47,,,,,2026-06-02,39.0,39.75,True,6.11,True,False,14.67,-17.03,False,crossed,41.0,,,10.53,True,-29.57,widening,True,0.0,-22.06,4940.0,4940.0,2026-05-29,0.0,False,2026-05-29,2026-05-20,,0.07,0.36,0.78,39.97,39.97,39.97,8.6,13.07,40.0
4057.T,インターファクトリー,2026-07-28,350.0,350.0,570.0,False,-38.6,0.33,1.54,,,,,,,-31.51,False,-13.17,False,True,2.17,-6.94,False,imminent,,-2.83,,,False,,,,,,,,,,,,2025-07-24,,0.49,0.85,0.95,11.03,15.98,34.16,-9.33,-14.63,-32.43
3997.T,トレードワークス,2026-07-28,369.0,399.0,650.0,False,-38.62,2.56,0.48,,,,,2026-02-16,109.0,183.85,False,-5.46,True,False,47.99,-30.75,False,diverging,,-5.51,-1.67,,False,,,,,,,,,,,,2026-03-30,,0.03,0.6,0.27,30.82,48.51,48.51,-8.21,-29.17,189.64
9978.T,文教堂グループホールディングス,2026-07-28,45.0,46.0,75.0,False,-38.67,0.84,1.03,,,,,2024-07-30,485.0,-22.41,False,-6.55,False,True,10.21,-16.67,False,imminent,,-1.39,,,False,,,,,,,,,,,,2026-03-18,,0.29,0.81,0.62,8.33,15.38,33.33,-4.26,-11.76,-18.18
6864.T,エヌエフホールディングス,2026-07-28,1507.0,1580.0,2579.0,False,-38.74,1.35,0.35,,,,,2026-06-05,36.0,16.01,True,6.22,True,False,18.35,-14.76,False,,,,,,,,,,,,,,,,,,,,0.01,0.54,0.35,39.6,39.6,39.6,12.04,24.86,18.94
6180.T,ＧＭＯメディア,2026-07-28,3775.0,3780.0,6170.0,False,-38.74,0.4,0.89,,,,,2025-12-16,148.0,-21.68,False,-20.66,False,True,9.05,-18.84,False,,,,,,,,,,,,,,,,,,,,0.22,0.76,0.57,22.78,37.79,42.95,-14.3,-30.86,-21.11
2767.T,円谷フィールズホールディングス,2026-07-27,1530.0,1530.0,2498.0,False,-38.75,2.02,0.95,,,,,2024-09-27,444.0,-25.51,False,-8.94,False,True,7.22,-15.28,False,crossed,0.0,,,,False,,,False,,-17.96,1530.0,1865.0,2026-01-27,-17.96,False,2026-07-27,2025-11-05,,0.02,0.54,0.89,11.19,28.47,45.66,4.79,-12.42,-24.44
5802.T,住友電気工業,2026-07-28,2189.0,2273.5,3712.5,False,-38.76,0.84,0.76,,,,,2026-06-03,38.0,176.21,True,1.74,True,False,22.14,-25.21,False,,,,,,,,,,,,,,,,,,,,0.15,0.38,0.91,37.3,37.3,37.3,-12.57,30.51,167.69
9082.T,大和自動車交通,2026-07-28,1725.0,1765.0,2885.0,False,-38.82,1.86,1.88,,,,,2025-09-25,203.0,100.81,True,30.08,False,True,28.82,-22.24,False,crossed,20.0,,,3.35,True,20.03,widening,True,0.0,22.95,1403.0,1403.0,2026-06-29,0.0,False,2026-06-29,2026-05-29,,0.61,0.27,0.17,11.73,14.95,62.29,27.31,32.08,101.05
3652.T,ディジタルメディアプロフェッショナル,2026-07-28,2265.0,2400.0,3925.0,False,-38.85,0.99,1.54,,,,,2026-05-25,45.0,11.58,False,-7.36,True,False,20.32,-37.15,False,diverging,,-17.83,-1.18,,True,,,,,,,,,,,,2026-07-08,,0.66,0.12,0.26,44.48,44.48,44.48,-10.01,-5.63,11.74
3441.T,山王,2026-07-28,2450.0,2627.0,4300.0,False,-38.91,1.66,0.37,,,,,2026-06-22,25.0,142.09,True,35.93,True,True,19.05,-28.88,False,,,,,,,,,,,,,,,,,,,,0.24,0.81,0.82,33.78,33.78,33.78,10.66,113.97,144.27
3661.T,エムアップホールディングス,2026-07-28,790.0,799.0,1308.5,False,-38.94,0.61,0.86,,,,,2025-08-25,224.0,-21.0,True,0.66,False,True,12.63,-17.21,False,crossed,11.0,,,0.41,True,5.17,widening,False,,-14.78,740.0,927.0,2026-01-06,-20.17,False,2026-07-10,2026-05-28,,0.14,0.06,0.8,18.48,29.91,53.49,10.18,-5.05,-20.96
7980.T,重松製作所,2026-07-28,811.0,822.0,1347.0,False,-38.98,0.67,0.43,,,,,2026-03-03,99.0,-2.05,False,-3.97,True,True,4.66,-8.08,False,,,,,,,,,,,,,,,,,,,,0.43,0.14,0.09,23.17,42.39,42.39,-7.53,2.79,-2.52
9904.T,ベリテ,2026-07-28,253.0,258.0,423.0,False,-39.01,0.83,0.69,,,,,2026-03-02,100.0,-31.62,False,-27.43,False,False,12.68,-36.13,False,,,,,,,,,,,,,,,,,,,,0.52,0.76,0.35,46.46,49.88,49.88,-36.11,-34.79,-31.62
4424.T,Ａｍａｚｉａ,2026-07-28,353.0,430.0,705.0,False,-39.01,0.46,238.42,,,,,2025-11-26,162.0,16.5,True,25.88,True,True,33.57,-35.6,False,crossed,9.0,,,-4.03,False,-6.4,widening,True,8.0,-10.86,372.0,396.0,2026-07-10,-6.06,True,2026-07-14,2026-01-14,,0.28,0.01,0.15,30.05,33.11,71.91,30.74,25.62,16.89
5016.T,ＪＸ金属,2026-07-28,3423.0,3554.0,5828.0,False,-39.02,0.76,0.73,,,,,2026-05-11,55.0,306.39,True,7.09,True,False,31.2,-22.17,False,,,,,,,,,,,,,,,,,,,,0.21,0.24,0.84,41.59,41.59,41.59,-25.99,32.8,307.5
1768.T,ソネック,2026-07-28,1078.0,1095.0,1796.0,False,-39.03,0.46,0.38,,,,,2026-02-09,113.0,20.45,False,-15.28,True,True,16.33,-25.24,False,,,,,,,,,,,,,,,,,,,,0.1,0.8,0.07,28.27,43.57,43.57,-20.09,-31.99,20.72
2778.T,パレモ・ホールディングス,2026-07-28,109.0,109.0,179.0,False,-39.11,0.41,0.45,,,,,2025-05-01,302.0,-27.33,False,-15.81,False,True,9.98,-26.11,False,imminent,,-0.93,,,False,,,,,,,,,,,,2026-03-27,,0.09,0.77,0.64,14.17,34.16,34.16,-7.63,-32.3,-26.35
3933.T,チエル,2026-07-28,476.0,482.0,792.0,False,-39.14,1.47,0.19,,,,,2025-06-10,276.0,-37.12,False,-23.38,False,False,8.01,-18.93,False,,,,,,,,,,,,,,,,,,,,0.59,0.69,0.54,40.25,40.25,44.9,-30.21,-29.48,-36.95
3547.T,ユニシアホールディングス,2026-07-28,1789.0,1810.0,2974.0,False,-39.14,0.49,0.84,,,,,2025-09-08,214.0,21.78,False,-7.04,False,True,13.76,-10.06,False,,,,,,,,,,,,,,,,,,,,0.18,0.54,0.59,22.1,30.36,48.89,-1.81,-3.35,19.27
6955.T,ＦＤＫ,2026-07-28,391.0,410.0,674.0,False,-39.17,1.17,0.17,,,,,2026-06-08,35.0,11.71,False,-7.07,True,False,12.63,-20.69,False,,,,,,,,,,,,,,,,,,,,0.0,0.05,0.31,38.91,38.91,38.91,-13.11,-9.07,12.36
9342.T,スマサポ,2026-07-28,855.0,870.0,1431.0,False,-39.2,0.25,1.43,,,,,2025-03-10,338.0,-13.98,False,-15.38,False,True,12.2,-27.87,False,imminent,,-2.76,,,False,,,,,,,,,,,,2026-04-01,,0.1,0.78,0.51,20.02,40.97,43.02,-9.43,-31.65,-13.98
7013.T,ＩＨＩ,2026-07-28,2780.0,2855.0,4698.0,False,-39.23,0.63,0.77,,,,,2026-02-10,112.0,29.43,False,-11.02,True,True,17.08,-27.07,False,imminent,,-1.09,,,False,,,,,,,,,,,,2026-04-10,,0.0,0.72,0.15,22.92,47.6,47.6,-7.18,-21.49,27.23
6307.T,サンセイ,2026-07-28,470.0,486.0,800.0,False,-39.25,1.3,0.55,,,,,2026-02-10,112.0,17.79,False,-11.37,True,False,15.25,-27.24,False,,,,,,,,,,,,,,,,,,,,0.42,0.8,0.06,23.23,46.29,46.29,-9.62,-21.01,17.21
7094.T,ＮｅｘＴｏｎｅ,2026-07-28,1413.0,1450.0,2388.0,False,-39.28,0.71,0.72,,,,,2025-06-17,271.0,-24.36,False,-13.0,False,True,9.68,-22.64,False,imminent,,-1.11,,,False,,,,,,,,,,,,2025-11-21,,0.02,0.74,0.74,20.03,29.58,46.47,-3.75,-19.94,-22.11
6562.T,ジーニー,2026-07-28,958.0,974.0,1605.0,False,-39.31,0.29,0.61,,,,,2025-06-19,269.0,-38.59,False,-6.83,False,True,6.8,-13.15,False,crossed,0.0,,,,True,,,False,,-13.77,958.0,1111.0,2026-01-16,-13.77,False,2026-07-28,2026-06-11,,0.02,0.18,0.79,17.82,21.64,46.31,-1.64,-11.38,-36.81
5838.T,楽天銀行,2026-07-28,5564.0,5649.0,9317.0,False,-39.37,0.49,0.58,,,,,2026-02-20,105.0,-14.56,False,-16.32,False,True,13.17,-26.2,False,,,,,,,,,,,,,,,,,,,,0.09,0.56,0.6,33.53,50.5,50.5,-9.62,-19.78,-14.47
9467.T,アルファポリス,2026-07-28,1041.0,1049.0,1731.0,False,-39.4,0.94,1.14,,,,,2025-12-16,148.0,-30.46,False,-21.3,False,False,8.93,-14.67,False,,,,,,,,,,,,,,,,,,,,0.44,0.85,0.67,20.81,40.32,44.18,-6.72,-32.75,-28.16
6356.T,日本ギア工業,2026-07-28,1300.0,1386.0,2287.0,False,-39.4,0.49,0.93,,,,,2026-03-11,93.0,145.75,True,9.83,True,False,14.85,-12.75,False,,,,,,,,,,,,,,,,,,,,0.06,0.31,0.84,25.59,46.5,46.5,-21.97,33.61,142.54
268A.T,リガク・ホールディングス,2026-07-28,1937.0,2060.0,3400.0,False,-39.41,0.82,0.61,,,,,2026-06-03,38.0,163.18,True,8.12,True,False,21.16,-22.52,False,diverging,,-8.91,-0.88,,True,,,,,,,,,,,,2026-07-10,,0.37,0.56,0.9,40.22,40.22,40.22,-20.42,46.63,163.54
9166.T,ＧＥＮＤＡ,2026-07-28,590.0,596.0,984.0,False,-39.43,0.73,0.41,,,,,2024-11-08,417.0,-33.03,False,-9.51,False,True,8.38,-15.62,False,crossed,20.0,,,-3.76,False,-6.51,narrowing,False,,-31.87,612.0,866.0,2026-01-19,-29.33,False,2026-06-29,2026-02-24,,0.3,0.3,0.77,21.55,41.83,52.66,1.72,-25.51,-30.01
5256.T,Ｆｕｓｉｃ,2026-07-28,2355.0,2389.0,3945.0,False,-39.44,1.26,0.38,,,,,,,3.2,False,-1.8,False,False,20.91,-23.03,False,diverging,,-2.97,-0.02,,True,,,,,,,,,,,,2026-07-10,,0.08,0.09,0.03,20.45,20.45,41.37,-3.48,-3.88,4.53
6417.T,ＳＡＮＫＹＯ,2026-07-28,1840.0,1852.5,3059.0,False,-39.44,0.95,0.84,,,,,2025-08-12,233.0,-32.72,False,-15.01,False,True,8.8,-13.48,False,,,,,,,,,,,,,,,,,,,,0.22,0.88,0.91,18.92,38.08,49.37,-1.84,-24.85,-32.61
4381.T,ビープラッツ,2026-07-28,347.0,410.0,678.0,False,-39.53,1.04,16.77,,,,,2026-07-15,8.0,-30.46,False,-25.53,False,True,35.2,-47.9,False,,,,,,,,,,,,,,,,,,,,0.03,0.53,0.4,57.18,71.4,71.87,-14.11,-40.58,-28.45
4047.T,関東電化工業,2026-07-28,2504.0,2663.0,4405.0,False,-39.55,0.92,0.46,,,,,2026-06-04,37.0,190.82,True,35.73,True,False,37.29,-29.56,False,,,,,,,,,,,,,,,,,,,,0.24,0.73,0.84,43.16,43.16,43.16,52.13,92.02,190.15
6027.T,弁護士ドットコム,2026-07-28,2313.0,2353.0,3895.0,False,-39.59,0.95,0.65,,,,,2025-08-15,230.0,-24.66,False,-15.02,False,True,8.93,-15.95,False,,,,,,,,,,,,,,,,,,,,0.29,0.4,0.66,27.45,33.91,46.43,-8.4,-22.9,-21.59
441A.T,ＮＥ,2026-07-28,253.0,254.0,420.5,False,-39.6,0.41,0.35,,,,,,,,,,,False,9.29,-15.69,False,,,,,,,,,,,,,,,,,,,,0.46,0.83,,32.7,41.05,,-17.72,-17.86,
4098.T,チタン工業,2026-07-28,1034.0,1044.0,1730.0,False,-39.65,0.31,0.23,,,,,2026-01-22,125.0,37.14,True,3.92,True,False,18.24,-25.58,False,diverging,,-3.32,-1.15,,True,,,,,,,,,,,,2026-07-03,,0.02,0.38,0.53,25.58,31.37,31.47,1.87,-18.13,37.14
9158.T,シーユーシー,2026-07-28,777.0,794.0,1316.0,False,-39.67,0.57,0.47,,,,,,,-33.07,False,-14.78,False,False,8.93,-15.12,False,,,,,,,,,,,,,,,,,,,,0.01,0.28,0.69,25.69,33.05,46.38,-17.52,-12.2,-32.43
6440.T,ＪＵＫＩ,2026-07-28,508.0,534.0,886.0,False,-39.73,1.62,0.62,,,,,2026-05-12,54.0,23.0,False,-9.45,True,False,18.41,-24.02,False,,,,,,,,,,,,,,,,,,,,0.49,0.18,0.51,44.01,44.01,44.01,-30.41,-5.05,28.61
5582.T,グリッド,2026-07-28,1903.0,1930.0,3205.0,False,-39.78,2.29,0.22,,,,,2025-11-28,160.0,-23.33,False,-20.36,False,False,10.85,-17.21,False,,,,,,,,,,,,,,,,,,,,0.51,0.72,0.5,31.97,34.49,46.22,-18.68,-23.82,-21.94
6069.T,トレンダーズ,2026-07-28,653.0,655.0,1088.0,False,-39.8,0.74,0.74,,,,,2026-01-23,124.0,-30.01,False,-17.83,False,True,9.13,-23.64,False,imminent,,-0.02,,,False,,,,,,,,,,,,2026-03-02,,0.0,0.69,0.58,16.9,45.42,45.42,-4.95,-39.59,-30.9
1384.T,ホクリヨウ,2026-07-28,2019.0,2037.0,3385.0,False,-39.82,1.21,1.09,,,,,2026-02-13,110.0,25.4,False,-25.12,False,False,14.47,-23.44,False,,,,,,,,,,,,,,,,,,,,0.59,0.88,0.01,27.55,39.88,41.23,-24.86,-34.98,26.19
7692.T,アースインフィニティ,2026-07-28,78.0,80.0,133.0,False,-39.85,1.03,0.31,,,,,2025-06-13,273.0,-34.45,False,-19.35,False,False,7.76,-20.21,False,,,,,,,,,,,,,,,,,,,,0.69,0.78,0.77,24.74,31.13,44.7,-19.59,-25.0,-32.17
7238.T,曙ブレーキ工業,2026-07-28,107.0,110.0,183.0,False,-39.89,1.55,0.87,,,,,2026-02-13,110.0,-0.93,False,-10.74,False,False,12.84,-21.48,False,,,,,,,,,,,,,,,,,,,,0.71,0.43,0.06,21.48,39.77,39.77,-14.4,-13.01,0.94
9708.T,帝国ホテル,2026-07-28,997.0,1004.0,1671.0,False,-39.92,0.79,1.11,,,,,2026-03-27,82.0,1.22,False,-17.87,True,False,10.31,-22.93,False,,,,,,,,,,,,,,,,,,,,0.61,0.72,0.07,22.36,40.06,40.06,-19.21,-28.58,2.15
9818.T,大丸エナウィン,2026-07-27,1524.0,1529.0,2547.0,False,-39.97,1.43,1.04,,,,,2026-01-22,124.0,-16.72,False,-10.48,False,False,7.89,-14.4,False,diverging,,-11.76,-1.96,,True,,,,,,,,,,,,2026-06-08,,0.93,0.65,0.03,24.21,39.21,39.21,-18.37,-29.67,-16.72
7363.T,ベビーカレンダー,2026-07-28,1200.0,1200.0,2000.0,False,-40.0,1.73,1.39,,,,,2025-11-14,169.0,-18.7,False,-13.31,False,False,4.97,-10.14,False,,,,,,,,,,,,,,,,,,,,0.42,0.89,0.79,20.63,38.35,48.45,-4.76,-24.76,-18.97
3174.T,ハピネス・アンド・ディ,2026-07-28,439.0,450.0,750.0,False,-40.0,1.36,2.15,,,,,2022-12-29,873.0,-39.28,False,-23.49,False,False,7.49,-21.21,False,,,,,,,,,,,,,,,,,,,,0.79,0.79,0.83,31.7,37.4,44.14,-25.97,-30.32,-39.2
6264.T,マルマエ,2026-07-28,1832.0,1930.0,3220.0,False,-40.06,0.43,1.21,,,,,2026-06-19,26.0,134.42,True,12.83,True,False,21.3,-34.99,False,,,,,,,,,,,,,,,,,,,,0.0,0.59,0.91,41.0,41.0,41.0,-7.71,37.74,136.85
1435.T,ｒｏｂｏｔ　ｈｏｍｅ,2026-07-28,163.0,166.0,277.0,False,-40.07,1.04,0.78,,,,,2026-02-13,110.0,5.84,False,-11.06,False,True,13.31,-18.81,False,,,,,,,,,,,,,,,,,,,,0.32,0.22,0.0,25.37,32.6,32.6,-20.49,-3.55,7.24
1436.T,グリーンエナジー＆カンパニー,2026-07-28,1284.0,1308.0,2184.0,False,-40.11,0.46,0.47,,,,,2026-05-21,47.0,73.67,True,14.96,True,False,19.8,-21.43,False,diverging,,-8.55,-0.34,,True,,,,,,,,,,,,2026-07-03,,0.18,0.48,0.73,40.35,40.35,40.35,-6.39,55.51,74.93
523A.T,セイワホールディングス,2026-07-28,1435.0,1545.0,2580.0,False,-40.12,0.93,0.89,,,,,,,,,,,False,,,False,,,,,,,,,,,,,,,,,,,,0.7,,,42.99,,,-24.27,,
3446.T,ジェイテックコーポレーション,2026-07-28,1459.0,1505.0,2514.0,False,-40.14,0.77,1.54,,,,,2026-02-17,108.0,34.97,False,-11.57,True,False,25.05,-21.14,False,,,,,,,,,,,,,,,,,,,,0.43,0.03,0.49,30.93,41.9,41.9,-28.9,10.45,30.62
7814.T,日本創発グループ,2026-07-28,643.0,650.0,1087.0,False,-40.2,0.95,1.57,,,,,2025-08-25,224.0,20.41,False,-7.45,False,True,19.82,-17.58,False,crossed,16.0,,,-2.23,False,0.05,narrowing,False,,-19.32,628.0,797.0,2026-01-07,-21.2,True,2026-07-03,2025-11-18,,0.58,0.36,0.28,10.12,29.87,44.77,8.43,-15.17,20.41
143A.T,イシン,2026-07-27,673.0,685.0,1146.0,False,-40.23,1.95,0.28,,,,,,,-34.53,False,-16.2,False,True,3.67,-10.1,False,imminent,,-1.45,,,False,,,,,,,,,,,,2025-09-03,,0.11,0.75,0.93,16.32,26.64,42.23,-7.68,-17.93,-35.1
9647.T,協和コンサルタンツ,2026-07-28,6230.0,6510.0,10900.0,False,-40.28,4.59,2.2,,,,,2026-01-19,128.0,-0.64,False,-17.54,True,False,10.1,-12.85,False,,,,,,,,,,,,,,,,,,,,0.66,0.84,0.16,24.3,33.72,37.7,-24.12,-33.72,-0.16
366A.T,ウェルネス・コミュニケーションズ,2026-07-28,1015.0,1041.0,1745.0,False,-40.34,1.7,0.56,,,,,,,-34.3,False,-9.76,False,True,7.72,-15.65,False,crossed,57.0,,,-2.73,False,-5.08,widening,False,,-12.8,953.0,1164.0,2026-01-19,-18.13,False,2026-05-07,2025-10-30,,0.1,0.27,0.7,9.82,16.36,46.26,-1.26,-7.22,-32.33
4478.T,フリー,2026-07-28,2539.0,2582.0,4330.0,False,-40.37,0.76,1.0,,,,,2025-08-05,237.0,-32.29,False,-1.87,False,True,14.58,-24.06,False,crossed,1.0,,,,True,,,False,,-20.9,2550.0,3210.0,2026-01-15,-20.56,False,2026-07-27,2026-06-15,,0.0,0.06,0.79,25.43,37.53,56.45,11.31,-14.4,-32.56
6616.T,トレックス・セミコンダクター,2026-07-28,1691.0,1781.0,2990.0,False,-40.43,0.92,0.73,,,,,2026-05-29,41.0,13.64,False,-7.44,True,False,20.32,-34.43,False,,,,,,,,,,,,,,,,,,,,0.1,0.54,0.47,41.59,41.59,41.59,-10.58,6.35,10.02
7093.T,アディッシュ,2026-07-28,543.0,544.0,915.0,False,-40.55,0.27,1.28,,,,,2025-03-03,343.0,-9.35,False,-2.03,False,True,9.94,-14.41,False,imminent,,-2.21,,,False,,,,,,,,,,,,2026-04-15,,0.13,0.72,0.44,12.66,23.23,45.66,0.37,-2.69,-5.89
7689.T,コパ・コーポレーション,2026-07-28,315.0,315.0,530.0,False,-40.57,1.51,0.47,,,,,2024-02-19,595.0,-39.77,False,-26.19,False,False,9.47,-26.6,False,,,,,,,,,,,,,,,,,,,,0.89,0.77,0.69,33.79,43.31,45.66,-27.42,-24.1,-37.62
3900.T,クラウドワークス,2026-07-28,673.0,681.0,1147.0,False,-40.63,0.46,0.83,,,,,2023-02-16,841.0,-38.54,False,-6.23,False,True,8.55,-13.51,False,imminent,,-0.31,,,False,,,,,,,,,,,,2025-09-16,,0.03,0.49,0.91,20.52,30.92,51.15,8.55,-15.24,-36.09
6425.T,ユニバーサルエンターテインメント,2026-07-28,651.0,659.0,1110.0,False,-40.63,0.91,0.79,,,,,2023-04-14,802.0,-33.77,False,-14.46,False,False,8.24,-14.29,False,diverging,,-8.75,-0.43,,True,,,,,,,,,,,,2026-06-16,,0.57,0.35,0.73,27.06,27.06,44.09,-13.66,-19.43,-32.47
7906.T,ヨネックス,2026-07-28,2604.0,2669.0,4505.0,False,-40.75,0.52,1.05,,,,,2025-08-14,231.0,-13.77,False,-16.98,False,True,16.24,-20.46,False,,,,,,,,,,,,,,,,,,,,0.05,0.78,0.6,19.52,44.86,50.41,-5.34,-22.27,-15.18
160A.T,アズパートナーズ,2026-07-28,2061.0,2103.0,3550.0,False,-40.76,1.16,0.62,,,,,2025-10-09,193.0,-23.84,False,-13.05,False,True,11.43,-17.84,False,imminent,,-1.45,,,False,,,,,,,,,,,,2025-11-12,,0.01,0.75,0.82,12.72,25.49,44.97,-0.72,-17.92,-25.08
5285.T,ヤマックス,2026-07-28,1323.0,1350.0,2280.0,False,-40.79,0.82,0.6,,,,,2025-09-08,214.0,-26.3,False,-21.34,False,True,6.78,-13.11,False,imminent,,-1.78,,,False,,,,,,,,,,,,2026-03-02,,0.04,0.81,0.76,21.22,45.12,45.89,-11.45,-38.29,-24.53
9159.T,Ｗ　ＴＯＫＹＯ,2026-07-28,1920.0,1930.0,3260.0,False,-40.8,0.68,0.32,,,,,2025-08-25,224.0,14.35,True,1.54,False,False,24.63,-15.21,False,diverging,,-5.08,-0.18,,True,,,,,,,,,,,,2026-06-23,,0.65,0.19,0.04,14.04,31.28,46.57,-8.92,14.15,16.01
262A.T,インターメスティック,2026-07-28,1874.0,1894.0,3200.0,False,-40.81,1.14,0.81,,,,,,,-1.99,False,-7.6,False,False,14.6,-21.17,False,diverging,,-4.17,-0.25,,True,,,,,,,,,,,,2026-07-21,,0.08,0.08,0.28,22.29,22.29,45.64,-9.86,3.54,-2.04
4572.T,カルナバイオサイエンス,2026-07-28,297.0,303.0,512.0,False,-40.82,0.63,1.17,,,,,2026-01-20,127.0,-2.62,False,-11.77,True,False,21.12,-28.43,False,diverging,,-18.16,-0.07,,True,,,,,,,,,,,,2026-06-24,,0.68,0.0,0.44,36.81,36.81,42.66,-26.49,-31.88,-0.34
2656.T,ベクターホールディングス,2026-07-28,152.0,155.0,262.0,False,-40.84,1.76,0.98,,,,,2026-04-06,76.0,12.59,True,0.08,True,False,15.25,-16.39,False,diverging,,-11.51,-0.11,,True,,,,,,,,,,,,2026-06-24,,0.64,0.22,0.54,26.83,30.23,30.3,-17.39,17.83,17.83
4015.T,ペイクラウドホールディングス,2026-07-28,521.0,541.0,916.0,False,-40.94,0.7,1.29,,,,,2025-06-26,264.0,-32.69,True,4.7,False,True,8.74,-22.88,False,crossed,39.0,,,-0.42,False,3.65,narrowing,True,30.0,-3.87,471.0,542.0,2026-01-09,-13.1,False,2026-06-02,2026-02-16,,0.66,0.11,0.58,10.91,22.78,49.43,11.32,4.83,-34.13
4932.T,アルマード,2026-07-28,704.0,708.0,1200.0,False,-41.0,0.82,0.55,,,,,2024-03-07,583.0,-33.9,False,-22.7,False,True,7.95,-16.52,False,imminent,,-0.72,,,False,,,,,,,,,,,,2026-02-25,,0.01,0.79,0.78,14.68,48.49,48.67,0.28,-38.94,-34.39
5248.T,テクノロジーズ,2026-07-28,535.0,545.0,925.0,False,-41.08,1.47,0.88,,,,,2025-06-23,267.0,-38.72,True,1.39,False,True,10.16,-19.78,False,crossed,17.0,,,2.92,True,1.81,widening,False,,-11.28,513.0,603.0,2026-01-20,-14.93,False,2026-07-02,2026-06-17,,0.24,0.02,0.7,22.67,29.28,49.28,16.05,-10.98,-36.16
4198.T,テンダ,2026-07-28,494.0,494.0,839.0,False,-41.12,1.66,0.78,,,,,2025-01-07,379.0,-39.01,False,-11.63,False,False,4.44,-13.31,False,diverging,,-6.04,-2.75,,True,,,,,,,,,,,,2026-06-01,,0.8,0.65,0.87,13.21,15.62,39.48,-10.99,-10.83,-38.48
7096.T,ステムセル研究所,2026-07-28,724.0,732.0,1245.0,False,-41.2,0.34,0.45,,,,,2023-07-04,748.0,-24.27,False,-7.58,False,True,8.69,-15.73,False,crossed,7.0,,,-3.32,False,-4.75,widening,False,,-20.35,752.0,909.0,2026-02-27,-17.27,False,2026-07-16,2026-04-06,,0.13,0.55,0.72,16.18,29.92,42.41,-4.74,-13.6,-34.54
6167.T,冨士ダイス,2026-07-28,929.0,949.0,1615.0,False,-41.24,1.54,1.06,,,,,2026-02-17,108.0,21.12,False,-7.79,True,False,11.56,-14.19,False,,,,,,,,,,,,,,,,,,,,0.29,0.65,0.38,12.03,40.79,40.79,-7.1,-13.1,22.08
5578.T,ＡＲアドバンストテクノロジ,2026-07-28,796.0,808.0,1376.0,False,-41.28,0.46,3.62,,,,,2026-01-13,132.0,-12.27,False,-21.79,False,True,14.46,-15.9,False,,,,,,,,,,,,,,,,,,,,0.38,0.26,0.15,26.94,38.21,42.44,-24.76,-33.78,-7.19
4397.T,チームスピリット,2026-07-28,385.0,390.0,665.0,False,-41.35,0.64,1.23,,,,,2025-09-25,203.0,-29.74,False,-14.32,False,True,9.06,-18.18,False,imminent,,-1.44,,,False,,,,,,,,,,,,2025-11-05,,0.02,0.7,0.83,13.79,28.28,45.74,-5.17,-19.46,-27.9
5987.T,オーネックス,2026-07-28,1681.0,1681.0,2866.0,False,-41.35,0.47,0.78,,,,,2025-04-21,309.0,-6.09,False,-6.51,False,False,9.47,-13.23,False,,,,,,,,,,,,,,,,,,,,0.34,0.16,0.01,19.23,19.23,44.17,-1.7,1.27,-6.61
9127.T,玉井商船,2026-07-28,2807.0,2808.0,4790.0,False,-41.38,1.42,0.67,,,,,2026-02-27,101.0,7.96,False,-11.36,True,False,17.42,-34.54,False,,,,,,,,,,,,,,,,,,,,0.74,0.62,0.13,19.08,42.27,42.27,-13.36,-13.63,15.75
6981.T,村田製作所,2026-07-28,7121.0,7558.0,12895.0,False,-41.39,0.96,0.81,,,,,2026-06-22,25.0,235.34,True,40.56,True,False,32.37,-37.51,False,,,,,,,,,,,,,,,,,,,,0.41,0.84,0.82,41.87,41.87,41.87,44.27,113.59,232.83
7826.T,フルヤ金属,2026-07-28,6100.0,6450.0,11010.0,False,-41.42,1.15,0.82,,,,,2026-05-15,51.0,144.39,True,4.8,True,False,27.91,-24.69,False,,,,,,,,,,,,,,,,,,,,0.32,0.37,0.88,43.2,43.2,43.2,-17.79,56.81,144.59
9823.T,マミーマートホールディングス,2026-07-28,1049.0,1055.0,1803.0,False,-41.49,0.76,0.95,,,,,2026-03-03,99.0,-7.98,False,-21.49,False,True,14.68,-20.17,False,,,,,,,,,,,,,,,,,,,,0.17,0.78,0.21,14.92,44.98,44.98,-9.02,-30.58,-7.98
7865.T,ピープル,2026-07-28,336.0,337.0,576.0,False,-41.49,0.83,0.68,,,,,2022-09-27,937.0,-38.91,False,-18.19,False,False,4.99,-11.38,False,,,,,,,,,,,,,,,,,,,,0.9,0.86,0.91,18.54,23.74,41.81,-17.85,-22.04,-40.64
8929.T,青山財産ネットワークス,2026-07-28,1274.0,1283.0,2194.0,False,-41.52,0.67,0.98,,,,,2025-08-25,224.0,-29.5,False,-16.33,False,False,8.51,-16.13,False,diverging,,-3.89,-0.25,,True,,,,,,,,,,,,2026-06-23,,0.63,0.38,0.82,18.38,21.84,44.92,-6.25,-15.96,-28.51
2884.T,ヨシムラ・フード・ホールディングス,2026-07-28,619.0,625.0,1069.0,False,-41.53,0.64,1.16,,,,,2024-09-20,449.0,-41.33,False,-18.4,False,True,16.67,-27.86,False,,,,,,,,,,,,,,,,,,,,0.28,0.76,0.23,13.99,44.34,44.34,-8.7,-27.35,-41.05
4058.T,トヨクモ,2026-07-28,2206.0,2219.0,3795.0,False,-41.53,0.96,0.87,,,,,2025-08-15,230.0,-30.41,False,-3.8,False,True,11.53,-22.68,False,crossed,47.0,,,-0.15,False,-1.99,narrowing,False,,-22.49,2059.0,2846.0,2026-01-09,-27.65,True,2026-05-21,2025-09-26,,0.31,0.0,0.75,15.46,39.81,57.25,20.09,-16.34,-30.41
6946.T,日本アビオニクス,2026-07-28,4980.0,5260.0,9000.0,False,-41.56,0.72,1.01,,,,,2026-03-11,93.0,29.18,False,-12.17,True,False,18.03,-20.27,False,,,,,,,,,,,,,,,,,,,,0.68,0.44,0.28,30.59,47.84,47.84,-23.74,-7.61,26.08
3891.T,ニッポン高度紙工業,2026-07-28,6040.0,6480.0,11110.0,False,-41.67,1.18,0.47,,,,,2026-06-18,27.0,245.93,True,26.53,True,False,30.4,-37.8,False,,,,,,,,,,,,,,,,,,,,0.19,0.8,0.91,43.81,43.81,43.81,17.28,65.25,241.82
7859.T,アルメディオ,2026-07-28,205.0,215.0,369.0,False,-41.73,1.71,0.29,,,,,2026-04-22,64.0,-9.29,False,-9.01,False,False,17.89,-22.19,False,diverging,,-18.6,-0.46,,True,,,,,,,,,,,,2026-06-23,,0.79,0.1,0.15,36.14,42.25,42.64,-36.14,7.89,-6.82
4591.T,リボミック,2026-07-28,71.0,74.0,127.0,False,-41.73,0.21,6.41,,,,,2025-06-19,269.0,-38.79,False,-13.09,False,True,9.73,-12.86,False,,,,,,,,,,,,,,,,,,,,0.07,0.51,0.59,29.27,46.3,51.26,-13.41,-21.11,-35.45
4263.T,サスメド,2026-07-28,696.0,717.0,1231.0,False,-41.75,0.85,0.45,,,,,2026-03-13,91.0,16.0,False,-21.71,False,True,15.23,-24.67,False,,,,,,,,,,,,,,,,,,,,0.17,0.55,0.02,40.62,46.82,46.82,-26.27,-27.58,13.54
6996.T,ニチコン,2026-07-28,2770.0,2890.0,4965.0,False,-41.79,0.51,0.83,,,,,2026-06-19,26.0,127.42,True,20.88,True,False,24.15,-33.25,False,,,,,,,,,,,,,,,,,,,,0.16,0.73,0.81,41.93,41.93,41.93,19.24,56.23,128.17
9348.T,ｉｓｐａｃｅ,2026-07-28,406.0,413.0,710.0,False,-41.83,0.82,0.7,,,,,2025-05-16,293.0,-26.85,False,-19.46,False,False,21.53,-33.08,False,diverging,,-14.25,-0.11,,True,,,,,,,,,,,,2026-07-02,,0.32,0.4,0.04,41.92,41.92,41.92,-14.71,-23.11,-27.11
7072.T,インティメート・マージャー,2026-07-28,1029.0,1029.0,1769.0,False,-41.83,0.18,0.23,,,,,2025-09-03,217.0,23.83,False,-3.43,False,False,14.51,-19.05,False,crossed,41.0,,,-1.8,False,-4.61,widening,False,,-28.39,1000.0,1437.0,2026-05-25,-30.41,True,2026-05-29,2025-11-25,,0.21,0.0,0.3,34.24,34.24,51.55,21.34,-8.78,18.96
7320.T,Ｓｏｌｖｖｙ,2026-07-28,1411.0,1421.0,2443.0,False,-41.83,1.43,0.39,,,,,2025-10-02,198.0,-14.28,False,-13.33,False,False,14.13,-28.46,False,diverging,,-8.35,-0.06,,True,,,,,,,,,,,,2026-06-22,,0.38,0.01,0.39,28.35,28.35,44.08,-12.36,-5.37,-13.44
423A.T,ライオン事務器,2026-07-28,309.0,310.0,533.0,False,-41.84,0.8,0.59,,,,,,,,,,,True,6.06,-8.14,False,,,,,,,,,,,,,,,,,,,,0.06,0.77,,3.9,19.35,,0.32,-14.64,
9330.T,揚羽,2026-07-28,867.0,875.0,1505.0,False,-41.86,1.06,1.01,,,,,2025-08-12,233.0,11.15,True,3.58,False,True,5.02,-5.64,False,crossed,7.0,,,0.0,False,-1.02,widening,False,,-5.86,867.0,921.0,2026-02-25,-5.86,False,2026-07-16,2026-05-07,,0.5,0.0,0.01,1.95,9.12,35.85,1.76,7.04,11.3
2370.T,メディネット,2026-07-28,24.0,25.0,43.0,False,-41.86,1.8,0.59,,,,,2022-09-15,943.0,-40.0,False,-19.08,False,False,6.77,-17.86,False,,,,,,,,,,,,,,,,,,,,0.75,0.85,0.88,20.69,32.35,42.5,-17.24,-25.0,-36.84
2323.T,ｆｏｎｆｕｎ,2026-07-28,269.0,275.0,473.0,False,-41.86,1.11,0.74,,,,,2026-01-30,119.0,79.33,False,-16.88,True,False,25.65,-32.41,False,diverging,,-19.18,-0.97,,True,,,,,,,,,,,,2026-06-23,,0.6,0.56,0.41,41.53,44.49,44.49,-25.48,-36.0,82.99
6572.T,オープングループ,2026-07-28,242.0,243.0,418.0,False,-41.87,0.63,3.5,,,,,2025-08-25,224.0,-34.24,False,-6.5,False,True,9.82,-16.37,False,crossed,5.0,,,-7.98,False,-8.73,,False,,-21.94,263.0,310.0,2026-01-06,-15.16,False,2026-07-21,2025-10-20,,0.24,0.29,0.88,10.96,28.83,53.01,11.01,-11.68,-31.05
2183.T,リニカル,2026-07-28,207.0,211.0,363.0,False,-41.87,0.65,0.74,,,,,2023-06-13,763.0,-38.02,False,-25.84,False,False,7.69,-19.94,False,,,,,,,,,,,,,,,,,,,,0.71,0.92,0.81,20.0,37.69,44.29,-17.2,-34.91,-37.84
9984.T,ソフトバンクグループ,2026-07-28,5062.0,5270.0,9074.0,False,-41.92,1.07,0.74,,,,,2026-06-02,39.0,97.35,False,-1.08,True,False,28.93,-37.83,False,,,,,,,,,,,,,,,,,,,,0.01,0.56,0.33,41.36,41.36,48.64,-15.11,17.04,93.48
1888.T,若築建設,2026-07-28,3505.0,3580.0,6170.0,False,-41.98,1.4,1.16,,,,,2025-08-26,223.0,-22.88,False,-17.0,False,True,8.78,-17.67,False,,,,,,,,,,,,,,,,,,,,0.26,0.87,0.78,15.59,39.72,47.54,-3.18,-27.43,-22.88
7064.T,ハウテレビジョン,2026-07-28,870.0,870.0,1500.0,False,-42.0,0.68,0.18,,,,,2026-01-08,134.0,-28.13,False,-16.1,False,True,12.47,-32.66,False,crossed,3.0,,,,False,,,False,,-37.81,866.0,1399.0,2026-01-08,-38.1,False,2026-07-23,2026-03-17,,0.02,0.66,0.61,16.16,43.67,48.14,-2.03,-27.56,-30.06
5381.T,マイポックス,2026-07-28,743.0,797.0,1377.0,False,-42.12,1.09,0.62,,,,,2026-05-14,52.0,44.55,False,-4.16,True,False,26.86,-30.63,False,diverging,,-12.99,-0.07,,True,,,,,,,,,,,,2026-07-08,,0.49,0.24,0.7,43.28,43.28,43.28,-38.39,48.01,46.26
215A.T,タイミー,2026-07-28,1414.0,1448.0,2502.0,False,-42.13,0.43,0.78,,,,,2025-08-22,225.0,-29.37,True,5.79,False,True,16.53,-36.31,False,crossed,21.0,,,13.96,True,-7.34,widening,True,1.0,-6.79,1476.0,1517.0,2026-06-18,-2.7,False,2026-06-26,2026-05-14,,0.51,0.1,0.44,22.45,27.2,58.04,9.19,4.43,-30.21
6772.T,東京コスモス電機,2026-07-28,1070.0,1092.0,1888.0,False,-42.16,1.68,0.74,,,,,2025-07-03,259.0,-42.96,False,-23.97,False,False,5.0,-16.48,False,,,,,,,,,,,,,,,,,,,,0.7,0.8,0.91,18.69,32.2,44.5,-13.08,-25.69,-42.16
6493.T,ＮＩＴＴＡＮ,2026-07-28,462.0,471.0,816.0,False,-42.28,0.92,0.98,,,,,2026-01-23,124.0,27.27,False,-23.99,False,False,17.73,-24.14,False,,,,,,,,,,,,,,,,,,,,0.64,0.92,0.0,29.73,45.16,45.16,-23.38,-41.22,24.86
6029.T,アトラグループ,2026-07-28,198.0,203.0,352.0,False,-42.33,0.49,1.74,,,,,2025-08-15,230.0,11.24,True,14.07,False,True,14.7,-18.85,False,crossed,61.0,,,2.82,False,-0.69,narrowing,False,,-12.0,177.0,225.0,2026-04-23,-21.33,False,2026-04-27,2026-02-19,,0.02,0.44,0.04,19.18,22.73,59.4,1.54,14.45,16.47
5268.T,旭コンクリート工業,2026-07-28,828.0,807.0,1400.0,False,-42.36,0.2,0.57,,,,,2025-09-05,215.0,31.43,False,-12.46,False,False,17.12,-21.2,False,diverging,,-8.19,-1.83,,True,,,,,,,,,,,,2026-06-04,,0.87,0.73,0.06,22.68,27.21,37.23,-18.34,-21.67,32.06
6016.T,ジャパンエンジンコーポレーション,2026-07-28,9330.0,9850.0,17090.0,False,-42.36,1.33,1.37,,,,,2026-02-18,107.0,32.53,False,-21.25,False,True,19.95,-30.0,False,,,,,,,,,,,,,,,,,,,,0.38,0.79,0.0,42.34,53.53,53.53,-26.3,-31.75,32.72
8226.T,理経,2026-07-28,347.0,359.0,623.0,False,-42.38,0.93,0.8,,,,,2026-02-09,113.0,-3.34,False,-25.21,False,False,15.06,-19.67,False,,,,,,,,,,,,,,,,,,,,0.67,0.85,0.0,30.88,40.07,43.76,-30.18,-33.9,-3.61
9162.T,ブリーチ,2026-07-28,233.0,239.0,415.0,False,-42.41,1.85,0.23,,,,,2025-03-04,342.0,-32.07,False,-15.4,False,False,6.31,-13.32,False,,,,,,,,,,,,,,,,,,,,0.61,0.7,0.89,11.49,25.72,42.39,-5.67,-25.08,-29.82
3858.T,ユビキタスＡＩ,2026-07-28,289.0,292.0,507.0,False,-42.41,0.3,0.28,,,,,2024-03-06,584.0,-23.34,False,-17.93,False,False,11.19,-21.58,False,diverging,,-9.76,-0.01,,True,,,,,,,,,,,,2026-06-22,,0.49,0.64,0.37,27.3,30.83,43.34,-11.89,-28.64,-22.1
3436.T,ＳＵＭＣＯ,2026-07-28,3226.0,3419.0,5939.0,False,-42.43,0.76,1.68,,,,,2026-07-13,10.0,175.37,True,40.46,True,True,25.19,-21.84,False,crossed,125.0,,,-7.43,True,65.86,narrowing,,,,1696.0,,,,True,2026-01-22,2025-11-28,,0.48,0.87,0.75,39.21,39.21,39.21,43.89,90.21,170.86
369A.T,エータイ,2026-07-28,2226.0,2285.0,3975.0,False,-42.52,1.06,0.86,,,,,,,-29.0,False,-17.96,False,True,9.21,-16.53,False,imminent,,-2.28,,,False,,,,,,,,,,,,2025-12-02,,0.1,0.68,0.7,23.2,34.23,50.05,-11.88,-25.05,-25.8
4072.T,電算システムホールディングス,2026-07-28,2898.0,2925.0,5090.0,False,-42.53,0.49,0.63,,,,,2025-08-25,224.0,11.38,False,-9.43,False,False,11.68,-10.11,False,imminent,,-1.1,,,False,,,,,,,,,,,,2026-01-13,,0.0,0.43,0.17,10.26,21.21,42.53,1.12,-15.26,11.42
9564.T,ＦＣＥ,2026-07-28,547.0,550.0,957.0,False,-42.53,0.77,0.7,,,,,2025-08-19,228.0,-28.59,False,-5.98,False,True,8.73,-19.3,False,crossed,9.0,,,0.58,False,4.1,widening,False,,-25.27,519.0,732.0,2026-01-07,-29.1,True,2026-07-14,2025-09-30,,0.34,0.39,0.87,14.12,36.75,54.04,13.49,-18.72,-29.6
4031.T,片倉コープアグリ,2026-07-28,1046.0,1067.0,1858.0,False,-42.57,0.89,0.47,,,,,2026-03-31,80.0,9.19,False,-1.59,True,False,16.28,-15.14,False,diverging,,-8.34,-2.74,,True,,,,,,,,,,,,2026-06-12,,0.55,0.0,0.27,31.45,45.2,45.2,-15.44,6.19,9.19
7887.T,南海プライウッド,2026-07-28,1539.0,1539.0,2680.0,False,-42.57,0.07,0.66,,,,,2026-02-16,109.0,26.77,False,-13.59,True,False,15.03,-25.16,False,,,,,,,,,,,,,,,,,,,,0.58,0.74,0.2,33.4,42.42,42.42,-22.78,-21.56,26.15
228A.T,オプロ,2026-07-28,1610.0,1661.0,2897.0,False,-42.66,1.61,0.41,,,,,2025-09-25,203.0,5.71,False,-13.92,False,False,15.3,-23.63,False,crossed,42.0,,,16.6,False,-6.54,widening,False,,-37.81,1590.0,2589.0,2026-01-08,-38.59,True,2026-05-28,2025-12-23,,0.26,0.02,0.15,16.29,34.58,47.32,-2.48,-22.78,5.3
6552.T,ＧａｍｅＷｉｔｈ,2026-07-28,167.0,169.0,295.0,False,-42.71,0.23,2.53,,,,,2026-04-10,72.0,-20.48,False,-10.16,False,False,8.16,-9.41,False,diverging,,-6.76,-0.18,,True,,,,,,,,,,,,2026-06-18,,0.29,0.11,0.16,24.2,37.36,37.36,-22.69,-9.73,-18.54
4429.T,リックソフト,2026-07-28,700.0,704.0,1230.0,False,-42.76,0.78,0.44,,,,,2022-10-12,927.0,-16.67,False,-22.01,False,False,12.1,-14.23,False,,,,,,,,,,,,,,,,,,,,0.72,0.89,0.48,18.22,30.83,41.96,-18.22,-30.83,-13.69
5805.T,ＳＷＣＣ,2026-07-28,10740.0,11190.0,19570.0,False,-42.82,1.05,0.75,,,,,2026-05-13,53.0,35.26,False,-11.86,True,False,21.49,-22.07,False,diverging,,-16.09,-0.92,,True,,,,,,,,,,,,2026-06-16,,0.73,0.03,0.65,44.98,44.98,44.98,-30.71,-6.45,32.27
4178.T,Ｓｈａｒｉｎｇ　Ｉｎｎｏｖａｔｉｏｎｓ,2026-07-28,505.0,511.0,894.0,False,-42.84,0.68,1.66,,,,,2025-04-28,304.0,-41.55,False,-14.09,False,False,4.7,-12.86,False,diverging,,-2.77,-2.32,,False,,,,,,,,,,,,2025-09-11,,0.65,0.83,0.93,8.91,20.73,40.85,-8.18,-16.94,-40.38
7074.T,トゥエンティーフォーセブンホールディングス,2026-07-28,179.0,180.0,315.0,False,-42.86,0.27,0.74,,,,,2025-02-19,350.0,-32.96,False,-15.38,False,True,10.06,-17.81,False,,,,,,,,,,,,,,,,,,,,0.11,0.79,0.88,19.21,29.61,45.15,-10.95,-17.89,-32.2
3914.T,ＪＩＧ－ＳＡＷ,2026-07-28,2391.0,2449.0,4290.0,False,-42.91,0.82,0.52,,,,,2023-06-19,759.0,-9.09,False,-8.53,False,False,22.57,-29.88,False,diverging,,-4.14,-0.57,,True,,,,,,,,,,,,2026-06-19,,0.27,0.16,0.08,26.98,26.98,44.61,0.67,-12.58,-8.5
6537.T,ＷＡＳＨハウス,2026-07-28,304.0,307.0,538.0,False,-42.94,0.57,0.84,,,,,2025-08-15,230.0,-26.21,False,-14.49,False,False,7.81,-12.93,False,,,,,,,,,,,,,,,,,,,,0.46,0.72,0.59,16.11,32.74,43.96,-14.85,-15.56,-25.67
9501.T,東京電力ホールディングス,2026-07-28,520.9,535.8,939.4,False,-42.96,1.36,0.85,,,,,2025-11-13,170.0,1.64,False,-18.95,False,False,15.62,-18.31,False,,,,,,,,,,,,,,,,,,,,0.64,0.69,0.41,30.1,36.35,51.28,-10.91,-25.1,0.85
3907.T,シリコンスタジオ,2026-07-28,1035.0,1248.0,2190.0,False,-43.01,4.27,1.88,,,,,2026-05-27,43.0,10.11,True,25.67,False,False,43.91,-35.72,False,,,,,,,,,,,,,,,,,,,,0.01,0.26,0.04,68.83,68.83,68.83,74.83,41.98,13.49
4351.T,山田再生系債権回収総合事務所,2026-07-28,851.0,854.0,1500.0,False,-43.07,0.33,0.51,,,,,2026-05-18,50.0,0.47,False,-5.6,False,False,6.59,-11.63,False,diverging,,-9.02,-0.4,,True,,,,,,,,,,,,2026-07-02,,0.53,0.05,0.16,36.57,36.57,36.57,-4.81,-19.26,0.59
4642.T,オリジナル設計,2026-07-28,1402.0,1420.0,2495.0,False,-43.09,0.95,0.71,,,,,2025-08-29,220.0,-6.72,False,-8.3,False,False,16.76,-19.19,False,diverging,,-3.5,-1.3,,True,,,,,,,,,,,,2026-06-04,,0.77,0.49,0.46,11.11,11.11,41.1,-7.64,-8.78,-6.6
7717.T,ブイ・テクノロジー,2026-07-28,5360.0,5790.0,10180.0,False,-43.12,0.83,0.83,,,,,2026-06-26,21.0,84.19,True,18.75,True,True,27.12,-41.1,False,crossed,115.0,,,13.84,False,46.07,narrowing,True,2.0,62.92,3180.0,3290.0,2026-01-22,-3.34,False,2026-02-05,2025-11-27,,0.48,0.82,0.76,42.86,42.86,42.86,8.94,62.92,83.69
261A.T,日水コン,2026-07-28,2015.0,2044.0,3595.0,False,-43.14,0.39,1.01,,,,,,,-28.57,False,-14.34,False,False,5.2,-11.63,False,,,,,,,,,,,,,,,,,,,,0.72,0.8,0.85,16.09,22.74,44.22,-9.76,-18.26,-27.6
4344.T,ソースネクスト,2026-07-28,111.0,112.0,197.0,False,-43.15,0.71,0.7,,,,,2024-03-13,579.0,-37.29,False,-18.69,False,False,6.25,-14.17,False,,,,,,,,,,,,,,,,,,,,0.64,0.72,0.92,25.37,33.33,48.72,-11.2,-21.28,-35.84
145A.T,Ｌ　ｉｓ　Ｂ,2026-07-28,851.0,877.0,1543.0,False,-43.16,0.71,0.58,,,,,2025-09-03,217.0,-17.46,False,-7.65,False,False,13.22,-20.37,False,imminent,,-1.92,,,True,,,,,,,,,,,,2026-06-25,,0.16,0.35,0.72,14.99,32.56,50.2,5.45,-20.32,-14.81
6524.T,湖北工業,2026-07-28,4120.0,4395.0,7740.0,False,-43.22,1.05,0.76,,,,,2026-05-14,52.0,54.71,False,-3.72,True,False,19.88,-22.56,False,diverging,,-13.5,-0.36,,True,,,,,,,,,,,,2026-07-10,,0.64,0.37,0.76,41.23,41.23,41.23,-17.93,33.98,53.27
4062.T,イビデン,2026-07-28,14755.0,15590.0,27480.0,False,-43.27,0.84,0.92,,,,,2026-07-01,18.0,375.97,True,33.17,True,False,37.45,-38.04,False,,,,,,,,,,,,,,,,,,,,0.18,0.78,0.92,44.16,44.16,44.16,17.66,72.65,358.66
3659.T,ネクソン,2026-07-28,2495.0,2510.5,4434.0,False,-43.38,0.86,0.9,,,,,2026-01-23,124.0,-9.06,False,-18.55,False,True,12.59,-15.23,False,,,,,,,,,,,,,,,,,,,,0.28,0.85,0.37,20.8,52.16,52.16,-6.01,-41.62,-8.51
5618.T,ナイル,2026-07-28,300.0,307.0,543.0,False,-43.46,0.91,1.4,,,,,,,-37.5,False,-8.33,False,True,6.01,-15.55,False,imminent,,-2.73,,,False,,,,,,,,,,,,2026-05-22,,0.22,0.43,0.85,15.85,19.77,48.7,-8.54,-4.76,-34.92
5699.T,イボキン,2026-07-28,1470.0,1488.0,2632.0,False,-43.47,0.76,0.45,,,,,2026-04-22,64.0,3.16,False,-4.42,True,False,14.48,-17.0,False,diverging,,-13.94,-1.47,,True,,,,,,,,,,,,2026-06-15,,0.77,0.01,0.3,37.02,41.96,41.96,-30.36,-7.26,3.89
184A.T,学びエイド,2026-07-28,342.0,403.0,713.0,False,-43.48,56.53,2.83,,,,,,,-40.52,False,-16.73,False,False,10.22,-20.08,False,,,,,,,,,,,,,,,,,,,,0.49,0.9,0.93,14.53,30.56,55.42,0.29,-20.09,-36.9
4480.T,メドレー,2026-07-28,1976.0,2006.0,3550.0,False,-43.49,0.49,0.88,,,,,2023-08-16,719.0,-43.22,False,-10.11,False,False,11.5,-20.45,False,diverging,,-5.11,-0.02,,True,,,,,,,,,,,,2026-06-26,,0.66,0.02,0.54,17.03,33.32,46.49,-15.01,-24.58,-39.48
6855.T,日本電子材料,2026-07-28,5440.0,5800.0,10270.0,False,-43.52,1.15,0.97,,,,,2026-02-25,103.0,141.35,False,-6.59,True,False,28.87,-35.2,False,,,,,,,,,,,,,,,,,,,,0.11,0.15,0.85,39.49,47.85,47.85,-15.53,14.53,135.7
6046.T,リンクバル,2026-07-28,125.0,127.0,225.0,False,-43.56,0.8,0.21,,,,,2026-02-10,112.0,-5.3,False,-14.69,False,True,17.2,-20.51,False,,,,,,,,,,,,,,,,,,,,0.32,0.57,0.02,34.55,49.06,49.06,-24.24,-11.35,1.63
3192.T,白鳩,2026-07-28,299.0,299.0,530.0,False,-43.58,0.32,0.67,,,,,2026-04-09,73.0,12.41,False,-7.05,True,False,19.68,-25.81,False,diverging,,-17.83,-0.5,,True,,,,,,,,,,,,2026-06-16,,0.67,0.05,0.36,43.82,46.79,46.79,-30.63,1.7,11.99
5713.T,住友金属鉱山,2026-07-28,7366.0,7502.0,13300.0,False,-43.59,0.67,0.9,,,,,2026-03-02,100.0,111.61,False,-6.69,True,False,21.61,-29.86,False,,,,,,,,,,,,,,,,,,,,0.79,0.4,0.71,37.21,47.94,47.94,-24.16,-9.95,113.63
4476.T,ＡＩ　ＣＲＯＳＳ,2026-07-28,1050.0,1057.0,1874.0,False,-43.6,0.87,0.86,,,,,2024-12-13,392.0,-37.13,False,-21.43,False,True,14.25,-34.7,False,imminent,,-2.53,,,True,,,,,,,,,,,,2026-06-15,,0.27,0.33,0.75,21.85,43.13,49.76,-0.57,-34.46,-36.71
7760.T,ＩＭＶ,2026-07-28,2224.0,2399.0,4255.0,False,-43.62,1.03,0.83,,,,,2026-03-03,99.0,37.97,False,-16.09,True,True,21.66,-32.18,False,,,,,,,,,,,,,,,,,,,,0.39,0.51,0.44,43.02,49.6,49.6,-34.68,-19.77,36.69
5858.T,ＳＴＧ,2026-07-27,1390.0,1404.0,2491.0,False,-43.64,0.29,0.35,,,,,2025-10-02,197.0,-0.71,False,-12.82,False,True,18.09,-33.38,False,crossed,5.0,,,0.72,False,-0.03,,False,,-22.13,1380.0,1785.0,2026-01-15,-22.69,False,2026-07-17,2026-03-12,,0.01,0.55,0.45,30.49,39.45,57.8,-4.14,-17.8,-1.77
5029.T,サークレイス,2026-07-28,804.0,816.0,1449.0,False,-43.69,0.71,1.05,,,,,2025-05-27,286.0,-42.74,False,-3.06,False,True,15.41,-33.19,False,crossed,43.0,,,1.65,False,2.35,widening,False,,-28.53,728.0,1125.0,2026-01-16,-35.29,False,2026-05-27,2026-02-05,,0.21,0.01,0.69,23.64,48.36,58.9,28.03,-26.91,-39.37
7991.T,マミヤ・オーピー,2026-07-28,1100.0,1111.0,1975.0,False,-43.75,1.3,0.61,,,,,2025-10-27,182.0,-24.19,False,-23.44,False,True,11.29,-12.3,False,,,,,,,,,,,,,,,,,,,,0.41,0.9,0.71,20.77,41.26,48.16,-13.32,-35.75,-24.61
6405.T,鈴茂器工,2026-07-28,1032.0,1036.0,1843.0,False,-43.79,0.37,0.89,,,,,2025-03-10,338.0,-42.18,False,-15.87,False,True,9.46,-23.22,False,,,,,,,,,,,,,,,,,,,,0.22,0.83,0.84,13.15,31.71,45.55,-7.03,-25.54,-43.14
3915.T,テラスカイ,2026-07-28,2019.0,2088.0,3715.0,False,-43.8,0.83,0.18,,,,,2026-06-04,37.0,-23.03,False,-1.35,True,False,11.02,-15.73,False,crossed,51.0,,,3.02,False,-4.96,widening,True,11.0,-12.9,1921.0,2318.0,2026-01-19,-17.13,False,2026-05-15,2026-02-20,,0.17,0.28,0.02,42.07,42.07,42.38,12.98,-11.83,-22.64
9212.T,Ｇｒｅｅｎ　Ｅａｒｔｈ　Ｉｎｓｔｉｔｕｔｅ,2026-07-28,270.0,278.0,495.0,False,-43.84,0.7,1.04,,,,,2023-06-09,765.0,-31.82,False,-27.3,False,False,7.53,-17.23,False,,,,,,,,,,,,,,,,,,,,0.56,0.72,0.48,32.9,43.26,46.95,-26.43,-31.65,-31.3
7800.T,アミファ,2026-07-28,954.0,980.0,1745.0,False,-43.84,2.28,0.94,,,,,2026-03-10,94.0,49.3,True,4.6,True,True,24.43,-20.25,False,,,,,,,,,,,,,,,,,,,,0.4,0.05,0.47,32.47,47.81,47.81,-21.42,40.5,49.3
2791.T,大黒天物産,2026-07-28,4645.0,4660.0,8300.0,False,-43.86,1.0,0.81,,,,,2024-08-27,466.0,-35.75,False,-11.62,False,True,8.18,-14.01,False,imminent,,-1.15,,,False,,,,,,,,,,,,2025-10-09,,0.02,0.69,0.93,18.85,28.76,50.55,-2.21,-10.33,-34.39
5216.T,倉元製作所,2026-07-28,158.0,160.0,285.0,False,-43.86,0.24,0.66,,,,,2024-06-13,517.0,-32.19,False,-2.98,False,True,18.92,-24.38,False,crossed,8.0,,,0.64,False,0.12,widening,False,,-37.55,156.0,253.0,2026-02-06,-38.34,True,2026-07-15,2026-04-06,,0.17,0.55,0.3,26.25,53.36,53.36,-1.25,0.0,-31.0
4382.T,ＨＥＲＯＺ,2026-07-28,696.0,705.0,1256.0,False,-43.87,1.0,0.74,,,,,2023-06-14,762.0,-31.96,False,-17.57,False,False,5.73,-14.8,False,,,,,,,,,,,,,,,,,,,,0.56,0.58,0.83,20.64,22.25,44.51,-17.73,-17.73,-30.68
9331.T,キャスター,2026-07-28,752.0,752.0,1343.0,False,-44.01,0.03,0.2,,,,,2026-06-11,32.0,-11.53,False,-4.1,False,False,8.21,-13.08,False,,,,,,,,,,,,,,,,,,,,0.03,0.06,0.14,45.57,45.57,45.57,5.62,-10.16,-12.05
2484.T,出前館,2026-07-28,131.0,132.0,236.0,False,-44.07,0.98,2.42,,,,,2024-01-16,618.0,-44.02,False,-2.52,False,True,6.87,-12.5,False,crossed,3.0,,,,False,,,False,,-10.27,135.0,146.0,2026-01-15,-7.53,False,2026-07-23,2025-07-17,,0.09,0.45,0.85,10.94,20.83,51.07,9.17,-5.07,-43.78
3936.T,グローバルウェイ,2026-07-28,152.0,156.0,279.0,False,-44.09,0.59,0.44,,,,,2025-06-17,271.0,-25.85,True,0.9,False,False,16.93,-14.81,False,diverging,,-5.34,-0.05,,True,,,,,,,,,,,,2026-07-10,,0.44,0.26,0.15,29.67,38.24,47.32,-27.27,7.04,-25.85
2978.T,ツクルバ,2026-07-28,354.0,356.0,637.0,False,-44.11,0.57,0.6,,,,,2023-09-08,702.0,-39.59,False,-19.0,False,False,6.57,-14.8,False,,,,,,,,,,,,,,,,,,,,0.86,0.9,0.93,25.99,28.36,45.37,-14.9,-24.52,-39.07
3697.T,ＳＨＩＦＴ,2026-07-28,962.6,964.6,1727.0,False,-44.15,2.02,1.22,,,,,2025-06-03,281.0,-37.31,True,18.84,False,True,17.1,-25.49,False,crossed,4.0,,,,True,,,False,,-2.22,766.5,984.5,2026-01-06,-22.14,False,2026-07-22,2026-07-07,,0.26,0.0,0.83,22.9,30.44,65.13,45.54,19.91,-37.78
3358.T,Ｔｒａｉｌｈｅａｄ　Ｇｌｏｂａｌ　Ｈｏｌｄｉｎｇｓ,2026-07-28,94.0,97.0,174.0,False,-44.25,0.49,0.34,,,,,2026-03-03,99.0,-5.05,False,-2.97,False,True,7.01,-9.82,False,imminent,,-0.67,,,False,,,,,,,,,,,,2026-05-01,,0.03,0.22,0.01,20.95,45.03,45.03,-7.84,-2.08,-4.08
5034.T,ｕｎｅｒｒｙ,2026-07-28,2304.0,2347.0,4210.0,False,-44.25,0.86,0.45,,,,,2025-08-25,224.0,-1.62,False,-10.59,False,True,18.82,-14.32,False,crossed,0.0,,,,False,,,False,,-21.01,2304.0,2917.0,2026-01-09,-21.01,False,2026-07-28,2026-04-13,,0.0,0.35,0.54,25.9,31.06,52.93,-2.58,-15.82,0.52
4516.T,日本新薬,2026-07-28,3576.0,3640.0,6529.0,False,-44.25,8.61,1.36,,,,,2025-12-08,154.0,19.0,False,-21.1,True,False,18.3,-12.3,False,,,,,,,,,,,,,,,,,,,,0.43,0.77,0.26,27.18,36.26,40.84,-27.18,-34.68,18.69
4259.T,エクサウィザーズ,2026-07-28,783.0,804.0,1445.0,False,-44.36,0.6,0.97,,,,,2026-05-26,44.0,85.11,True,4.59,True,False,25.78,-33.39,False,,,,,,,,,,,,,,,,,,,,0.04,0.3,0.7,43.86,43.86,43.86,12.99,24.88,85.99
3135.T,マーケットエンタープライズ,2026-07-28,1078.0,1085.0,1952.0,False,-44.42,0.39,0.36,,,,,2025-09-02,218.0,-29.54,False,-20.15,False,False,11.83,-27.94,False,,,,,,,,,,,,,,,,,,,,0.06,0.0,0.63,29.54,34.24,50.86,-10.09,-24.56,-28.66
3011.T,バナーズ,2026-07-28,144.0,147.0,265.0,False,-44.53,1.09,0.75,,,,,2026-03-31,80.0,1.41,False,-6.63,False,False,7.88,-13.59,False,,,,,,,,,,,,,,,,,,,,0.39,0.11,0.08,24.21,37.12,37.12,-24.21,-5.88,1.41
7018.T,内海造船,2026-07-28,10730.0,11390.0,20540.0,False,-44.55,1.69,1.39,,,,,2025-10-28,181.0,93.68,False,-18.85,True,True,39.06,-23.66,False,,,,,,,,,,,,,,,,,,,,0.12,0.81,0.08,30.7,54.66,54.66,-11.47,-32.22,98.7
4375.T,セーフィー,2026-07-28,649.0,661.0,1192.0,False,-44.55,1.02,0.5,,,,,2025-08-12,233.0,-39.57,False,-17.65,False,False,7.52,-17.65,False,,,,,,,,,,,,,,,,,,,,0.6,0.85,0.87,23.03,33.59,48.8,-11.94,-26.75,-39.91
332A.T,ミーク,2026-07-28,963.0,978.0,1765.0,False,-44.59,0.81,0.65,,,,,2026-05-12,54.0,20.22,False,-11.68,True,False,15.74,-24.81,False,,,,,,,,,,,,,,,,,,,,0.58,0.22,0.44,43.95,43.95,43.95,-35.06,-29.24,23.94
339A.T,プログレス・テクノロジーズ　グループ,2026-07-28,869.0,881.0,1594.0,False,-44.73,0.61,1.33,,,,,,,-40.48,False,-26.86,False,False,11.63,-22.46,False,,,,,,,,,,,,,,,,,,,,0.7,0.9,0.35,20.52,44.84,44.84,-19.69,-40.19,-33.71
7279.T,ハイレックスコーポレーション,2026-07-28,2208.0,2221.0,4020.0,False,-44.75,1.0,0.71,,,,,2026-02-27,101.0,-0.94,False,-23.54,False,False,14.08,-30.76,False,,,,,,,,,,,,,,,,,,,,0.71,0.93,0.06,30.02,50.06,50.06,-22.74,-40.57,-0.05
2491.T,バリューコマース,2026-07-28,470.0,474.0,858.0,False,-44.76,0.57,1.03,,,,,2021-11-15,1148.0,-40.58,False,-14.91,False,False,10.48,-31.07,False,diverging,,-1.55,-0.01,,True,,,,,,,,,,,,2026-07-06,,0.29,0.06,0.83,12.1,38.34,50.42,0.86,-30.16,-40.36
9257.T,ＹＣＰホールディングス（グローバル）リミテッド　ＪＤＲ,2026-07-28,460.0,490.0,888.0,False,-44.82,5.86,2.95,,,,,2026-05-28,42.0,-24.96,False,-38.27,False,False,13.79,-29.88,False,diverging,,-20.24,-0.25,,True,,,,,,,,,,,,2026-07-01,,0.61,0.41,0.04,42.71,45.24,45.56,-36.99,-44.24,-24.96
6615.T,ユー・エム・シー・エレクトロニクス,2026-07-28,228.0,240.0,435.0,False,-44.83,0.7,0.84,,,,,2025-12-08,154.0,-21.11,False,-22.06,False,False,9.4,-15.97,False,,,,,,,,,,,,,,,,,,,,0.6,0.9,0.15,29.49,39.56,49.43,-21.38,-36.49,-21.11
4192.T,スパイダープラス,2026-07-28,276.0,286.0,519.0,False,-44.89,1.18,0.47,,,,,2023-06-21,757.0,-43.33,False,-10.09,False,True,11.06,-25.6,False,diverging,,-4.64,-0.51,,True,,,,,,,,,,,,2026-06-16,,0.28,0.05,0.76,33.97,33.97,53.8,-6.44,-12.66,-42.98
4425.T,Ｋｕｄａｎ,2026-07-28,1667.0,1730.0,3140.0,False,-44.9,0.9,0.59,,,,,2026-05-12,54.0,55.79,False,-2.91,True,True,21.33,-29.0,False,,,,,,,,,,,,,,,,,,,,0.43,0.0,0.69,46.56,46.56,46.56,-34.68,15.68,58.91
7022.T,サノヤスホールディングス,2026-07-28,304.0,314.0,570.0,False,-44.91,1.83,1.46,,,,,2026-02-18,107.0,7.8,False,-0.85,True,True,17.57,-23.77,False,imminent,,-2.39,,,False,,,,,,,,,,,,2026-04-16,,0.03,0.55,0.07,26.79,55.74,55.74,-4.4,3.4,8.96
4055.T,ティアンドエスグループ,2026-07-28,1432.0,1498.0,2722.0,False,-44.97,0.74,0.48,,,,,2026-05-12,54.0,23.45,False,-13.02,True,False,19.74,-23.75,False,diverging,,-12.18,-0.74,,True,,,,,,,,,,,,2026-07-09,,0.46,0.03,0.63,44.22,44.22,44.22,-15.86,-21.1,26.28
3791.T,ＩＧポート,2026-07-28,1015.0,1028.0,1868.0,False,-44.97,1.21,2.31,,,,,2024-12-04,399.0,-37.84,False,-23.61,False,False,8.62,-22.28,False,diverging,,-5.82,-0.5,,True,,,,,,,,,,,,2026-06-16,,0.35,0.02,0.59,36.3,36.3,49.52,-23.4,-17.14,-35.88
6347.T,プラコー,2026-07-28,254.0,263.0,478.0,False,-44.98,0.93,0.47,,,,,2026-02-18,107.0,18.14,False,-21.07,True,False,17.61,-25.13,False,,,,,,,,,,,,,,,,,,,,0.23,0.74,0.02,30.72,48.27,48.27,-15.33,-31.54,17.59
5574.T,ＡＢＥＪＡ,2026-07-28,2523.0,2547.0,4630.0,False,-44.99,1.12,1.82,,,,,2025-07-17,249.0,-30.11,False,-5.93,False,True,11.24,-13.45,False,,,,,,,,,,,,,,,,,,,,0.27,0.71,0.62,23.43,37.02,49.95,-0.28,-11.94,-27.91
3111.T,オーミケンシ,2026-07-28,172.0,172.0,313.0,False,-45.05,0.39,1.5,,,,,2023-03-09,827.0,-41.3,False,-24.69,False,False,6.0,-14.29,False,,,,,,,,,,,,,,,,,,,,0.83,0.93,0.88,20.9,41.54,46.82,-14.43,-30.36,-41.1
6775.T,ＴＢグループ,2026-07-28,119.0,128.0,233.0,False,-45.06,3.73,0.16,,,,,2026-02-25,103.0,-7.03,False,-5.93,False,False,17.48,-28.57,False,diverging,,-5.32,-1.3,,False,,,,,,,,,,,,2026-04-15,,0.25,0.11,0.02,26.58,39.9,39.9,-7.75,-3.25,-6.3
5612.T,日本鋳鉄管,2026-07-28,1552.0,1570.0,2858.0,False,-45.07,0.81,0.66,,,,,2025-09-05,215.0,0.78,False,-8.27,False,True,12.31,-16.45,False,imminent,,-1.31,,,False,,,,,,,,,,,,2026-03-30,,0.21,0.77,0.16,12.04,24.96,45.38,-8.44,-16.74,2.99
4448.T,ｋｕｂｅｌｌ,2026-07-28,294.0,300.0,547.0,False,-45.16,0.79,0.46,,,,,2023-06-06,768.0,-37.97,False,-10.88,False,True,6.01,-12.99,False,crossed,0.0,,,,True,,,False,,-32.41,294.0,435.0,2026-01-15,-32.41,False,2026-07-28,2026-06-23,,0.04,0.3,0.87,22.43,33.42,53.97,3.52,-21.18,-37.45
2929.T,ファーマフーズ,2026-07-28,576.0,583.0,1064.0,False,-45.21,0.63,0.56,,,,,2023-06-22,756.0,-30.01,False,-15.0,False,False,7.22,-14.22,False,,,,,,,,,,,,,,,,,,,,0.34,0.34,0.83,21.18,27.64,50.0,-11.79,-15.54,-30.43
478A.T,フツパー,2026-07-28,739.0,760.0,1389.0,False,-45.28,0.66,0.77,,,,,,,,,,,True,16.09,-26.11,False,,,,,,,,,,,,,,,,,,,,0.36,0.37,,28.53,43.83,,-9.1,-37.11,
6494.T,ＮＦＫホールディングス,2026-07-28,96.0,99.0,181.0,False,-45.3,1.03,0.47,,,,,2026-02-17,108.0,-2.04,False,-17.21,False,True,14.62,-27.27,False,,,,,,,,,,,,,,,,,,,,0.4,0.74,0.01,31.45,45.16,45.16,-17.24,-29.41,-2.04
5820.T,三ッ星,2026-07-28,697.0,710.0,1299.0,False,-45.34,2.56,0.35,,,,,2026-03-03,99.0,-4.39,False,-5.66,True,True,16.92,-24.03,False,imminent,,-2.96,,,False,,,,,,,,,,,,2026-05-18,,0.19,0.12,0.11,28.36,42.91,42.91,-12.88,0.58,-5.04
6635.T,大日光・エンジニアリング,2026-07-28,630.0,652.0,1193.0,False,-45.35,2.47,0.57,,,,,2026-05-28,42.0,32.35,True,4.12,True,False,14.0,-12.38,False,,,,,,,,,,,,,,,,,,,,0.0,0.37,0.68,37.75,37.75,37.75,-1.72,21.15,32.91
3205.T,ダイドーリミテッド,2026-07-28,746.0,756.0,1386.0,False,-45.45,1.26,0.91,,,,,2026-01-23,124.0,-23.88,False,-21.7,False,True,16.55,-48.91,False,crossed,8.0,,,-1.71,False,-3.0,widening,False,,-45.67,760.0,1373.0,2026-01-23,-44.65,False,2026-07-15,2026-03-10,,0.07,0.56,0.35,13.7,51.78,51.78,6.27,-44.74,-23.33
206A.T,ＰＲＩＳＭ　ＢｉｏＬａｂ,2026-07-28,147.0,152.0,279.0,False,-45.52,0.63,0.9,,,,,,,-34.08,False,-13.44,False,True,14.15,-18.64,False,,,,,,,,,,,,,,,,,,,,0.28,0.68,0.17,30.98,44.54,44.54,-20.11,-20.11,-34.08
6181.T,タメニー,2026-07-28,76.0,79.0,145.0,False,-45.52,1.02,0.29,,,,,2025-03-25,328.0,-42.42,False,-26.03,False,True,7.86,-20.21,False,,,,,,,,,,,,,,,,,,,,0.21,0.83,0.78,27.0,47.76,48.53,-20.0,-33.91,-41.54
3804.T,システム　ディ,2026-07-28,450.0,454.0,834.3,False,-45.59,0.41,0.47,,,,,2025-09-16,209.0,-32.9,False,-19.12,False,False,6.83,-16.93,False,,,,,,,,,,,,,,,,,,,,0.63,0.57,0.86,34.03,34.03,49.32,-22.95,-20.63,-32.84
7831.T,ウイルコホールディングス,2026-07-28,67.0,68.0,125.0,False,-45.6,1.59,0.26,,,,,2023-07-26,733.0,-45.97,False,-20.55,False,False,15.43,-24.77,False,,,,,,,,,,,,,,,,,,,,0.79,0.82,0.75,27.59,34.38,49.19,-21.18,-25.56,-45.08
4414.T,フレクト,2026-07-28,1188.0,1207.0,2219.0,False,-45.61,0.61,1.03,,,,,2024-03-25,572.0,-41.19,False,-16.11,False,True,11.87,-24.17,False,crossed,10.0,,,2.08,False,-2.43,widening,False,,-36.06,1200.0,1858.0,2026-01-09,-35.41,False,2026-07-13,2025-07-14,,0.24,0.34,0.83,14.97,46.64,54.44,5.98,-30.77,-40.3
409A.T,オリオンビール,2026-07-28,1219.0,1230.0,2262.0,False,-45.62,0.78,0.61,,,,,,,,False,-8.6,,True,6.39,-11.51,False,,,,,,,,,,,,,,,,,,,,0.0,0.63,,14.22,19.04,,-3.41,-9.7,
3557.T,ユナイテッド＆コレクティブ,2026-07-28,546.0,549.0,1010.0,False,-45.64,0.64,0.57,,,,,2023-08-29,710.0,-42.22,False,-33.44,False,True,11.71,-39.38,False,,,,,,,,,,,,,,,,,,,,0.17,0.81,0.6,18.45,49.65,49.95,-11.65,-45.13,-43.12
4819.T,デジタルガレージ,2026-07-28,2281.0,2313.0,4255.0,False,-45.64,0.27,0.89,,,,,2025-06-05,279.0,-45.23,False,-8.19,False,True,13.27,-17.28,False,,,,,,,,,,,,,,,,,,,,0.13,0.05,0.81,38.93,38.93,59.79,-15.05,-10.06,-44.43
3185.T,夢展望,2026-07-28,157.0,162.0,298.0,False,-45.64,0.55,0.65,,,,,2025-09-10,212.0,7.53,False,-24.52,False,False,15.44,-29.19,False,,,,,,,,,,,,,,,,,,,,0.53,0.65,0.0,46.95,46.95,46.95,-5.99,-30.53,8.28
5028.T,セカンドサイトアナリティカ,2026-07-28,348.0,358.0,659.0,False,-45.68,0.68,2.07,,,,,2025-08-22,225.0,-17.14,False,-11.31,False,True,9.17,-16.37,False,crossed,12.0,,,-4.95,True,-19.66,widening,False,,-22.67,424.0,450.0,2026-02-12,-5.78,False,2026-07-09,2026-06-15,,0.01,0.03,0.58,21.51,27.78,50.0,-13.43,-18.31,-15.12
7078.T,ＩＮＣＬＵＳＩＶＥ　Ｈｏｌｄｉｎｇｓ,2026-07-28,335.0,340.0,626.0,False,-45.69,1.47,0.41,,,,,2021-11-05,1154.0,-38.98,False,-13.98,False,False,8.6,-14.63,False,,,,,,,,,,,,,,,,,,,,0.68,0.71,0.66,17.08,24.89,43.37,-16.46,-17.28,-36.19
7280.T,ミツバ,2026-07-28,1145.0,1168.0,2152.0,False,-45.72,0.99,0.73,,,,,2026-01-21,126.0,37.29,False,-0.35,True,False,12.66,-18.63,False,imminent,,-1.1,,,False,,,,,,,,,,,,2026-04-07,,0.02,0.55,0.49,21.97,29.24,39.85,0.79,-19.42,37.45
4978.T,リプロセル,2026-07-28,124.0,131.0,242.0,False,-45.87,2.08,0.77,,,,,2025-02-06,358.0,-42.06,False,-21.71,False,False,12.06,-25.0,False,,,,,,,,,,,,,,,,,,,,0.63,0.61,0.59,31.82,37.5,46.67,-28.32,-26.19,-41.51
8912.T,エリアクエスト,2026-07-28,151.0,152.0,281.0,False,-45.91,0.29,0.41,,,,,2025-10-14,191.0,-8.48,False,-8.53,False,False,6.03,-13.07,False,diverging,,-9.53,-0.05,,True,,,,,,,,,,,,2026-06-26,,0.78,0.01,0.04,19.79,21.05,46.62,-13.71,-3.21,-7.93
195A.T,ＭＵＳＣＡＴ　ＧＲＯＵＰ,2026-07-28,789.0,789.0,1459.0,False,-45.92,0.31,3.68,,,,,2026-02-27,101.0,-19.9,False,-7.97,False,True,19.48,-28.19,False,imminent,,-2.92,,,False,,,,,,,,,,,,2026-04-20,,0.09,0.57,0.36,20.8,53.76,53.76,-4.01,-7.18,-15.34
3935.T,エディア,2026-07-28,707.0,722.0,1335.0,False,-45.92,0.36,0.68,,,,,2025-09-18,207.0,-6.73,False,-9.6,False,True,13.27,-18.97,False,crossed,17.0,,,1.09,False,-5.77,widening,False,,-25.03,731.0,943.0,2026-01-09,-22.48,True,2026-07-02,2025-10-28,,0.51,0.1,0.75,10.07,22.12,51.3,3.97,-7.46,-22.14
5367.T,ニッカトー,2026-07-28,1057.0,1135.0,2099.0,False,-45.93,0.52,0.23,,,,,2026-06-25,22.0,106.04,True,27.31,True,False,24.06,-27.65,False,,,,,,,,,,,,,,,,,,,,0.41,0.65,0.77,44.86,44.86,44.86,40.19,56.13,104.84
7779.T,ＣＹＢＥＲＤＹＮＥ,2026-07-28,223.0,227.0,420.0,False,-45.95,0.86,0.49,,,,,2026-02-24,104.0,19.89,False,-10.84,True,False,20.26,-30.24,False,,,,,,,,,,,,,,,,,,,,0.75,0.44,0.46,36.07,44.67,44.67,-26.16,-19.78,23.2
431A.T,ユーソナー,2026-07-28,1957.0,1997.0,3700.0,False,-46.03,0.82,0.59,,,,,,,,,,,False,16.7,-23.5,False,,,,,,,,,,,,,,,,,,,,0.23,0.02,,31.18,31.18,,-10.43,-15.39,
5244.T,ｊｉｇ．ｊｐ,2026-07-28,168.0,172.0,319.0,False,-46.08,0.77,0.74,,,,,,,-37.55,False,-25.54,False,True,13.06,-29.13,False,,,,,,,,,,,,,,,,,,,,0.41,0.55,0.72,40.0,42.44,50.94,-35.38,-25.33,-37.08
414A.T,オーバーラップホールディングス,2026-07-28,841.0,856.0,1590.0,False,-46.16,0.67,2.26,,,,,,,,,,,False,7.1,-15.21,False,,,,,,,,,,,,,,,,,,,,0.58,0.74,,20.22,24.36,,-14.88,-16.57,
9562.T,ビジネスコーチ,2026-07-28,499.0,508.0,944.3,False,-46.21,1.41,0.97,,,,,2025-11-10,173.0,-21.87,False,-29.93,False,False,10.06,-22.59,False,,,,,,,,,,,,,,,,,,,,0.61,0.91,0.35,31.31,46.37,46.37,-29.62,-40.92,-21.71
341A.T,トヨコー,2026-07-28,1936.0,1936.0,3600.0,False,-46.22,0.33,0.81,,,,,,,-31.97,False,-9.57,False,False,12.32,-31.64,False,diverging,,-1.61,-0.72,,False,,,,,,,,,,,,2026-03-27,,0.28,0.63,0.58,11.79,27.15,46.83,-5.84,-11.36,-26.14
6469.T,放電精密加工研究所,2026-07-28,2451.0,2736.0,5090.0,False,-46.25,0.93,2.92,,,,,2026-02-19,106.0,61.89,False,-13.52,True,True,18.78,-23.88,False,,,,,,,,,,,,,,,,,,,,0.21,0.58,0.5,25.94,46.26,46.26,-23.41,-21.82,63.18
6387.T,サムコ,2026-07-28,8350.0,9100.0,16930.0,False,-46.25,0.89,0.51,,,,,2026-06-16,29.0,187.04,True,9.66,True,False,24.0,-39.75,False,,,,,,,,,,,,,,,,,,,,0.01,0.76,0.92,48.52,48.52,48.52,-23.11,69.72,181.62
6262.T,ＰＥＧＡＳＵＳ,2026-07-28,550.0,555.0,1033.0,False,-46.27,0.67,0.61,,,,,2026-05-08,56.0,0.36,False,-23.9,False,True,16.04,-34.7,False,,,,,,,,,,,,,,,,,,,,0.55,0.56,0.03,50.05,50.05,50.05,-30.82,-28.1,-0.36
6838.T,多摩川ホールディングス,2026-07-28,1267.0,1341.0,2496.0,False,-46.27,0.99,0.52,,,,,2026-06-03,38.0,69.61,True,4.69,True,False,22.59,-28.17,False,,,,,,,,,,,,,,,,,,,,0.35,0.6,0.68,48.2,48.2,48.2,-25.86,71.68,74.52
4839.T,ＷＯＷＯＷ,2026-07-28,1021.0,1031.0,1920.0,False,-46.3,0.77,0.53,,,,,2025-08-08,234.0,-17.53,False,-19.93,False,True,9.51,-16.93,False,,,,,,,,,,,,,,,,,,,,0.49,0.89,0.75,21.58,33.74,46.66,-17.79,-29.39,-19.42
6664.T,オプトエレクトロニクス,2026-07-28,242.0,242.0,451.0,False,-46.34,0.2,0.5,,,,,2025-12-05,155.0,-17.97,False,-15.75,False,False,10.69,-18.04,False,,,,,,,,,,,,,,,,,,,,0.62,0.9,0.21,16.25,32.56,42.14,-12.0,-25.77,-14.79
5955.T,ワイズホールディングス,2026-07-28,81.0,83.0,155.0,False,-46.45,1.03,0.81,,,,,2026-02-12,111.0,-1.22,False,-15.68,False,False,18.6,-21.82,False,,,,,,,,,,,,,,,,,,,,0.57,0.71,0.06,30.0,49.01,49.01,-26.36,-16.49,0.0
4274.T,細谷火工,2026-07-28,1044.0,1070.0,1999.0,False,-46.47,0.91,0.82,,,,,2026-03-03,99.0,3.78,False,-9.3,True,False,12.71,-9.25,False,,,,,,,,,,,,,,,,,,,,0.51,0.32,0.19,22.96,42.89,42.89,-18.88,-0.85,3.78
4073.T,ジィ・シィ企画,2026-07-28,447.0,470.0,878.0,False,-46.47,0.76,4.35,,,,,2024-06-10,520.0,-26.12,False,-16.47,False,False,9.9,-15.21,False,,,,,,,,,,,,,,,,,,,,0.41,0.77,0.75,20.5,28.45,49.14,-12.35,-22.93,-24.37
6031.T,ＺＥＴＡ,2026-07-28,238.0,244.0,456.0,False,-46.49,0.83,0.15,,,,,2024-09-03,461.0,-41.38,False,-19.37,False,False,12.12,-18.4,False,diverging,,-1.38,-0.48,,True,,,,,,,,,,,,2026-07-27,,0.0,0.31,0.8,22.87,36.87,48.98,-14.39,-26.77,-40.94
2962.T,テクニスコ,2026-07-28,1135.0,1213.0,2267.0,False,-46.49,0.19,0.73,,,,,2026-06-29,20.0,274.59,True,41.07,True,True,59.32,-42.96,False,,,,,,,,,,,,,,,,,,,,0.44,0.54,0.87,42.96,42.96,42.96,25.28,150.0,274.59
290A.T,Ｓｙｎｓｐｅｃｔｉｖｅ,2026-07-28,1094.0,1145.0,2140.0,False,-46.5,0.85,0.51,,,,,2026-05-27,43.0,-11.99,False,-11.29,True,False,20.88,-35.02,False,diverging,,-16.92,-2.27,,True,,,,,,,,,,,,2026-07-02,,0.4,0.01,0.52,46.56,46.56,46.56,-17.74,-1.44,-6.58
4241.T,アテクト,2026-07-28,627.0,633.0,1185.0,False,-46.58,0.52,0.34,,,,,2026-02-19,106.0,51.45,True,1.84,True,False,16.63,-26.28,False,,,,,,,,,,,,,,,,,,,,0.44,0.12,0.66,34.04,44.1,44.1,-15.27,7.36,51.45
3634.T,ソケッツ,2026-07-28,585.0,588.0,1101.0,False,-46.59,0.99,0.36,,,,,2026-05-07,57.0,-3.31,False,-14.56,False,False,16.73,-28.59,False,,,,,,,,,,,,,,,,,,,,0.44,0.48,0.07,43.01,46.5,46.5,-13.72,-9.02,-2.5
3266.T,ファンドクリエーショングループ,2026-07-28,77.0,79.0,148.0,False,-46.62,2.78,0.82,,,,,2025-09-03,217.0,-11.49,False,-12.88,False,True,9.11,-16.04,False,,,,,,,,,,,,,,,,,,,,0.2,0.62,0.14,12.5,35.83,35.83,-9.41,-16.3,-9.41
4664.T,アール・エス・シー,2026-07-28,937.0,979.0,1835.0,False,-46.65,0.17,1.17,,,,,2025-12-08,154.0,62.39,True,2.75,True,True,25.31,-22.2,False,crossed,15.0,,,-4.23,False,-3.14,narrowing,False,,-28.64,946.0,1313.0,2026-01-08,-27.95,True,2026-07-06,2026-02-24,,0.22,0.1,0.3,28.38,37.63,52.91,8.32,-12.67,62.67
7412.T,アトム,2026-07-28,371.0,374.0,701.0,False,-46.65,0.32,0.44,,,,,2026-05-15,51.0,-44.87,False,-34.97,False,False,14.27,-44.41,False,diverging,,-46.52,-0.75,,True,,,,,,,,,,,,2026-06-18,,0.75,0.42,0.22,54.15,54.15,54.15,-43.96,-37.33,-44.46
8107.T,キムラタン,2026-07-28,31.0,32.0,60.0,False,-46.67,1.61,0.31,,,,,2025-02-17,352.0,-42.59,False,-8.94,False,False,9.94,-23.26,False,crossed,27.0,,,-5.71,False,-15.84,widening,False,,-20.51,35.0,39.0,2026-02-13,-10.26,False,2026-06-18,2026-04-06,,0.04,0.2,0.63,11.43,20.51,50.85,-6.06,-11.43,-44.64
3542.T,ベガコーポレーション,2026-07-28,1266.0,1284.0,2410.0,False,-46.72,0.65,1.46,,,,,2025-08-27,222.0,-33.23,False,-19.81,False,False,16.53,-23.25,False,,,,,,,,,,,,,,,,,,,,0.79,0.43,0.46,29.16,47.11,49.64,-25.27,-10.53,-34.98
4180.T,Ａｐｐｉｅｒ　Ｇｒｏｕｐ,2026-07-28,918.0,929.0,1745.0,False,-46.76,0.72,0.69,,,,,2023-02-14,843.0,-39.33,False,-8.32,False,True,11.69,-20.23,False,diverging,,-3.29,-0.67,,True,,,,,,,,,,,,2026-06-25,,0.14,0.0,0.76,31.88,39.25,61.35,1.32,-14.6,-38.14
3680.T,ホットリンク,2026-07-28,208.0,214.0,402.0,False,-46.77,1.34,0.33,,,,,2025-05-29,284.0,-32.25,False,-13.58,False,False,9.39,-19.38,False,diverging,,-4.64,-0.11,,True,,,,,,,,,,,,2026-07-03,,0.29,0.21,0.82,19.77,26.45,44.54,-6.73,-23.25,-30.67
5803.T,フジクラ,2026-07-28,4041.0,4216.0,7933.0,False,-46.85,0.94,0.71,,,,,2026-05-14,52.0,221.05,False,-1.94,True,True,27.04,-35.22,False,,,,,,,,,,,,,,,,,,,,0.19,0.33,0.84,48.56,48.56,48.56,-33.06,33.48,208.87
6658.T,シライ電子工業,2026-07-28,444.0,449.0,845.0,False,-46.86,1.01,0.6,,,,,2026-02-27,101.0,-20.86,False,-30.73,False,False,11.69,-30.54,False,,,,,,,,,,,,,,,,,,,,0.47,0.84,0.16,40.71,50.53,50.53,-35.09,-40.88,-21.14
4531.T,有機合成薬品工業,2026-07-28,333.0,340.0,640.0,False,-46.88,1.42,0.27,,,,,2026-01-21,126.0,27.1,False,-7.17,True,True,12.6,-19.59,False,crossed,6.0,,,-1.16,False,-4.64,widening,False,,-40.85,346.0,563.0,2026-01-21,-38.54,True,2026-07-17,2026-04-10,,0.03,0.65,0.43,21.28,33.94,42.27,-6.46,-29.89,27.59
4587.T,ペプチドリーム,2026-07-28,930.5,965.1,1818.5,False,-46.93,1.03,0.66,,,,,2024-10-21,430.0,-43.02,False,-31.96,False,False,8.12,-15.99,False,,,,,,,,,,,,,,,,,,,,0.62,0.89,0.75,23.89,45.63,48.12,-19.65,-44.45,-42.51
7409.T,ＡｅｒｏＥｄｇｅ,2026-07-28,1432.0,1506.0,2840.0,False,-46.97,0.67,0.72,,,,,2026-02-25,103.0,210.85,False,-13.27,True,False,32.03,-28.9,False,,,,,,,,,,,,,,,,,,,,0.52,0.32,0.7,40.38,49.82,49.82,-37.54,-8.06,221.56
4891.T,ティムス,2026-07-28,96.0,98.0,185.0,False,-47.03,0.53,0.67,,,,,,,-44.51,False,-29.32,False,False,10.39,-16.15,False,,,,,,,,,,,,,,,,,,,,0.94,0.72,0.6,37.09,39.1,45.71,-33.33,-35.14,-43.2
148A.T,ハッチ・ワーク,2026-07-28,1642.0,1670.0,3155.0,False,-47.07,0.66,0.31,,,,,2025-09-24,204.0,-26.3,False,-16.94,False,False,8.67,-14.59,False,,,,,,,,,,,,,,,,,,,,0.63,0.68,0.82,15.79,24.82,46.95,-8.83,-20.06,-25.09
2156.T,セーラー広告,2026-07-28,265.0,267.0,506.0,False,-47.23,0.47,0.61,,,,,2024-10-08,438.0,-27.99,False,-11.97,False,False,7.95,-14.21,False,,,,,,,,,,,,,,,,,,,,0.48,0.88,0.83,12.29,23.96,39.67,-9.56,-20.66,-27.99
9980.T,ＭＲＫホールディングス,2026-07-28,95.0,96.0,182.0,False,-47.25,1.25,0.66,,,,,2026-03-02,100.0,6.74,False,-3.38,False,False,15.55,-21.32,False,,,,,,,,,,,,,,,,,,,,0.47,0.14,0.03,10.78,42.77,42.77,-4.04,1.06,7.95
6548.T,旅工房,2026-07-28,111.0,115.0,218.0,False,-47.25,1.07,0.81,,,,,2025-11-05,176.0,-32.32,False,-17.55,False,False,11.91,-19.09,False,,,,,,,,,,,,,,,,,,,,0.53,0.83,0.63,35.77,49.43,52.43,-18.98,-26.0,-31.06
6166.T,中村超硬,2026-07-28,600.0,636.0,1208.0,False,-47.35,0.27,1.48,,,,,2026-02-18,107.0,82.93,True,10.2,True,True,45.96,-36.67,False,crossed,11.0,,,-13.16,True,-22.63,widening,False,,-43.29,760.0,1058.0,2026-02-17,-28.17,True,2026-07-10,2026-05-15,,0.07,0.08,0.53,42.5,58.32,58.32,-21.77,3.27,86.92
6208.T,石川製作所,2026-07-28,1589.0,1650.0,3135.0,False,-47.37,1.03,0.95,,,,,2026-03-03,99.0,18.23,False,-14.17,True,False,22.45,-23.42,False,,,,,,,,,,,,,,,,,,,,0.58,0.24,0.23,30.03,45.19,45.19,-29.06,-2.99,13.5
4169.T,ＥＮＥＣＨＡＮＧＥ,2026-07-28,216.0,225.0,428.0,False,-47.43,0.65,0.53,,,,,,,-28.71,False,-20.13,False,True,16.29,-30.29,False,,,,,,,,,,,,,,,,,,,,0.38,0.33,0.55,57.7,57.7,61.52,-35.14,-21.17,-28.24
9237.T,笑美面,2026-07-28,825.0,830.0,1580.0,False,-47.47,0.72,0.21,,,,,2025-08-25,224.0,-27.12,False,-3.02,False,True,20.89,-31.04,False,crossed,13.0,,,0.0,False,0.09,narrowing,False,,-17.5,809.0,1000.0,2026-02-06,-19.1,True,2026-07-08,2025-10-03,,0.3,0.21,0.73,31.28,48.8,66.54,16.86,-5.82,-24.66
192A.T,インテグループ,2026-07-28,1206.0,1208.0,2302.0,False,-47.52,0.1,1.46,,,,,,,-46.99,False,-31.46,False,False,4.83,-12.58,False,,,,,,,,,,,,,,,,,,,,0.85,0.95,0.84,25.5,44.22,47.16,-25.19,-39.15,-46.35
7162.T,アストマックス,2026-07-28,264.0,272.0,519.0,False,-47.59,1.06,0.41,,,,,2026-05-11,55.0,-0.38,True,7.24,True,False,13.82,-16.34,False,diverging,,-5.44,-0.13,,True,,,,,,,,,,,,2026-07-03,,0.18,0.39,0.05,44.76,44.76,44.76,17.33,18.92,-0.38
7048.T,ベルトラ,2026-07-28,156.0,163.0,311.0,False,-47.59,0.54,0.32,,,,,2023-07-14,740.0,-48.51,False,-13.92,False,True,14.34,-20.18,False,crossed,8.0,,,-15.85,False,-15.91,narrowing,False,,-30.97,183.0,226.0,2026-02-17,-19.03,False,2026-07-15,2026-04-07,,0.1,0.35,0.75,29.7,48.67,62.09,-4.29,-17.89,-49.02
3491.T,ＧＡ　ｔｅｃｈｎｏｌｏｇｉｅｓ,2026-07-28,1316.0,1341.0,2559.0,False,-47.6,0.88,0.44,,,,,2025-09-12,210.0,-33.94,False,-21.53,False,False,9.29,-15.87,False,,,,,,,,,,,,,,,,,,,,0.6,0.47,0.8,23.61,26.73,51.05,-15.7,-16.97,-31.64
3695.T,ＧＭＯプロダクトプラットフォーム,2026-07-28,1449.0,1454.0,2775.0,False,-47.6,0.54,0.62,,,,,2025-03-17,333.0,-40.95,False,-20.2,False,False,7.42,-15.9,False,diverging,,-10.38,-0.72,,False,,,,,,,,,,,,2026-02-04,,0.75,0.77,0.88,21.16,30.93,48.86,-11.81,-28.76,-40.98
3079.T,ディーブイエックス,2026-07-28,949.0,953.0,1820.0,False,-47.64,0.13,1.1,,,,,2025-08-07,235.0,3.15,False,-14.6,False,False,6.75,-9.21,False,,,,,,,,,,,,,,,,,,,,0.84,0.9,0.1,8.78,25.75,38.97,-8.49,-22.47,3.15
7066.T,ピアズ,2026-07-28,435.0,437.0,835.0,False,-47.66,1.05,0.5,,,,,2024-02-27,590.0,-33.28,False,-8.91,False,True,10.4,-16.94,False,,,,,,,,,,,,,,,,,,,,0.17,0.08,0.67,22.18,38.51,51.81,-7.45,-6.05,-32.56
3683.T,サイバーリンクス,2026-07-28,1061.0,1079.0,2064.0,False,-47.72,0.61,0.93,,,,,2025-08-25,224.0,-16.78,False,-11.04,False,True,10.06,-19.85,False,crossed,4.0,,,,True,,,False,,-22.84,1091.0,1375.0,2026-01-19,-20.65,False,2026-07-22,2026-07-07,,0.05,0.4,0.74,13.23,28.76,46.57,6.42,-20.52,-15.99
3777.T,環境フレンドリーホールディングス,2026-07-28,44.0,46.0,88.0,False,-47.73,0.39,0.55,,,,,2025-08-21,226.0,-34.33,False,-19.69,False,False,14.48,-20.9,False,,,,,,,,,,,,,,,,,,,,0.41,0.67,0.09,34.33,37.14,50.62,-25.42,-29.03,-22.81
4487.T,スペースマーケット,2026-07-28,226.0,230.0,440.0,False,-47.73,0.46,0.2,,,,,2024-09-13,453.0,-42.2,False,-20.93,False,False,6.51,-14.64,False,,,,,,,,,,,,,,,,,,,,0.69,0.8,0.85,28.52,34.38,52.18,-20.42,-26.86,-39.08
4499.T,Ｓｐｅｅｅ,2026-07-28,2084.0,2136.0,4090.0,False,-47.78,0.34,0.85,,,,,2024-12-16,391.0,-25.84,False,-18.3,False,False,18.58,-37.06,False,diverging,,-18.4,-1.02,,True,,,,,,,,,,,,2026-06-26,,0.51,0.05,0.0,42.83,42.83,47.67,-14.76,-22.18,-21.65
554A.T,バトンズ,2026-07-28,1446.0,1470.0,2818.0,False,-47.84,0.84,0.49,,,,,,,,,,,True,,,False,,,,,,,,,,,,,,,,,,,,0.13,,,58.99,,,-44.43,,
6779.T,日本電波工業,2026-07-28,2446.0,2610.0,5010.0,False,-47.9,1.01,0.34,,,,,2026-06-10,33.0,229.21,True,36.49,True,False,29.26,-28.58,False,crossed,119.0,,,3.43,True,116.52,narrowing,,,,1020.0,,,,True,2026-01-30,2025-12-08,,0.23,0.83,0.74,49.36,49.36,49.36,34.77,136.33,215.61
2158.T,ＦＲＯＮＴＥＯ,2026-07-28,616.0,642.0,1233.0,False,-47.93,1.06,0.84,,,,,2025-07-29,242.0,6.94,False,-23.5,False,True,14.5,-23.29,False,,,,,,,,,,,,,,,,,,,,0.22,0.72,0.4,33.78,42.78,49.2,-21.23,-29.11,9.03
8835.T,太平洋興発,2026-07-28,795.0,804.0,1545.0,False,-47.96,0.87,0.68,,,,,2026-03-31,80.0,12.45,False,-5.69,True,True,12.05,-21.22,False,,,,,,,,,,,,,,,,,,,,0.33,0.43,0.14,19.39,41.36,41.36,-10.27,-13.68,12.77
5706.T,三井金属,2026-07-28,27885.0,29995.0,57700.0,False,-48.02,0.75,0.6,,,,,2026-05-27,43.0,438.42,False,-4.95,True,False,35.37,-34.47,False,,,,,,,,,,,,,,,,,,,,0.5,0.41,0.9,49.21,49.21,49.21,-27.87,28.59,433.68
196A.T,ＭＦＳ,2026-07-28,276.0,277.0,533.0,False,-48.03,0.25,0.43,,,,,,,-46.2,False,-0.28,False,True,12.25,-23.78,False,crossed,2.0,,,,True,,,False,,-12.66,278.0,316.0,2026-02-17,-12.03,False,2026-07-24,2026-07-21,,0.07,0.0,0.51,18.89,26.58,54.86,0.36,-2.82,-44.02
543A.T,ＡＲＣＨＩＯＮ,2026-07-28,289.0,292.0,562.0,False,-48.04,1.83,1.44,,,,,2026-04-06,76.0,-25.11,False,-22.79,False,False,12.28,-21.71,False,,,,,,,,,,,,,,,,,,,,0.25,0.73,0.2,37.05,46.63,46.63,-15.0,-28.82,-23.93
168A.T,イタミアート,2026-07-28,1072.0,1072.0,2063.0,False,-48.04,0.52,0.79,,,,,2025-08-26,223.0,4.59,False,-15.29,False,False,16.92,-19.11,False,,,,,,,,,,,,,,,,,,,,0.91,0.89,0.02,17.8,34.91,47.26,-15.92,-33.42,4.28
3908.T,コラボス,2026-07-28,347.0,348.0,670.0,False,-48.06,0.39,0.76,,,,,2025-08-25,224.0,7.76,True,3.67,False,True,17.18,-16.5,False,crossed,6.0,,,0.58,False,-0.6,widening,False,,-23.9,346.0,456.0,2026-03-27,-24.12,True,2026-07-17,2026-04-24,,0.33,0.36,0.04,12.13,34.87,51.31,2.66,17.23,7.43
4113.T,田岡化学工業,2026-07-28,776.0,802.0,1547.0,False,-48.16,0.88,1.33,,,,,2026-01-19,128.0,-39.8,False,-25.38,False,True,8.87,-18.43,False,,,,,,,,,,,,,,,,,,,,0.25,0.83,0.81,32.36,55.62,56.0,-13.1,-48.13,-38.9
4370.T,モビルス,2026-07-28,327.0,327.0,631.0,False,-48.18,1.06,1.0,,,,,2025-09-01,219.0,-20.63,False,-9.74,False,True,14.43,-39.33,False,imminent,,-1.8,,,False,,,,,,,,,,,,2026-03-11,,0.06,0.82,0.73,13.11,27.11,53.96,2.19,-15.28,-20.82
6993.T,大黒屋ホールディングス,2026-07-28,93.0,100.0,193.0,False,-48.19,1.51,2.46,,,,,2026-01-20,127.0,38.81,False,-6.96,True,False,74.99,-24.59,False,,,,,,,,,,,,,,,,,,,,0.62,0.85,0.38,34.78,56.14,68.62,-8.82,-27.34,47.62
460A.T,ＢＲＡＮＵ,2026-07-28,890.0,900.0,1738.0,False,-48.22,0.08,0.31,,,,,,,,,,,True,23.33,-34.35,False,,,,,,,,,,,,,,,,,,,,0.68,0.07,,18.6,45.47,,31.46,-12.66,
7974.T,任天堂,2026-07-28,7582.0,7653.0,14795.0,False,-48.27,1.42,0.81,,,,,2025-08-18,229.0,-39.3,False,-21.16,False,False,8.36,-20.22,False,,,,,,,,,,,,,,,,,,,,0.24,0.77,0.91,17.15,36.74,55.04,-4.66,-23.8,-39.47
6777.T,ｓａｎｔｅｃ　Ｈｏｌｄｉｎｇｓ,2026-07-28,16470.0,17940.0,34700.0,False,-48.3,0.8,0.8,,,,,2026-05-14,52.0,197.29,False,-5.21,True,False,36.03,-38.06,False,diverging,,-18.41,-0.23,,True,,,,,,,,,,,,2026-07-10,,0.64,0.3,0.85,50.09,50.09,50.09,-42.61,61.15,195.69
5592.T,くすりの窓口,2026-07-28,2342.0,2420.0,4685.0,False,-48.35,1.24,0.6,,,,,2025-09-29,201.0,-28.92,False,-15.35,False,False,15.01,-29.27,False,diverging,,-10.98,-0.3,,True,,,,,,,,,,,,2026-06-23,,0.74,0.14,0.58,31.24,31.24,54.26,-19.21,-16.54,-28.38
4716.T,日本オラクル,2026-07-28,8772.0,8821.0,17090.0,False,-48.39,0.62,0.61,,,,,2025-06-27,263.0,-46.25,False,-18.75,False,False,6.61,-20.7,False,diverging,,-3.15,-0.95,,False,,,,,,,,,,,,2025-07-25,,0.2,0.56,0.92,17.98,27.88,51.8,-4.03,-20.83,-46.33
9115.T,明海グループ,2026-07-28,852.0,908.0,1760.0,False,-48.41,1.44,0.68,,,,,2026-03-24,85.0,27.93,False,-2.13,True,False,24.53,-27.84,False,,,,,,,,,,,,,,,,,,,,0.76,0.01,0.38,42.89,51.72,51.72,-27.49,23.66,28.7
8938.T,グローム・ホールディングス,2026-07-28,352.0,360.0,699.0,False,-48.5,0.04,2.02,,,,,2023-07-28,731.0,-48.01,False,-11.15,False,True,11.75,-18.16,False,crossed,3.0,,,,True,,,False,,-20.0,368.0,440.0,2026-01-05,-16.36,False,2026-07-23,2026-06-10,,0.02,0.01,0.81,24.86,33.25,60.14,3.53,-11.11,-47.15
436A.T,サイバーソリューションズ,2026-07-28,1018.0,1024.0,1990.0,False,-48.54,0.59,0.4,,,,,,,,,,,True,9.12,-21.46,False,,,,,,,,,,,,,,,,,,,,0.03,0.52,,15.04,28.55,,-2.49,-20.84,
4811.T,ドリーム・アーツ,2026-07-28,816.0,830.0,1615.0,False,-48.61,1.03,0.76,,,,,2025-08-29,220.0,-32.0,False,-18.28,False,True,12.04,-27.41,False,crossed,8.0,,,-3.46,False,-3.9,narrowing,False,,-38.13,839.0,1319.0,2026-01-15,-36.39,True,2026-07-15,2025-10-22,,0.2,0.29,0.78,13.68,41.8,54.68,4.88,-33.39,-29.96
4166.T,かっこ,2026-07-28,656.0,660.0,1287.0,False,-48.72,0.5,0.2,,,,,2025-12-17,147.0,-12.18,False,-8.61,False,False,14.92,-27.2,False,imminent,,-2.04,,,False,,,,,,,,,,,,2026-02-24,,0.06,0.54,0.38,28.21,28.21,43.95,-6.02,-18.51,-11.35
438A.T,インフキュリオン,2026-07-28,849.0,869.0,1695.0,False,-48.73,0.99,0.55,,,,,,,,,,,True,20.12,-36.39,False,,,,,,,,,,,,,,,,,,,,0.04,0.44,,25.08,56.9,,3.79,-42.64,
5715.T,古河機械金属,2026-07-28,3490.0,3650.0,7140.0,False,-48.88,0.93,0.9,,,,,2026-02-12,111.0,44.75,False,-15.12,True,False,17.16,-27.14,False,,,,,,,,,,,,,,,,,,,,0.61,0.76,0.41,18.93,47.12,47.12,-17.49,-22.96,47.32
4488.T,ＡＩ　ｉｎｓｉｄｅ,2026-07-28,2100.0,2170.0,4245.0,False,-48.88,1.18,0.46,,,,,2024-03-05,585.0,-39.83,False,-15.54,False,True,10.68,-20.64,False,,,,,,,,,,,,,,,,,,,,0.52,0.42,0.86,30.19,30.19,53.43,-21.05,-22.19,-39.39
7111.T,ＩＮＥＳＴ,2026-07-28,493.0,498.0,975.0,False,-48.92,0.9,0.98,,,,,2025-06-30,262.0,-42.34,False,-4.78,False,True,11.35,-18.8,False,crossed,0.0,,,,True,,,False,,-15.58,493.0,584.0,2026-01-30,-15.58,False,2026-07-28,2026-06-26,,0.01,0.32,0.84,26.38,30.65,57.81,17.38,-8.19,-41.31
3727.T,アプリックス,2026-07-28,140.0,144.0,282.0,False,-48.94,1.23,0.48,,,,,2025-08-25,224.0,-9.68,False,-17.63,False,True,16.87,-15.88,False,,,,,,,,,,,,,,,,,,,,0.41,0.84,0.17,32.02,42.11,57.09,-20.9,-30.69,-7.89
2726.T,パルグループホールディングス,2026-07-28,1482.0,1505.0,2948.0,False,-48.95,1.02,1.33,,,,,2025-09-10,212.0,-32.02,False,-13.13,False,True,9.57,-21.04,False,crossed,0.0,,,,False,,,False,,-25.45,1482.0,1988.0,2026-01-09,-25.45,True,2026-07-28,2025-10-20,,0.0,0.56,0.88,12.9,23.59,52.65,-4.88,-13.74,-32.1
335A.T,ミライロ,2026-07-28,334.0,343.0,673.0,False,-49.03,0.24,0.63,,,,,,,-48.77,False,-17.19,False,False,6.79,-16.19,False,,,,,,,,,,,,,,,,,,,,0.87,0.59,0.79,20.76,25.23,49.54,-19.71,-19.71,-47.89
3444.T,菊池製作所,2026-07-28,906.0,956.0,1880.0,False,-49.15,0.51,0.39,,,,,2026-05-12,54.0,187.62,True,9.34,True,True,48.11,-28.72,False,diverging,,-6.97,-0.11,,True,,,,,,,,,,,,2026-07-02,,0.53,0.2,0.79,48.1,48.9,48.9,-39.6,-9.13,191.32
4427.T,ＥｄｕＬａｂ,2026-07-28,208.0,213.0,419.0,False,-49.16,0.99,0.45,,,,,2025-06-10,276.0,-46.53,False,-18.57,False,False,16.01,-30.0,False,diverging,,-18.27,-1.66,,True,,,,,,,,,,,,2026-06-18,,0.63,0.18,0.79,49.4,49.4,59.71,-12.97,-22.39,-44.68
4890.T,坪田ラボ,2026-07-28,238.0,243.0,478.0,False,-49.16,0.51,2.03,,,,,2026-03-13,91.0,-40.2,False,-21.67,False,True,9.41,-13.84,False,,,,,,,,,,,,,,,,,,,,0.4,0.48,0.68,31.43,49.18,49.18,-24.44,-28.1,-39.29
6834.T,精工技研,2026-07-28,18240.0,19380.0,38150.0,False,-49.2,0.61,0.62,,,,,2026-05-14,52.0,224.56,False,-8.59,True,False,29.96,-40.78,False,diverging,,-17.49,-0.31,,True,,,,,,,,,,,,2026-07-07,,0.55,0.19,0.85,48.47,48.47,48.47,-40.39,50.12,220.0
2334.T,イオレ,2026-07-28,480.0,501.0,990.0,False,-49.39,0.77,0.36,,,,,2025-08-26,223.0,24.35,True,6.41,False,False,33.07,-40.6,False,crossed,59.0,,,13.49,False,-16.86,widening,True,0.0,-4.76,504.0,504.0,2026-04-30,0.0,True,2026-04-30,2026-02-27,,0.07,0.58,0.04,29.31,29.31,72.11,15.66,9.09,38.53
9227.T,マイクロ波化学,2026-07-28,807.0,819.0,1620.0,False,-49.44,0.66,0.73,,,,,2026-01-15,130.0,51.98,False,-10.84,True,False,23.81,-17.42,False,,,,,,,,,,,,,,,,,,,,0.26,0.51,0.43,36.39,43.79,44.99,-24.08,-26.37,57.93
2216.T,カンロ,2026-07-28,1229.0,1247.0,2470.0,False,-49.51,0.53,1.13,,,,,2025-09-26,202.0,-22.9,False,-11.42,False,True,14.77,-38.24,False,crossed,4.0,,,,False,,,False,,-30.96,1200.0,1780.0,2026-01-20,-32.58,False,2026-07-22,2026-02-25,,0.26,0.56,0.79,11.27,39.41,57.0,6.5,-28.88,-21.32
7036.T,イーエムネットジャパン,2026-07-28,640.0,640.0,1270.0,False,-49.61,0.87,0.48,,,,,2025-10-15,190.0,-34.69,False,-25.21,False,False,11.2,-20.98,False,,,,,,,,,,,,,,,,,,,,0.62,0.85,0.7,32.76,38.95,49.87,-27.19,-31.48,-34.89
410A.T,ＧＭＯコマース,2026-07-28,1127.0,1132.0,2249.0,False,-49.67,0.41,1.19,,,,,,,,False,-8.75,,True,5.3,-10.45,False,,,,,,,,,,,,,,,,,,,,0.02,0.09,,15.43,23.25,,-0.97,-11.68,
2193.T,クックパッド,2026-07-28,116.0,117.0,233.0,False,-49.79,0.77,0.64,,,,,2025-07-22,247.0,-49.34,False,-18.37,False,False,6.3,-17.54,False,,,,,,,,,,,,,,,,,,,,0.67,0.87,0.91,20.14,31.9,51.1,-15.33,-26.58,-46.54
5801.T,古河電気工業,2026-07-28,2983.0,3131.0,6241.0,False,-49.83,0.96,0.5,,,,,2026-05-27,43.0,314.71,True,11.46,True,False,36.76,-36.93,False,diverging,,-21.01,-0.12,,True,,,,,,,,,,,,2026-07-09,,0.47,0.52,0.84,50.4,50.4,50.4,-30.55,152.58,289.43
477A.T,スタートライン,2026-07-28,595.0,605.0,1209.0,False,-49.96,1.06,0.25,,,,,,,,,,,False,16.69,-31.54,False,,,,,,,,,,,,,,,,,,,,0.12,0.3,,18.14,45.34,,9.38,-36.23,
194A.T,ＷＯＬＶＥＳ　ＨＡＮＤ,2026-07-28,1309.0,1451.0,2900.0,False,-49.97,1.14,2.04,,,,,2025-11-18,167.0,82.82,False,-21.06,True,True,19.28,-17.37,False,crossed,0.0,,,,False,,,False,,-40.53,1309.0,2201.0,2026-02-04,-40.53,True,2026-07-28,2026-03-16,,0.0,0.53,0.28,28.65,45.8,50.44,-21.71,-29.24,83.59
2585.T,ライフドリンク　カンパニー,2026-07-28,1484.0,1506.0,3015.0,False,-50.05,0.62,0.75,,,,,2025-08-20,227.0,-24.48,False,-9.1,False,False,14.41,-24.24,False,,,,,,,,,,,,,,,,,,,,0.03,0.11,0.54,22.33,48.4,68.2,1.78,-18.51,-23.39
7360.T,オンデック,2026-07-28,638.0,642.0,1286.0,False,-50.08,0.14,3.3,,,,,2024-04-25,549.0,-33.19,False,-16.48,False,True,6.45,-14.51,False,,,,,,,,,,,,,,,,,,,,0.31,0.75,0.72,26.67,30.92,47.38,-16.71,-20.35,-29.5
2326.T,デジタルアーツ,2026-07-28,4085.0,4130.0,8280.0,False,-50.12,0.66,0.87,,,,,2025-07-31,240.0,-45.53,False,-26.02,False,True,10.23,-28.93,False,,,,,,,,,,,,,,,,,,,,0.32,0.66,0.89,40.66,41.74,56.48,-25.86,-26.53,-45.39
5985.T,サンコール,2026-07-28,1163.0,1203.0,2415.0,False,-50.19,0.93,0.58,,,,,2026-03-12,92.0,290.27,False,-13.5,True,False,38.25,-32.11,False,diverging,,-9.88,-0.04,,True,,,,,,,,,,,,2026-06-29,,0.43,0.2,0.62,45.24,48.99,48.99,-27.31,17.0,286.38
3656.T,ＫＬａｂ,2026-07-28,214.0,222.0,446.0,False,-50.22,0.27,1.18,,,,,2026-03-12,92.0,79.83,False,-24.58,True,False,23.32,-32.48,False,,,,,,,,,,,,,,,,,,,,0.28,0.69,0.24,45.81,55.3,55.3,-17.05,-36.69,79.83
4814.T,ネクストウェア,2026-07-28,153.0,156.0,314.0,False,-50.32,1.0,0.31,,,,,2025-09-30,200.0,-8.93,False,-16.38,False,False,17.81,-17.43,False,,,,,,,,,,,,,,,,,,,,0.74,0.85,0.04,24.87,42.23,42.23,-16.85,-29.49,-7.27
5590.T,ネットスターズ,2026-07-28,661.0,676.0,1363.0,False,-50.4,0.37,0.28,,,,,,,-29.76,False,-25.04,False,False,12.79,-22.65,False,,,,,,,,,,,,,,,,,,,,0.64,0.61,0.68,29.77,35.48,53.89,-19.09,-30.2,-28.54
2776.T,新都ホールディングス,2026-07-28,91.0,93.0,188.0,False,-50.53,0.44,0.39,,,,,2024-09-13,453.0,-44.51,False,-23.77,False,False,11.29,-18.26,False,,,,,,,,,,,,,,,,,,,,0.68,0.85,0.65,25.83,40.67,48.55,-23.53,-30.0,-39.33
4575.T,キャンバス,2026-07-28,730.0,770.0,1558.0,False,-50.58,0.78,2.21,,,,,2025-08-26,223.0,-31.39,False,-6.1,False,True,15.22,-19.76,False,crossed,2.0,,,,False,,,False,,-23.64,714.0,956.0,2026-02-03,-25.31,False,2026-07-24,2026-03-16,,0.05,0.56,0.75,23.78,44.35,63.34,4.58,-13.92,-29.47
324A.T,ブッキングリゾート,2026-07-28,695.0,704.0,1425.0,False,-50.6,0.4,0.39,,,,,,,-34.93,False,-27.93,False,False,8.39,-18.03,False,,,,,,,,,,,,,,,,,,,,0.78,0.83,0.71,38.95,41.62,52.09,-32.26,-31.8,-33.04
6696.T,トラース・オン・プロダクト,2026-07-28,284.0,290.0,588.0,False,-50.68,0.13,4.54,,,,,2024-06-04,524.0,-49.47,False,-17.27,False,True,15.93,-29.86,False,,,,,,,,,,,,,,,,,,,,0.35,0.41,0.52,40.25,46.29,58.65,-22.83,-15.48,-46.92
6666.T,リバーエレテック,2026-07-28,683.0,725.0,1474.0,False,-50.81,1.37,0.47,,,,,2026-05-27,43.0,36.87,True,0.69,True,False,22.54,-27.34,False,diverging,,-20.29,-1.61,,True,,,,,,,,,,,,2026-07-09,,0.55,0.45,0.63,52.37,52.37,52.37,-34.33,51.11,41.7
6147.T,ヤマザキ,2026-07-28,180.0,181.0,368.0,False,-50.82,0.35,0.62,,,,,2023-05-22,779.0,-44.27,False,-36.23,False,True,11.35,-34.93,False,,,,,,,,,,,,,,,,,,,,0.57,0.83,0.52,43.06,53.35,53.35,-34.55,-45.45,-45.12
4170.T,Ｋａｉｚｅｎ　Ｐｌａｔｆｏｒｍ,2026-07-28,117.0,119.0,242.0,False,-50.83,0.14,0.76,,,,,,,-44.55,False,-27.79,False,False,12.16,-20.61,False,,,,,,,,,,,,,,,,,,,,0.51,0.79,0.73,42.6,55.71,59.92,-29.52,-36.76,-43.75
277A.T,グロービング,2026-07-28,1639.0,1681.0,3420.0,False,-50.85,0.79,1.89,,,,,,,-37.99,False,-31.58,False,False,11.48,-26.34,False,diverging,,-15.55,-0.97,,True,,,,,,,,,,,,2026-06-15,,0.57,0.14,0.51,38.66,41.77,51.07,-33.96,-40.98,-34.7
9130.T,共栄タンカー,2026-07-28,1434.0,1486.0,3025.0,False,-50.88,0.91,0.56,,,,,2026-03-16,90.0,43.4,True,5.56,True,True,17.66,-19.79,False,imminent,,-2.0,,,False,,,,,,,,,,,,2026-05-20,,0.03,0.0,0.49,21.68,49.67,49.67,-13.67,26.23,43.4
2195.T,アミタホールディングス,2026-07-28,325.0,331.0,675.0,False,-50.96,0.34,0.58,,,,,2026-04-03,77.0,-17.09,False,-11.04,False,False,20.93,-33.33,False,,,,,,,,,,,,,,,,,,,,0.8,0.02,0.02,45.86,49.17,49.17,-40.59,-11.68,-17.3
3996.T,サインポスト,2026-07-28,197.0,200.0,408.0,False,-50.98,0.16,11.96,,,,,2024-04-15,557.0,-41.72,False,-20.36,False,True,12.18,-21.62,False,,,,,,,,,,,,,,,,,,,,0.16,0.74,0.85,29.83,43.96,57.51,-9.22,-29.14,-36.45
8267.T,イオン,2026-07-28,1414.5,1426.0,2920.0,False,-51.16,0.93,1.18,,,,,2025-11-25,163.0,-3.84,False,-27.65,False,True,15.93,-19.87,False,,,,,,,,,,,,,,,,,,,,0.44,0.9,0.21,17.25,45.93,54.89,-8.12,-36.07,-4.01
9973.T,ＫＯＺＯホールディングス,2026-07-28,21.0,21.0,43.0,False,-51.16,0.16,0.79,,,,,2025-07-01,261.0,-38.24,False,-16.68,False,False,12.71,-16.13,False,,,,,,,,,,,,,,,,,,,,0.55,0.85,0.36,26.92,38.71,51.28,-16.0,-27.59,-34.38
155A.T,情報戦略テクノロジー,2026-07-28,828.0,854.0,1750.0,False,-51.2,1.12,0.53,,,,,2025-11-27,161.0,65.27,False,-20.04,False,True,17.98,-33.89,False,crossed,27.0,,,-1.92,False,-10.96,widening,False,,-42.74,886.0,1446.0,2026-01-06,-38.73,True,2026-06-18,2026-02-19,,0.32,0.36,0.0,9.99,48.39,56.19,0.85,-36.7,70.37
6190.T,フェニックスバイオ,2026-07-28,343.0,353.0,724.0,False,-51.24,0.53,0.52,,,,,2025-02-25,347.0,-12.94,False,-23.78,False,False,12.92,-21.99,False,,,,,,,,,,,,,,,,,,,,0.82,0.78,0.13,29.26,35.84,52.21,-22.05,-26.39,-12.05
1491.T,中外鉱業,2026-07-28,715.0,720.0,1480.0,False,-51.35,1.18,0.73,,,,,2025-03-04,342.0,-33.8,False,-19.39,False,True,14.67,-19.35,False,,,,,,,,,,,,,,,,,,,,0.4,0.85,0.4,29.47,46.48,55.62,-19.48,-33.73,-36.16
6997.T,日本ケミコン,2026-07-28,2824.0,3010.0,6190.0,False,-51.37,0.84,0.7,,,,,2026-06-22,25.0,147.94,True,20.1,True,False,40.47,-48.56,False,crossed,68.0,,,-0.97,True,10.69,narrowing,True,0.0,24.68,2265.0,2265.0,2026-04-16,0.0,False,2026-04-16,2026-04-07,,0.13,0.75,0.66,52.78,52.78,52.78,23.05,78.06,144.29
7034.T,プロレド・パートナーズ,2026-07-28,366.0,391.0,805.0,False,-51.43,2.33,1.51,,,,,2025-09-08,214.0,-40.58,False,-23.42,False,False,10.06,-16.96,False,,,,,,,,,,,,,,,,,,,,0.3,0.85,0.88,23.19,44.69,58.9,-9.85,-37.65,-36.9
9145.T,ビーイングホールディングス,2026-07-28,567.0,569.0,1172.5,False,-51.47,0.36,1.24,,,,,2025-08-20,227.0,-32.8,False,-22.44,False,False,8.17,-18.03,False,,,,,,,,,,,,,,,,,,,,0.26,0.86,0.85,19.52,46.2,56.82,-5.34,-38.64,-32.7
6088.T,シグマクシス・ホールディングス,2026-07-28,592.0,596.0,1229.0,False,-51.51,0.99,0.58,,,,,2025-06-12,274.0,-50.95,False,-15.82,False,True,7.91,-19.74,False,,,,,,,,,,,,,,,,,,,,0.15,0.77,0.91,20.74,39.22,57.84,-7.93,-28.59,-50.13
7527.T,システムソフト,2026-07-28,46.0,48.0,99.0,False,-51.52,1.1,0.53,,,,,2025-09-24,204.0,-38.67,False,-21.45,False,True,8.94,-14.75,False,,,,,,,,,,,,,,,,,,,,0.43,0.81,0.71,16.67,34.78,50.0,-13.21,-33.33,-36.11
3653.T,モルフォ,2026-07-28,627.0,648.0,1337.0,False,-51.53,0.94,0.89,,,,,2024-09-18,451.0,-48.22,False,-18.29,False,True,11.27,-27.46,False,,,,,,,,,,,,,,,,,,,,0.33,0.66,0.92,25.97,32.54,56.85,-12.67,-25.53,-47.58
9345.T,ビズメイツ,2026-07-28,648.0,648.0,1338.5,False,-51.59,0.27,0.6,,,,,2025-08-14,231.0,-45.15,False,-7.07,False,True,8.86,-15.4,False,crossed,0.0,,,,False,,,False,,-14.62,648.0,759.0,2026-01-13,-14.62,False,2026-07-28,2025-09-11,,0.04,0.65,0.91,15.14,26.3,59.81,2.21,-10.25,-45.68
7815.T,東京ボード工業,2026-07-28,329.0,341.0,705.0,False,-51.63,0.05,24.98,,,,,2026-07-01,18.0,-46.94,False,-18.98,False,True,17.52,-28.05,False,crossed,7.0,,,-1.13,False,-7.82,widening,False,,-32.99,353.0,491.0,2026-07-01,-28.11,False,2026-07-16,2026-04-17,,0.05,0.21,0.79,38.75,44.2,64.63,-7.84,-12.5,-47.61
5074.T,テスホールディングス,2026-07-28,658.0,695.0,1440.0,False,-51.74,0.99,0.81,,,,,2026-05-25,45.0,64.5,True,10.18,True,False,28.1,-29.4,False,,,,,,,,,,,,,,,,,,,,0.17,0.61,0.66,50.71,50.71,50.71,-7.58,67.43,59.71
3267.T,フィル・カンパニー,2026-07-28,611.0,613.0,1273.0,False,-51.85,0.33,1.18,,,,,2026-03-12,92.0,-22.85,False,-33.14,False,True,13.8,-20.51,False,,,,,,,,,,,,,,,,,,,,0.41,0.81,0.26,28.71,50.46,50.46,-25.94,-42.47,-23.24
9561.T,グラッドキューブ,2026-07-28,399.0,400.0,831.0,False,-51.87,1.3,0.24,,,,,2025-02-21,348.0,-48.65,False,-11.05,False,False,8.93,-14.95,False,diverging,,-3.27,-2.98,,False,,,,,,,,,,,,2026-05-12,,0.26,0.35,0.67,13.88,22.42,49.74,-7.21,-18.07,-47.64
476A.T,辻・本郷ＩＴコンサルティング,2026-07-28,1600.0,1600.0,3325.0,False,-51.88,2.59,1.2,,,,,,,,,,,True,13.01,-27.18,False,,,,,,,,,,,,,,,,,,,,0.05,0.58,,18.72,39.96,,-7.14,-28.28,
4176.T,ココナラ,2026-07-28,263.0,269.0,559.0,False,-51.88,0.69,0.91,,,,,2025-09-08,214.0,-35.85,False,-15.73,False,True,9.88,-24.38,False,imminent,,-0.04,,,False,,,,,,,,,,,,2026-02-17,,0.0,0.61,0.84,12.04,36.58,55.86,-4.01,-27.15,-32.22
475A.T,ギミック,2026-07-28,598.0,600.0,1249.0,False,-51.96,1.07,0.58,,,,,,,,,,,False,11.13,-28.05,False,,,,,,,,,,,,,,,,,,,,0.71,0.84,,41.91,49.83,,-40.62,-48.31,
4260.T,ハイブリッドテクノロジーズ,2026-07-28,220.0,220.0,458.0,False,-51.97,0.19,1.1,,,,,,,-48.6,False,-22.71,False,False,5.8,-12.39,False,,,,,,,,,,,,,,,,,,,,0.88,0.86,0.91,23.34,29.03,51.97,-23.34,-28.57,-48.6
6787.T,メイコー,2026-07-28,20690.0,21740.0,45300.0,False,-52.01,0.67,0.77,,,,,2026-05-25,45.0,210.19,False,-0.78,True,False,27.11,-33.26,False,diverging,,-21.07,-0.22,,True,,,,,,,,,,,,2026-07-09,,0.47,0.43,0.85,52.38,52.38,52.38,-29.72,100.1,201.16
5591.T,ＡＶＩＬＥＮ,2026-07-28,781.0,813.0,1694.0,False,-52.01,0.92,0.62,,,,,,,-52.26,False,-27.29,False,True,9.95,-19.58,False,,,,,,,,,,,,,,,,,,,,0.32,0.73,0.89,39.74,48.16,59.22,-17.18,-40.24,-50.79
3840.T,パス,2026-07-28,55.0,58.0,121.0,False,-52.07,1.76,0.92,,,,,2023-12-14,637.0,-52.59,False,-17.7,False,True,11.97,-23.38,False,crossed,5.0,,,-8.33,False,-9.08,,False,,-40.22,60.0,92.0,2026-03-12,-34.78,False,2026-07-21,2026-05-12,,0.13,0.01,0.69,15.38,41.3,55.17,-8.33,-9.84,-50.89
5380.T,新東,2026-07-28,1065.0,1065.0,2226.0,False,-52.16,0.41,1.57,,,,,2024-06-04,524.0,-32.17,False,-27.6,False,False,5.64,-16.85,False,,,,,,,,,,,,,,,,,,,,0.71,0.91,0.71,28.5,37.86,46.65,-25.78,-35.14,-32.59
8946.T,ＡＳＩＡＮ　ＳＴＡＲ,2026-07-28,75.0,76.0,159.0,False,-52.2,0.11,0.41,,,,,2026-02-25,103.0,-27.18,False,-11.8,False,True,14.27,-23.81,False,imminent,,-2.31,,,False,,,,,,,,,,,,2026-04-27,,0.09,0.38,0.61,15.29,40.98,40.98,-10.71,-6.25,-27.18
3647.T,アスリナ,2026-07-28,112.0,114.0,239.0,False,-52.3,0.08,2.17,,,,,2026-02-13,110.0,-23.81,False,-13.34,False,True,9.77,-16.87,False,imminent,,-1.65,,,False,,,,,,,,,,,,2026-05-08,,0.0,0.36,0.42,18.94,44.27,44.27,-15.15,-11.11,-24.32
7090.T,リグア,2026-07-28,813.0,813.0,1705.0,False,-52.32,0.25,0.37,,,,,2025-10-17,188.0,-22.87,False,-14.9,False,False,9.16,-19.68,False,,,,,,,,,,,,,,,,,,,,0.37,0.5,0.57,32.22,32.22,50.56,-12.58,-13.14,-22.87
299A.T,クラシル,2026-07-28,1050.0,1089.0,2285.0,False,-52.34,1.05,0.5,,,,,,,-43.09,False,-6.79,False,True,9.1,-21.51,False,crossed,0.0,,,,True,,,False,,-15.39,1050.0,1241.0,2026-01-21,-15.39,False,2026-07-28,2026-06-25,,0.02,0.04,0.81,23.32,24.1,60.44,14.88,-10.26,-41.5
4059.T,まぐまぐ,2026-07-28,416.0,417.0,876.0,False,-52.4,0.66,1.06,,,,,2025-09-11,211.0,-24.23,False,-14.49,False,True,10.66,-20.79,False,imminent,,-0.03,,,False,,,,,,,,,,,,2025-10-31,,0.0,0.7,0.76,23.34,35.38,52.33,-9.37,-18.91,-22.68
5616.T,雨風太陽,2026-07-28,621.0,628.0,1320.0,False,-52.42,0.46,0.3,,,,,,,-47.86,False,-25.54,False,False,5.64,-13.42,False,,,,,,,,,,,,,,,,,,,,0.76,0.9,0.97,25.98,39.67,53.0,-20.69,-36.18,-49.26
9256.T,サクシード,2026-07-28,2233.0,2631.0,5550.0,False,-52.59,1.45,0.79,,,,,2026-06-29,20.0,181.94,True,51.37,True,True,76.23,-51.82,False,crossed,53.0,,,81.94,True,88.09,narrowing,True,0.0,98.67,1124.0,1124.0,2026-05-13,0.0,False,2026-05-13,2026-04-06,,0.59,0.74,0.47,60.81,60.81,60.81,187.39,172.98,178.78
4011.T,ヘッドウォータース,2026-07-28,1910.0,1978.0,4180.0,False,-52.68,1.69,0.62,,,,,2024-03-06,584.0,-50.45,False,-28.07,False,False,7.02,-20.28,False,diverging,,-6.17,-2.87,,False,,,,,,,,,,,,2026-02-24,,0.26,0.76,0.92,22.01,45.43,53.07,-6.74,-42.81,-50.33
6907.T,ジオマテック,2026-07-28,638.0,677.0,1432.0,False,-52.72,0.93,0.66,,,,,2025-11-12,171.0,-22.95,False,-36.63,False,True,19.32,-34.23,False,,,,,,,,,,,,,,,,,,,,0.49,0.86,0.29,39.98,55.61,58.8,-34.16,-51.99,-22.85
2440.T,ぐるなび,2026-07-28,123.0,126.0,267.0,False,-52.81,0.77,0.91,,,,,2024-09-03,461.0,-51.19,False,-21.04,False,True,5.92,-17.12,False,,,,,,,,,,,,,,,,,,,,0.31,0.8,0.95,21.62,32.95,56.23,-16.89,-27.65,-50.8
2291.T,福留ハム,2026-07-28,524.0,526.0,1117.0,False,-52.91,0.71,0.61,,,,,,,-50.89,False,-14.36,False,True,11.94,-38.66,False,,,,,,,,,,,,,,,,,,,,0.42,0.83,0.81,21.04,27.51,57.59,-11.78,-19.01,-50.89
2936.T,ベースフード,2026-07-28,258.0,260.0,555.0,False,-53.15,0.43,0.94,,,,,2025-02-18,351.0,-45.57,False,-21.84,False,False,10.94,-28.66,False,,,,,,,,,,,,,,,,,,,,0.73,0.9,0.76,18.87,41.1,51.04,-18.1,-35.98,-45.22
7886.T,ヤマト　モビリティ　＆　Ｍｆｇ．,2026-07-28,710.0,747.0,1595.0,False,-53.17,3.22,0.51,,,,,2025-07-25,244.0,-26.27,False,-7.04,False,True,13.4,-24.48,False,crossed,18.0,,,3.82,False,-2.06,narrowing,False,,-23.41,706.0,927.0,2026-01-20,-23.84,False,2026-07-01,2026-03-04,3ヶ月,0.83,0.31,0.78,8.84,42.61,59.38,33.71,-22.15,-27.18
9412.T,スカパーＪＳＡＴ,2026-07-28,2101.0,2208.0,4720.0,False,-53.22,0.71,0.63,,,,,2026-05-27,43.0,50.72,False,-18.68,True,False,20.85,-40.11,False,diverging,,-35.33,-2.78,,True,,,,,,,,,,,,2026-07-01,,0.73,0.02,0.76,54.03,54.03,54.03,-36.04,-0.85,50.93
137A.T,Ｃｏｃｏｌｉｖｅ,2026-07-28,705.0,705.0,1510.0,False,-53.31,0.16,0.88,,,,,,,-49.5,False,-18.24,False,True,13.16,-24.64,False,crossed,13.0,,,-8.71,True,-14.2,widening,False,,-36.54,804.0,1111.0,2026-01-09,-27.63,False,2026-07-08,2026-05-26,,0.12,0.03,0.83,24.22,31.71,62.67,-3.56,-12.42,-45.52
6597.T,ＨＰＣシステムズ,2026-07-28,3260.0,3500.0,7500.0,False,-53.33,0.79,0.19,,,,,2026-06-05,36.0,78.24,True,25.51,True,False,35.11,-22.57,False,crossed,74.0,,,1.15,True,5.44,narrowing,True,18.0,8.67,2702.0,3000.0,2026-04-06,-9.93,False,2026-04-08,2026-03-27,,0.1,0.69,0.56,53.3,53.3,53.3,26.95,63.82,81.92
4165.T,プレイド,2026-07-28,568.0,577.0,1237.0,False,-53.35,0.31,0.71,,,,,2024-11-28,403.0,-49.29,False,-18.1,False,True,11.07,-25.52,False,imminent,,-2.43,,,False,,,,,,,,,,,,2025-09-03,,0.0,0.33,0.89,31.32,46.24,63.6,4.03,-30.98,-48.83
7746.T,岡本硝子,2026-07-28,739.0,763.0,1638.0,False,-53.42,0.28,0.38,,,,,2026-02-09,113.0,329.65,False,-0.18,True,True,52.26,-23.31,False,,,,,,,,,,,,,,,,,,,,0.16,0.73,0.71,35.29,55.89,55.89,-22.62,-32.51,334.71
8836.T,ＲＩＳＥ,2026-07-28,26.0,27.0,58.0,False,-53.45,0.17,0.62,,,,,2025-07-16,250.0,-36.59,False,-13.35,False,True,6.62,-17.24,False,imminent,,-2.87,,,False,,,,,,,,,,,,2026-04-30,,0.06,0.59,0.86,23.33,28.12,54.9,-13.33,-13.33,-35.0
5994.T,ファインシンター,2026-07-28,998.0,1010.0,2170.0,False,-53.46,0.48,0.48,,,,,2026-02-12,111.0,19.52,False,-31.88,False,True,18.39,-27.74,False,,,,,,,,,,,,,,,,,,,,0.45,0.88,0.0,35.8,56.85,56.85,-30.5,-44.8,17.69
2721.T,ジェイホールディングス,2026-07-28,131.0,134.0,288.0,False,-53.47,0.36,1.63,,,,,2023-04-07,807.0,-34.17,False,-17.56,False,True,8.36,-20.69,False,crossed,10.0,,,15.75,False,1.72,narrowing,False,,-38.79,127.0,214.0,2026-01-27,-40.65,False,2026-07-13,2025-12-02,,0.7,0.55,0.76,10.88,49.53,62.5,15.93,-28.8,-40.18
6072.T,地盤ネットホールディングス,2026-07-28,870.0,911.0,1958.0,False,-53.47,1.16,0.24,,,,,2026-06-03,38.0,378.02,True,28.21,True,False,129.86,-31.08,False,diverging,,-14.49,-1.32,,True,,,,,,,,,,,,2026-07-10,,0.18,0.33,0.78,53.58,53.58,53.58,-27.86,306.54,397.14
9337.T,トリドリ,2026-07-28,1641.0,1670.0,3590.0,False,-53.48,4.07,1.09,,,,,2026-02-02,118.0,-26.41,False,-27.3,False,False,19.9,-48.77,False,diverging,,-5.95,-0.58,,False,,,,,,,,,,,,2026-02-24,,0.23,0.45,0.49,24.42,58.36,58.36,-3.64,-52.43,-23.1
3963.T,シンクロ・フード,2026-07-28,336.0,347.0,748.0,False,-53.61,0.46,0.57,,,,,2025-12-23,143.0,-42.76,False,-33.11,False,True,13.22,-21.58,False,,,,,,,,,,,,,,,,,,,,0.32,0.88,0.67,35.13,55.89,62.16,-20.75,-46.24,-41.97
3110.T,日東紡績,2026-07-28,2856.0,3050.0,6580.0,False,-53.65,1.03,0.46,,,,,2026-05-07,57.0,116.04,False,-18.26,True,False,37.9,-33.81,False,,,,,,,,,,,,,,,,,,,,0.82,0.01,0.76,55.31,55.31,55.31,-47.85,-18.77,110.93
9211.T,エフ・コード,2026-07-28,1334.0,1380.0,2985.0,False,-53.77,0.66,0.73,,,,,2025-08-15,230.0,-44.76,False,-15.73,False,False,10.64,-20.84,False,diverging,,-5.26,-2.47,,False,,,,,,,,,,,,2026-03-23,,0.43,0.57,0.75,17.64,24.45,54.26,-7.68,-12.75,-43.62
4889.T,レナサイエンス,2026-07-28,1482.0,1525.0,3310.0,False,-53.93,0.39,0.62,,,,,2025-07-31,240.0,-45.45,False,-10.85,False,False,22.46,-36.22,False,crossed,19.0,,,-7.19,False,-7.65,widening,False,,-30.75,1558.0,2140.0,2026-03-11,-27.2,False,2026-06-30,2026-04-20,,0.15,0.08,0.55,31.23,47.62,64.3,25.49,-0.6,-44.39
7383.T,ネットプロテクションズホールディングス,2026-07-28,426.0,435.0,952.0,False,-54.31,0.62,0.54,,,,,2025-09-22,205.0,-38.26,False,-17.06,False,True,17.61,-32.96,False,imminent,,-2.73,,,False,,,,,,,,,,,,2025-11-12,,0.07,0.47,0.84,25.78,38.7,64.79,2.4,-18.7,-36.98
9213.T,セイファート,2026-07-27,1050.0,1050.0,2298.0,False,-54.31,0.86,0.96,,,,,2025-09-10,211.0,32.08,True,17.16,False,True,22.09,-35.19,False,crossed,75.0,,,5.18,False,0.35,narrowing,True,0.0,15.77,907.0,907.0,2026-04-06,0.0,True,2026-04-06,2025-10-31,,0.53,0.81,0.01,7.66,14.34,64.49,12.78,37.98,31.41
6976.T,太陽誘電,2026-07-28,10140.0,10980.0,24065.0,False,-54.37,0.79,0.93,,,,,2026-07-01,18.0,296.09,True,46.88,True,False,49.15,-49.68,False,crossed,108.0,,,15.46,True,107.1,narrowing,True,0.0,128.17,4444.0,4444.0,2026-02-17,0.0,True,2026-02-17,2026-01-14,,0.38,0.81,0.72,55.24,55.24,55.24,55.81,181.59,298.74
5939.T,大谷工業,2026-07-28,4840.0,4840.0,10630.0,False,-54.47,1.37,0.85,,,,,2026-02-17,108.0,-10.87,False,-15.19,False,False,17.36,-43.36,False,,,,,,,,,,,,,,,,,,,,0.21,0.64,0.01,7.95,51.95,51.95,-7.28,-30.96,-12.0
291A.T,リスキル,2026-07-28,1760.0,1760.0,3870.0,False,-54.52,0.12,0.37,,,,,,,-50.56,False,-37.83,False,True,11.64,-35.36,False,,,,,,,,,,,,,,,,,,,,0.45,0.87,0.71,41.32,55.59,56.62,-35.15,-49.21,-51.04
4446.T,Ｌｉｎｋ－Ｕグループ,2026-07-28,800.0,823.0,1814.0,False,-54.63,0.16,1.77,,,,,2025-10-15,190.0,135.99,False,-13.59,True,True,31.99,-35.17,False,crossed,13.0,,,-11.95,False,-15.77,widening,False,,-41.35,929.0,1364.0,2026-02-19,-31.89,True,2026-07-08,2026-03-19,,0.4,0.47,0.15,23.08,58.94,64.89,12.2,-29.39,135.99
4013.T,勤次郎,2026-07-28,693.0,694.0,1530.0,False,-54.64,0.74,0.79,,,,,2025-09-25,203.0,-21.96,False,-24.13,False,True,16.84,-31.49,False,crossed,7.0,,,-3.0,False,-1.88,narrowing,False,,-48.09,699.0,1335.0,2026-01-09,-47.64,True,2026-07-16,2025-11-25,,0.04,0.38,0.62,23.46,54.04,63.53,0.0,-42.73,-21.52
6659.T,メディアリンクス,2026-07-28,51.0,52.0,115.0,False,-54.78,0.38,0.39,,,,,2026-05-26,44.0,-25.0,True,1.25,False,False,37.13,-21.54,False,crossed,45.0,,,-28.12,False,-55.55,widening,True,0.0,-46.88,96.0,96.0,2026-05-25,0.0,False,2026-05-25,2025-10-02,,0.12,0.22,0.09,47.92,47.92,56.58,37.84,-3.77,-23.88
6721.T,ウインテスト,2026-07-28,76.0,80.0,177.0,False,-54.8,0.46,0.21,,,,,2025-02-04,360.0,-28.3,False,-25.58,False,True,12.18,-27.62,False,,,,,,,,,,,,,,,,,,,,0.47,0.83,0.56,31.13,48.59,53.21,-25.49,-33.33,-26.21
7095.T,Ｍａｃｂｅｅ　Ｐｌａｎｅｔ,2026-07-28,1198.0,1225.0,2714.0,False,-54.86,0.88,0.43,,,,,2023-07-11,743.0,-55.45,False,-18.24,False,True,8.27,-17.53,False,,,,,,,,,,,,,,,,,,,,0.32,0.81,0.94,28.17,37.08,63.71,-12.11,-22.61,-54.26
6969.T,松尾電機,2026-07-28,979.0,1063.0,2369.0,False,-55.13,1.07,0.65,,,,,2026-05-26,44.0,22.22,False,-12.29,True,False,25.96,-35.78,False,diverging,,-24.85,-0.29,,True,,,,,,,,,,,,2026-07-13,,0.37,0.43,0.47,56.85,56.85,56.85,-22.79,19.83,21.46
4395.T,アクリート,2026-07-28,717.0,747.0,1665.0,False,-55.14,0.28,1.64,,,,,2025-08-26,223.0,-20.77,False,-29.61,False,False,18.07,-25.95,False,,,,,,,,,,,,,,,,,,,,0.59,0.73,0.07,45.08,52.14,56.01,-36.49,-36.94,-18.34
7375.T,リファインバースグループ,2026-07-28,1106.0,1193.0,2660.0,False,-55.15,1.52,0.48,,,,,2026-04-22,64.0,43.64,False,-5.16,True,False,28.34,-30.22,False,diverging,,-25.61,-2.01,,True,,,,,,,,,,,,2026-06-23,,0.81,0.24,0.44,48.0,51.17,51.17,-45.52,25.11,44.58
7071.T,アンビスホールディングス,2026-07-28,368.0,379.0,845.0,False,-55.15,0.62,0.78,,,,,2023-02-13,844.0,-25.35,False,-17.38,False,True,11.86,-21.46,False,,,,,,,,,,,,,,,,,,,,0.07,0.79,0.76,18.58,38.7,58.55,-6.36,-22.69,-24.59
130A.T,Ｖｅｒｉｔａｓ　Ｉｎ　Ｓｉｌｉｃｏ,2026-07-28,411.0,420.0,940.0,False,-55.32,0.55,0.48,,,,,,,-38.38,False,-15.33,False,True,7.13,-23.48,False,,,,,,,,,,,,,,,,,,,,0.09,0.65,0.82,17.55,23.53,56.62,-11.42,-14.91,-34.13
4583.T,カイオム・バイオサイエンス,2026-07-28,68.0,70.0,157.0,False,-55.41,0.42,0.73,,,,,2024-11-26,405.0,-56.41,False,-34.56,False,False,6.79,-18.0,False,,,,,,,,,,,,,,,,,,,,0.63,0.86,0.87,34.65,46.77,56.58,-32.0,-40.35,-54.36
1885.T,東亜建設工業,2026-07-28,2043.0,2086.0,4680.0,False,-55.43,0.77,0.64,,,,,2026-02-12,111.0,16.74,False,-26.54,False,False,17.82,-28.01,False,,,,,,,,,,,,,,,,,,,,0.8,0.87,0.07,33.19,57.03,57.03,-25.38,-38.0,16.94
6047.T,Ｇｕｎｏｓｙ,2026-07-28,358.0,363.0,816.0,False,-55.51,0.52,2.0,,,,,2024-08-27,466.0,-46.57,False,-32.15,False,False,8.24,-21.15,False,,,,,,,,,,,,,,,,,,,,0.7,0.77,0.85,33.71,39.86,54.55,-29.94,-36.52,-53.51
5599.T,Ｓ＆Ｊ,2026-07-28,1091.0,1119.0,2516.0,False,-55.52,0.33,0.68,,,,,2026-01-23,124.0,-9.31,False,-27.57,False,True,19.24,-30.19,False,,,,,,,,,,,,,,,,,,,,0.03,0.78,0.11,39.28,64.9,64.9,-19.3,-52.34,-7.31
3909.T,ショーケース,2026-07-28,199.0,200.0,450.0,False,-55.56,0.46,0.61,,,,,2025-09-05,215.0,-41.47,False,-21.92,False,False,6.76,-12.62,False,,,,,,,,,,,,,,,,,,,,0.56,0.86,0.93,22.18,37.37,56.84,-12.72,-32.08,-40.6
219A.T,Ｈｅａｒｔｓｅｅｄ,2026-07-28,1715.0,1744.0,3925.0,False,-55.57,1.03,0.44,,,,,,,-52.36,False,-4.17,False,True,13.52,-32.04,False,,,,,,,,,,,,,,,,,,,,0.17,0.67,0.57,24.66,31.03,63.17,-6.84,-14.29,-45.9
7602.T,レダックス,2026-07-28,171.0,172.0,388.0,False,-55.67,0.55,2.21,,,,,2026-01-30,119.0,26.67,False,-3.0,True,True,31.23,-29.08,False,,,,,,,,,,,,,,,,,,,,0.17,0.77,0.21,29.65,58.7,58.7,-13.2,-17.79,28.57
6030.T,アドベンチャー,2026-07-28,1497.0,1533.0,3460.0,False,-55.69,0.39,0.67,,,,,2022-12-01,893.0,-54.15,False,-14.4,False,True,12.76,-30.11,False,imminent,,-0.12,,,False,,,,,,,,,,,,2026-04-07,,0.0,0.55,0.83,30.95,44.2,66.72,-7.59,-12.46,-53.15
5588.T,ファーストアカウンティング,2026-07-28,766.0,781.0,1765.0,False,-55.75,0.84,0.46,,,,,2024-12-26,383.0,-53.88,False,-17.51,False,True,7.59,-16.27,False,imminent,,-2.19,,,False,,,,,,,,,,,,2025-08-19,,0.02,0.45,0.91,21.93,36.14,58.54,-12.95,-27.19,-51.73
3726.T,フォーシーズＨＤ,2026-07-28,370.0,372.0,841.0,False,-55.77,1.25,0.39,,,,,2025-06-18,270.0,-50.67,False,-15.49,False,True,9.73,-20.15,False,,,,,,,,,,,,,,,,,,,,0.34,0.68,0.86,33.82,33.82,57.75,-14.75,-19.39,-45.83
8165.T,千趣会,2026-07-28,109.0,111.0,251.0,False,-55.78,1.63,0.86,,,,,2023-05-19,780.0,-56.05,False,-34.76,False,False,9.45,-31.07,False,,,,,,,,,,,,,,,,,,,,0.87,0.69,0.89,20.15,48.56,57.37,-16.79,-47.09,-55.69
5724.T,アサカ理研,2026-07-28,2276.0,2429.0,5500.0,False,-55.84,0.89,0.99,,,,,2026-01-16,129.0,84.89,False,-19.35,True,False,25.51,-18.56,False,,,,,,,,,,,,,,,,,,,,0.68,0.91,0.5,32.6,49.41,53.71,-30.08,-38.82,86.4
244A.T,グロースエクスパートナーズ,2026-07-28,1155.0,1180.0,2672.0,False,-55.84,0.27,2.56,,,,,,,-50.98,False,-20.12,False,True,10.93,-18.56,False,crossed,16.0,,,-0.4,False,-9.12,narrowing,False,,-34.97,1239.0,1776.0,2026-01-13,-30.24,False,2026-07-03,2025-10-22,,0.5,0.54,0.9,12.49,31.51,58.76,6.06,-24.56,-50.51
4438.T,Ｗｅｌｂｙ,2026-07-28,239.0,246.0,558.0,False,-55.91,0.82,0.06,,,,,2025-11-13,170.0,-34.34,False,-19.7,False,False,10.48,-12.05,False,,,,,,,,,,,,,,,,,,,,0.77,0.41,0.3,23.79,46.98,54.42,-20.86,-19.53,-33.98
177A.T,コージンバイオ,2026-07-28,869.0,890.0,2020.0,False,-55.94,0.13,0.87,,,,,,,-48.88,False,-32.91,False,False,12.11,-31.64,False,,,,,,,,,,,,,,,,,,,,0.83,0.47,0.8,48.99,48.99,53.45,-34.61,-36.43,-48.88
550A.T,ソフトテックス,2026-07-28,2245.0,2300.0,5220.0,False,-55.94,0.16,0.68,,,,,,,,,,,True,,,False,,,,,,,,,,,,,,,,,,,,0.06,,,36.25,,,-25.54,,
6228.T,ジェイ・イー・ティ,2026-07-28,508.0,527.0,1197.0,False,-55.97,1.56,0.31,,,,,2024-04-09,561.0,-32.09,False,-25.16,False,False,11.47,-14.72,False,diverging,,-17.52,-1.26,,True,,,,,,,,,,,,2026-07-09,,0.29,0.46,0.52,41.23,42.79,58.25,-17.8,-38.94,-31.17
153A.T,カウリス,2026-07-28,1191.0,1270.0,2888.0,False,-56.02,0.57,0.45,,,,,2025-09-19,206.0,-29.94,False,-18.49,False,False,25.82,-44.77,False,diverging,,-19.55,-2.33,,True,,,,,,,,,,,,2026-06-30,,0.48,0.11,0.36,49.73,49.73,62.43,-22.91,0.59,-27.82
276A.T,ククレブ・アドバイザーズ,2026-07-28,3350.0,3600.0,8190.0,False,-56.04,0.68,2.1,,,,,,,-48.14,False,-6.12,False,True,19.92,-38.02,False,crossed,8.0,,,-9.32,False,-17.93,widening,False,,-31.49,4025.0,4890.0,2026-02-04,-17.69,False,2026-07-15,2026-04-16,,0.25,0.06,0.55,20.74,44.89,68.9,3.55,32.73,-38.64
2342.T,トランスジェニックグループ,2026-07-28,211.0,214.0,487.0,False,-56.06,0.59,0.34,,,,,2025-12-01,159.0,17.22,False,-17.36,False,False,34.38,-25.06,False,,,,,,,,,,,,,,,,,,,,0.67,0.86,0.06,22.18,37.08,57.49,-19.77,-28.23,23.39
4199.T,ワンダープラネット,2026-07-28,832.0,844.0,1923.0,False,-56.11,0.48,7.84,,,,,2026-01-06,136.0,-27.9,False,-11.94,False,True,30.17,-31.78,False,imminent,,-1.7,,,False,,,,,,,,,,,,2026-03-23,,0.0,0.73,0.17,26.4,57.94,62.1,-1.19,-42.26,-30.55
4880.T,セルソース,2026-07-28,312.0,321.0,732.0,False,-56.15,0.45,0.67,,,,,2021-12-09,1131.0,-55.43,False,-23.32,False,True,7.92,-22.82,False,,,,,,,,,,,,,,,,,,,,0.34,0.75,0.93,21.69,30.02,58.77,-15.22,-24.82,-53.78
5132.T,ｐｌｕｓｚｅｒｏ,2026-07-28,1910.0,1970.0,4495.0,False,-56.17,0.55,0.44,,,,,2025-11-11,172.0,-38.78,False,-26.52,False,True,14.59,-25.13,False,imminent,,-2.44,,,False,,,,,,,,,,,,2026-05-19,,0.03,0.42,0.78,41.73,47.13,68.76,-13.38,-26.85,-38.09
7719.T,東京衡機,2026-07-28,419.0,430.0,983.0,False,-56.26,0.41,1.16,,,,,2026-03-10,94.0,79.83,False,-0.47,True,True,33.88,-21.1,False,,,,,,,,,,,,,,,,,,,,0.45,0.0,0.59,46.99,55.31,55.31,-42.6,35.16,85.4
4412.T,サイエンスアーツ,2026-07-28,1127.0,1161.0,2655.0,False,-56.27,0.56,2.06,,,,,2026-01-16,129.0,-6.47,False,-33.34,False,True,16.55,-25.86,False,,,,,,,,,,,,,,,,,,,,0.57,0.9,0.0,35.77,56.33,58.82,-31.45,-45.63,-2.93
7273.T,イクヨ,2026-07-28,600.0,603.0,1380.0,False,-56.3,1.04,0.97,,,,,2025-08-29,220.0,-29.49,False,-16.95,False,False,19.28,-28.89,False,,,,,,,,,,,,,,,,,,,,0.64,0.77,0.67,11.11,25.0,52.83,-7.55,-24.24,-26.47
4107.T,伊勢化学工業,2026-07-28,3525.0,3690.0,8450.0,False,-56.33,0.34,0.77,,,,,2026-02-09,113.0,41.51,False,-23.06,True,False,17.22,-22.06,False,,,,,,,,,,,,,,,,,,,,0.71,0.9,0.35,33.91,56.11,56.11,-31.42,-42.4,42.25
4576.T,デ・ウエスタン・セラピテクス研究所,2026-07-28,77.0,79.0,181.0,False,-56.35,0.53,1.6,,,,,2024-12-20,387.0,-42.54,False,-17.52,False,True,8.46,-15.56,False,,,,,,,,,,,,,,,,,,,,0.15,0.75,0.77,27.17,36.79,57.59,-16.3,-23.76,-41.22
8254.T,さいか屋,2026-07-28,284.0,285.0,655.0,False,-56.49,0.86,0.1,,,,,2025-09-24,204.0,-37.17,False,-15.13,False,True,17.25,-27.13,False,crossed,17.0,,,1.45,False,0.42,narrowing,False,,-38.26,276.0,460.0,2026-01-28,-40.0,False,2026-07-02,2026-03-09,,0.27,0.53,0.77,38.65,54.35,63.98,17.36,-31.73,-34.86
6840.T,ＡＫＩＢＡホールディングス,2026-07-28,576.0,639.0,1469.0,False,-56.5,2.49,0.33,,,,,2026-05-26,44.0,117.36,True,3.83,True,False,36.94,-31.11,False,,,,,,,,,,,,,,,,,,,,0.03,0.47,0.8,59.0,59.0,59.0,3.04,20.0,107.19
9327.T,イー・ロジット,2026-07-28,186.0,193.0,446.0,False,-56.73,0.35,0.79,,,,,2023-10-12,680.0,-55.5,False,-20.13,False,False,12.36,-27.46,False,diverging,,-3.28,-2.16,,False,,,,,,,,,,,,2026-05-20,,0.13,0.38,0.81,18.06,23.46,56.84,-15.84,-23.46,-53.62
7777.T,スリー・ディー・マトリックス,2026-07-28,328.0,343.0,793.0,False,-56.75,1.0,0.33,,,,,2026-03-11,93.0,55.45,False,-21.18,True,False,26.62,-37.14,False,,,,,,,,,,,,,,,,,,,,0.76,0.5,0.46,38.22,58.33,58.33,-36.68,-27.11,69.07
9704.T,アゴーラ　ホスピタリティー　グループ,2026-07-28,32.0,32.0,74.0,False,-56.76,1.97,0.5,,,,,2025-03-24,329.0,-50.0,False,-28.75,False,True,10.03,-25.64,False,,,,,,,,,,,,,,,,,,,,0.04,0.76,0.89,32.5,51.79,62.5,-20.0,-39.62,-48.39
4416.T,Ｔｒｕｅ　Ｄａｔａ,2026-07-28,412.0,425.0,984.0,False,-56.81,1.03,0.68,,,,,2024-12-25,384.0,-54.63,False,-30.41,False,True,9.46,-22.12,False,crossed,8.0,,,-5.43,False,-11.59,widening,False,,-44.92,460.0,748.0,2026-01-05,-38.5,True,2026-07-15,2025-08-18,,0.17,0.65,0.91,20.7,46.78,61.76,-10.24,-37.76,-54.53
6862.T,ミナトホールディングス,2026-07-28,1683.0,1797.0,4165.0,False,-56.85,1.8,0.33,,,,,2026-05-11,55.0,122.32,False,-9.02,True,False,27.54,-25.17,False,,,,,,,,,,,,,,,,,,,,0.66,0.0,0.78,56.68,56.68,56.68,-32.19,-9.27,122.62
6557.T,ＡＩＡＩグループ,2026-07-28,684.0,699.0,1622.0,False,-56.91,0.8,0.33,,,,,2024-10-08,438.0,-48.46,False,-40.23,False,True,14.22,-44.22,False,,,,,,,,,,,,,,,,,,,,0.34,0.82,0.66,49.32,58.42,63.17,-41.19,-52.03,-48.38
6619.T,ダブル・スコープ,2026-07-28,149.0,156.0,362.0,False,-56.91,1.28,0.91,,,,,2026-05-22,46.0,-35.5,False,-27.96,False,False,20.08,-39.1,False,diverging,,-37.03,-2.14,,True,,,,,,,,,,,,2026-06-30,,0.61,0.04,0.06,56.3,56.3,56.3,-35.78,-10.24,-33.48
6276.T,シリウスビジョン,2026-07-28,305.0,310.0,720.0,False,-56.94,0.8,0.36,,,,,2025-11-05,176.0,5.9,True,1.15,True,True,19.1,-13.23,False,crossed,51.0,,,22.96,False,8.61,narrowing,False,,-16.67,257.0,366.0,2026-01-21,-29.78,True,2026-05-15,2026-01-27,,0.15,0.24,0.0,22.12,27.61,60.71,-2.24,-6.15,7.39
7351.T,グッドパッチ,2026-07-28,437.0,437.0,1015.0,False,-56.95,0.84,1.29,,,,,2025-08-26,223.0,-40.05,False,-18.46,False,False,10.4,-24.09,False,diverging,,-2.23,-0.23,,True,,,,,,,,,,,,2026-07-06,,0.11,0.46,0.85,18.08,22.18,55.88,-3.32,-21.4,-40.95
149A.T,シンカ,2026-07-28,753.0,763.0,1774.0,False,-56.99,0.35,0.25,,,,,2026-03-30,81.0,-28.35,False,-7.15,False,True,14.48,-20.4,False,imminent,,-0.95,,,False,,,,,,,,,,,,2026-05-15,,0.02,0.02,0.24,26.4,57.21,57.21,-8.28,-10.68,-25.15
386A.T,みのや,2026-07-28,1276.0,1281.0,2980.0,False,-57.01,1.47,0.39,,,,,,,,False,-17.77,False,False,5.72,-14.53,False,,,,,,,,,,,,,,,,,,,,0.45,0.84,,9.33,26.12,,-9.12,-20.25,
4418.T,ＪＤＳＣ,2026-07-28,791.0,836.0,1946.0,False,-57.04,0.44,2.16,,,,,2025-10-23,184.0,-30.43,False,-19.22,False,True,22.59,-16.21,False,imminent,,-0.09,,,False,,,,,,,,,,,,2026-01-05,,0.0,0.49,0.49,31.71,46.06,65.95,-4.0,-28.8,-27.5
3624.T,アクセルマーク,2026-07-28,65.0,68.0,159.0,False,-57.23,0.72,0.38,,,,,2021-08-30,1200.0,-43.97,False,-22.05,False,True,18.41,-27.78,False,crossed,3.0,,,,False,,,False,,-36.27,74.0,102.0,2026-06-02,-27.45,False,2026-07-23,2026-05-11,,0.0,0.26,0.77,48.04,48.04,65.28,-16.67,-20.73,-40.37
469A.T,フィットクルー,2026-07-28,1431.0,1441.0,3370.0,False,-57.24,0.27,0.78,,,,,,,,,,,True,14.16,-34.18,False,,,,,,,,,,,,,,,,,,,,0.12,0.75,,15.65,50.87,,-10.28,-47.85,
323A.T,フライヤー,2026-07-28,374.0,379.0,889.0,False,-57.37,0.35,2.37,,,,,,,-53.66,False,-20.08,False,False,11.29,-29.97,False,,,,,,,,,,,,,,,,,,,,0.6,0.4,0.78,41.12,41.12,55.66,-15.96,-23.05,-50.85
4082.T,第一稀元素化学工業,2026-07-28,1763.0,1868.0,4400.0,False,-57.55,0.78,0.57,,,,,2026-01-20,127.0,166.72,False,-8.16,True,False,40.62,-18.15,False,,,,,,,,,,,,,,,,,,,,0.61,0.75,0.67,36.12,41.47,54.95,-23.68,-35.14,168.34
285A.T,キオクシアホールディングス,2026-07-28,44550.0,47720.0,112700.0,False,-57.66,0.87,1.16,,,,,2026-06-22,25.0,1728.07,True,37.81,True,False,56.33,-50.32,False,,,,,,,,,,,,,,,,,,,,0.28,0.84,0.96,59.02,59.02,59.02,28.83,148.74,1718.37
7115.T,アルファパーチェス,2026-07-28,1583.0,1628.0,3845.0,False,-57.66,0.78,0.94,,,,,2025-08-26,223.0,-44.18,False,-20.73,False,True,10.98,-26.03,False,crossed,4.0,,,,False,,,False,,-33.49,1658.0,2380.0,2026-01-08,-30.34,True,2026-07-22,2025-10-23,,0.02,0.58,0.89,15.73,38.22,62.67,-3.77,-30.05,-45.19
6022.T,赤阪鐵工所,2026-07-28,2540.0,2595.0,6130.0,False,-57.67,1.68,0.32,,,,,2025-11-05,176.0,0.24,False,-29.4,False,False,24.36,-18.15,False,,,,,,,,,,,,,,,,,,,,0.61,0.89,0.12,22.29,54.06,62.15,-11.9,-44.11,4.74
4881.T,ファンペップ,2026-07-28,53.0,55.0,130.0,False,-57.69,6.31,0.44,,,,,2024-03-07,583.0,-51.38,False,-35.39,False,True,10.34,-19.0,False,imminent,,-1.64,,,False,,,,,,,,,,,,2026-04-15,,0.0,0.66,0.74,29.33,56.56,56.56,-26.39,-43.01,-50.0
4265.T,Ｉｎｓｔｉｔｕｔｉｏｎ　ｆｏｒ　ａ　Ｇｌｏｂａｌ　Ｓｏｃｉｅｔｙ,2026-07-28,291.0,310.0,736.0,False,-57.88,0.31,1.1,,,,,2025-09-22,205.0,-9.06,False,-9.17,False,True,34.72,-36.18,False,crossed,12.0,,,-6.72,False,-26.54,widening,False,,-40.97,387.0,493.0,2026-04-07,-21.5,True,2026-07-09,2026-05-13,,0.42,0.0,0.08,36.18,55.78,67.51,-4.59,-7.32,-8.78
4594.T,ブライトパス・バイオ,2026-07-28,47.0,48.0,114.0,False,-57.89,1.11,0.86,,,,,2025-08-15,230.0,-25.4,False,-19.58,False,False,14.81,-20.29,False,,,,,,,,,,,,,,,,,,,,0.47,0.72,0.37,26.67,54.17,56.0,-21.67,-28.79,-24.19
6521.T,オキサイド,2026-07-28,2905.0,3120.0,7420.0,False,-57.95,0.88,0.61,,,,,2026-05-12,54.0,36.19,False,-12.49,True,False,27.41,-38.32,False,diverging,,-24.85,-0.59,,True,,,,,,,,,,,,2026-06-29,,0.64,0.29,0.66,57.15,57.15,57.15,-38.91,62.84,38.66
3985.T,テモナ,2026-07-28,179.0,181.0,431.0,False,-58.0,0.72,1.01,,,,,2025-08-25,224.0,-36.3,False,-14.1,False,True,9.03,-15.31,False,imminent,,-1.91,,,False,,,,,,,,,,,,2025-10-22,,0.1,0.84,0.86,14.21,25.55,56.1,-9.14,-21.15,-36.97
4288.T,アズジェント,2026-07-28,405.0,411.0,979.0,False,-58.02,0.4,0.83,,,,,2025-04-28,304.0,-26.9,False,-28.44,False,True,19.02,-38.29,False,,,,,,,,,,,,,,,,,,,,0.47,0.55,0.13,63.5,63.5,63.5,-56.78,-36.72,-25.69
288A.T,ラクサス・テクノロジーズ,2026-07-28,94.0,94.0,224.0,False,-58.04,0.43,0.27,,,,,,,-49.46,False,-23.68,False,False,5.04,-10.64,False,,,,,,,,,,,,,,,,,,,,0.73,0.94,0.95,23.48,40.14,55.78,-15.32,-31.88,-48.91
9250.T,ＧＲＣＳ,2026-07-28,895.0,896.0,2138.0,False,-58.09,0.27,0.93,,,,,2026-01-22,125.0,-32.76,False,-13.83,False,False,10.32,-14.65,False,,,,,,,,,,,,,,,,,,,,0.63,0.8,0.64,16.99,46.18,47.35,-11.82,-42.99,-31.47
8518.T,日本アジア投資,2026-07-28,129.0,132.0,315.0,False,-58.1,1.19,0.6,,,,,2025-10-08,194.0,-46.03,False,-28.56,False,False,7.25,-19.07,False,,,,,,,,,,,,,,,,,,,,0.77,0.95,0.92,23.18,43.96,55.89,-14.0,-37.68,-45.57
5287.T,イトーヨーギョー,2026-07-28,824.0,863.0,2063.0,False,-58.17,1.35,0.41,,,,,2025-10-21,186.0,4.04,False,-25.95,False,False,16.31,-14.31,False,,,,,,,,,,,,,,,,,,,,0.75,0.88,0.06,25.47,42.63,53.47,-20.92,-30.7,9.14
4840.T,トライアイズ,2026-07-28,542.0,560.0,1340.0,False,-58.21,0.27,0.39,,,,,2026-04-07,75.0,58.48,False,-10.4,True,False,22.08,-37.12,False,diverging,,-26.11,-1.13,,True,,,,,,,,,,,,2026-06-26,,0.78,0.21,0.59,44.58,50.73,50.73,-40.7,7.54,58.48
6836.T,ぷらっとホーム,2026-07-28,763.0,815.0,1956.0,False,-58.33,0.65,1.65,,,,,2025-06-26,264.0,-51.46,False,-16.36,False,False,11.96,-23.25,False,,,,,,,,,,,,,,,,,,,,0.3,0.46,0.82,26.91,38.77,63.72,-9.49,-20.85,-49.3
4075.T,ブレインズテクノロジー,2026-07-28,852.0,874.0,2100.0,False,-58.38,0.56,0.31,,,,,2026-03-18,88.0,7.85,False,-13.35,False,False,17.62,-16.85,False,,,,,,,,,,,,,,,,,,,,0.77,0.01,0.17,34.49,56.21,56.21,-31.51,3.02,8.4
6613.T,ＱＤレーザ,2026-07-28,1394.0,1497.0,3620.0,False,-58.65,0.74,0.55,,,,,2026-05-25,45.0,464.37,True,19.24,True,False,35.88,-50.25,False,crossed,123.0,,,17.79,True,211.09,narrowing,,,,416.0,,,,True,2026-01-26,2025-11-28,,0.04,0.78,0.85,58.01,58.01,58.01,-4.85,223.43,483.26
4019.T,スタメン,2026-07-28,618.0,628.0,1519.0,False,-58.66,0.39,0.39,,,,,2025-08-20,227.0,-42.57,False,-18.81,False,True,14.29,-22.53,False,imminent,,-0.9,,,False,,,,,,,,,,,,2025-10-24,,0.04,0.37,0.82,19.71,28.15,62.82,-6.65,-17.27,-42.08
5247.T,ＢＴＭ,2026-07-28,547.0,552.0,1336.0,False,-58.68,2.02,0.6,,,,,2025-01-15,374.0,-27.65,False,-20.8,False,False,8.53,-12.4,False,,,,,,,,,,,,,,,,,,,,0.76,0.71,0.76,28.41,32.37,61.53,-23.82,-25.98,-27.74
7776.T,セルシード,2026-07-28,207.0,214.0,518.0,False,-58.69,1.14,0.69,,,,,2024-07-18,493.0,-57.23,False,-31.46,False,False,14.45,-28.67,False,,,,,,,,,,,,,,,,,,,,0.67,0.82,0.79,29.47,45.68,61.2,-27.37,-31.68,-56.14
5597.T,ブルーイノベーション,2026-07-28,1187.0,1265.0,3070.0,False,-58.79,1.34,0.59,,,,,2025-08-05,237.0,-33.24,False,-27.63,False,False,20.53,-31.6,False,diverging,,-26.08,-0.09,,True,,,,,,,,,,,,2026-06-19,,0.79,0.08,0.36,54.66,54.66,60.9,-38.05,-30.22,-30.63
3449.T,テクノフレックス,2026-07-28,4250.0,4420.0,10740.0,False,-58.85,0.66,1.58,,,,,2026-06-23,24.0,206.64,True,16.28,True,False,36.08,-56.9,False,,,,,,,,,,,,,,,,,,,,0.04,0.78,0.84,59.68,59.68,59.68,-2.3,83.66,211.13
3807.T,フィスコ,2026-07-28,85.0,86.0,210.0,False,-59.05,0.71,1.15,,,,,2025-01-22,369.0,-45.86,False,-25.55,False,False,10.89,-20.55,False,,,,,,,,,,,,,,,,,,,,0.82,0.89,0.88,26.61,37.98,61.9,-22.02,-30.89,-40.56
7578.T,ニチリョク,2026-07-28,69.0,70.0,171.0,False,-59.06,0.41,0.2,,,,,2023-11-14,658.0,-44.35,False,-36.53,False,False,7.5,-16.48,False,,,,,,,,,,,,,,,,,,,,0.89,0.9,0.66,38.53,47.24,53.79,-36.7,-45.67,-43.9
6232.T,ＡＣＳＬ,2026-07-28,1540.0,1688.0,4130.0,False,-59.13,1.06,0.78,,,,,2026-05-12,54.0,15.62,True,1.92,True,False,26.68,-26.24,False,diverging,,-21.14,-0.73,,True,,,,,,,,,,,,2026-06-26,,0.7,0.37,0.52,55.1,55.1,55.1,-39.32,38.74,19.2
303A.T,ｖｉｓｕｍｏ,2026-07-28,575.0,580.0,1435.0,False,-59.58,1.04,0.49,,,,,,,-46.31,False,-30.01,False,False,8.2,-20.25,False,,,,,,,,,,,,,,,,,,,,0.7,0.87,0.82,32.17,42.28,59.44,-28.57,-38.04,-44.34
402A.T,アクセルスペースホールディングス,2026-07-28,449.0,461.0,1141.0,False,-59.6,0.56,0.73,,,,,,,,False,-25.4,False,False,27.18,-41.16,False,,,,,,,,,,,,,,,,,,,,0.54,0.02,,51.98,51.98,,-28.84,-19.24,
5032.T,ＡＮＹＣＯＬＯＲ,2026-07-28,2625.0,2733.0,6790.0,False,-59.75,0.93,0.45,,,,,2025-11-12,171.0,-44.15,False,-34.95,False,False,15.26,-25.28,False,,,,,,,,,,,,,,,,,,,,0.37,0.85,0.75,30.63,56.45,69.69,-9.45,-42.12,-44.09
4813.T,ＡＣＣＥＳＳ,2026-07-28,340.0,349.0,870.0,False,-59.89,0.51,2.17,,,,,2024-03-27,570.0,-50.07,False,-35.9,False,False,10.92,-30.58,False,,,,,,,,,,,,,,,,,,,,0.9,0.86,0.65,36.79,50.37,61.45,-35.85,-44.54,-49.7
6366.T,千代田化工建設,2026-07-28,694.0,734.0,1830.0,False,-59.89,1.24,0.66,,,,,2026-02-12,111.0,107.16,False,-16.78,True,False,33.22,-32.5,False,,,,,,,,,,,,,,,,,,,,0.57,0.74,0.47,40.78,63.22,63.22,-32.42,-19.11,110.94
4760.T,アルファ,2026-07-28,1595.0,1600.0,3990.0,False,-59.9,1.01,1.67,,,,,2025-07-22,247.0,-19.49,False,-1.42,False,True,6.17,-15.73,False,crossed,3.0,,,,True,,,False,,-6.07,1595.0,1698.0,2026-01-09,-6.07,False,2026-07-23,2026-06-12,,0.01,0.04,0.51,7.37,8.58,53.25,-2.15,-0.37,-31.95
8143.T,ラピーヌ,2026-07-28,144.0,145.0,362.0,False,-59.94,0.32,1.28,,,,,2025-05-12,297.0,-44.62,False,-29.42,False,False,11.45,-18.44,False,,,,,,,,,,,,,,,,,,,,0.86,0.93,0.89,27.98,40.6,58.38,-25.39,-36.28,-45.04
4563.T,アンジェス,2026-07-28,47.0,48.0,120.0,False,-60.0,0.88,1.29,,,,,2025-09-01,219.0,-22.95,False,-22.26,False,True,16.78,-20.39,False,,,,,,,,,,,,,,,,,,,,0.22,0.79,0.76,18.52,30.16,62.07,-11.32,-21.67,-20.34
5262.T,日本ヒューム,2026-07-28,1043.0,1074.0,2690.0,False,-60.07,0.72,0.73,,,,,2025-09-05,215.0,-14.23,False,-21.91,False,True,14.75,-28.41,False,,,,,,,,,,,,,,,,,,,,0.51,0.8,0.57,17.06,41.63,59.63,-12.35,-35.7,-13.77
4506.T,住友ファーマ,2026-07-28,1287.5,1311.5,3288.0,False,-60.11,0.67,0.84,,,,,2026-02-17,108.0,24.76,False,-35.06,False,False,22.22,-17.77,False,,,,,,,,,,,,,,,,,,,,0.71,0.82,0.0,38.82,60.4,60.4,-37.53,-41.89,26.72
7356.T,Ｒｅｔｔｙ,2026-07-28,120.0,121.0,305.0,False,-60.33,0.68,0.83,,,,,2025-07-30,241.0,-39.09,False,-17.47,False,True,11.83,-20.83,False,,,,,,,,,,,,,,,,,,,,0.42,0.74,0.86,23.97,28.85,59.93,-16.08,-21.57,-36.84
9556.T,ＩＮＴＬＯＯＰ,2026-07-28,1879.0,1934.0,4875.0,False,-60.33,0.67,0.54,,,,,2025-09-26,202.0,-43.32,False,-34.93,False,True,16.39,-45.15,False,imminent,,-2.68,,,False,,,,,,,,,,,,2025-12-03,,0.07,0.66,0.74,16.93,56.27,65.56,-3.54,-47.66,-43.06
5131.T,リンカーズ,2026-07-28,115.0,116.0,293.0,False,-60.41,0.5,0.99,,,,,2025-10-06,196.0,-37.84,False,-25.92,False,True,12.63,-18.44,False,,,,,,,,,,,,,,,,,,,,0.02,0.53,0.78,21.53,29.37,52.92,-20.14,-27.22,-37.16
4222.T,児玉化学工業,2026-07-28,568.0,588.0,1491.0,False,-60.56,1.38,0.84,,,,,2026-02-19,106.0,-5.65,False,-33.41,False,False,27.28,-34.62,False,,,,,,,,,,,,,,,,,,,,0.75,0.49,0.06,55.13,59.74,59.74,-50.57,-35.01,-2.41
4584.T,キッズウェル・バイオ,2026-07-28,139.0,143.0,363.0,False,-60.61,0.73,0.68,,,,,2025-06-25,265.0,-47.15,False,-36.73,False,True,13.16,-29.41,False,,,,,,,,,,,,,,,,,,,,0.58,0.81,0.53,42.86,56.29,60.71,-39.57,-49.82,-48.33
7369.T,メイホーホールディングス,2026-07-28,377.0,380.0,966.0,False,-60.66,0.64,0.2,,,,,2025-08-13,232.0,-52.82,False,-29.8,False,False,10.41,-31.35,False,,,,,,,,,,,,,,,,,,,,0.8,0.81,0.89,37.64,46.79,61.13,-24.6,-35.45,-51.79
7837.T,アールシーコア,2026-07-28,332.0,338.0,860.0,False,-60.7,0.15,2.35,,,,,2025-10-23,184.0,-18.63,False,-7.51,False,True,6.87,-12.19,False,crossed,7.0,,,3.12,False,-6.7,widening,False,,-14.21,352.0,387.0,2026-01-21,-9.04,True,2026-07-16,2025-12-01,,0.22,0.3,0.53,10.14,22.77,58.45,3.11,-13.09,-15.95
265A.T,Ｈｍｃｏｍｍ,2026-07-28,662.0,680.0,1733.0,False,-60.76,0.11,1.39,,,,,,,-16.31,False,-24.44,False,True,8.32,-21.26,False,crossed,6.0,,,0.29,False,-3.25,widening,False,,-47.04,678.0,1250.0,2026-01-16,-45.76,False,2026-07-17,2026-03-03,,0.05,0.67,0.75,22.13,49.17,60.59,-2.07,-35.6,-13.8
3853.T,アステリア,2026-07-28,1042.0,1078.0,2753.0,False,-60.84,0.72,0.23,,,,,2026-05-26,44.0,63.84,False,-22.53,False,False,60.06,-51.54,False,diverging,,-38.44,-2.62,,True,,,,,,,,,,,,2026-07-02,,0.47,0.0,0.15,62.11,62.11,62.11,-34.01,-9.39,70.54
3323.T,レカム,2026-07-28,74.0,75.0,192.0,False,-60.94,0.72,0.84,,,,,2025-09-22,205.0,-13.95,False,-16.66,False,True,19.41,-22.52,False,,,,,,,,,,,,,,,,,,,,0.24,0.83,0.28,18.82,42.5,57.67,-12.94,-28.16,-11.9
5026.T,トリプルアイズ,2026-07-28,585.0,595.0,1525.0,False,-60.98,0.43,2.83,,,,,2024-09-17,452.0,-58.39,False,-14.74,False,True,10.65,-21.82,False,imminent,,-2.8,,,False,,,,,,,,,,,,2026-03-17,,0.11,0.61,0.85,21.19,39.53,59.83,-3.62,-21.05,-47.2
6786.T,ＲＶＨ,2026-07-28,48.0,49.0,126.0,False,-61.11,0.52,1.8,,,,,2025-07-08,256.0,-54.72,False,-14.0,False,False,10.66,-22.55,False,diverging,,-2.64,-1.91,,False,,,,,,,,,,,,2026-03-19,,0.33,0.65,0.74,11.11,23.81,57.27,-11.11,-18.64,-56.36
338A.T,ＺｅｎｍｕＴｅｃｈ,2026-07-28,2227.0,2294.0,5905.0,False,-61.15,1.12,0.69,,,,,,,-60.79,False,-20.26,False,False,18.36,-30.35,False,,,,,,,,,,,,,,,,,,,,0.59,0.59,0.71,40.38,47.18,66.36,-23.86,-22.54,-59.55
8995.T,誠建設工業,2026-07-28,1093.0,1093.0,2820.0,False,-61.24,2.78,3.1,,,,,2025-12-25,141.0,71.32,True,0.33,False,False,33.44,-26.69,False,,,,,,,,,,,,,,,,,,,,0.39,0.83,0.02,27.93,47.79,70.19,10.29,-13.25,71.59
7422.T,東邦レマック,2026-07-28,365.0,366.0,954.0,False,-61.64,0.99,0.36,,,,,2025-07-23,246.0,-5.93,False,-20.1,False,False,7.98,-15.2,False,diverging,,-5.72,-2.66,,False,,,,,,,,,,,,2025-10-17,,0.7,0.74,0.88,18.14,27.22,59.84,-13.3,-25.96,-5.44
9557.T,エアークローゼット,2026-07-28,188.0,189.0,494.0,False,-61.74,0.04,5.37,,,,,2025-02-14,353.0,-60.59,False,-23.02,False,True,13.7,-36.36,False,,,,,,,,,,,,,,,,,,,,0.25,0.65,0.91,40.16,45.62,69.65,-24.5,-31.14,-59.22
4571.T,ＮＡＮＯホールディングス,2026-07-28,95.0,97.0,254.0,False,-61.81,0.84,0.59,,,,,2025-10-16,189.0,-32.62,False,-32.75,False,False,15.14,-18.82,False,,,,,,,,,,,,,,,,,,,,0.77,0.72,0.31,32.62,48.92,60.08,-32.62,-33.57,-30.15
247A.T,Ａｉロボティクス,2026-07-28,797.0,818.0,2146.0,False,-61.88,0.92,0.61,,,,,2025-11-06,175.0,-37.64,False,-36.96,False,True,22.08,-47.17,False,,,,,,,,,,,,,,,,,,,,0.28,0.7,0.52,54.52,56.79,69.21,-35.73,-43.07,-34.13
504A.T,イノバセル,2026-07-28,467.0,475.0,1248.0,False,-61.94,0.32,0.94,,,,,,,,,,,False,,,False,,,,,,,,,,,,,,,,,,,,0.57,,,45.77,,,-27.71,,
5729.T,日本精鉱,2026-07-28,1562.0,1588.0,4175.0,False,-61.96,0.7,0.64,,,,,2025-10-15,190.0,7.17,False,-36.71,False,False,33.27,-27.87,False,,,,,,,,,,,,,,,,,,,,0.53,0.88,0.26,38.22,60.71,66.35,-29.8,-49.16,9.42
1514.T,住石ホールディングス,2026-07-28,578.0,592.0,1557.0,False,-61.98,0.66,0.85,,,,,2026-02-18,107.0,-4.46,False,-14.99,False,True,18.0,-23.67,False,,,,,,,,,,,,,,,,,,,,0.48,0.55,0.03,34.26,61.9,61.9,-26.93,-7.67,-3.83
157A.T,グリーンモンスター,2026-07-28,769.0,815.0,2146.0,False,-62.02,0.54,2.64,,,,,2026-03-10,94.0,53.8,False,-15.69,True,True,21.85,-20.82,False,,,,,,,,,,,,,,,,,,,,0.4,0.53,0.53,36.98,56.07,56.07,-33.07,-38.13,54.11
7810.T,クロスフォー,2026-07-28,154.0,155.0,409.0,False,-62.1,2.15,0.65,,,,,2026-02-18,107.0,-5.52,False,-9.09,False,False,14.53,-16.37,False,,,,,,,,,,,,,,,,,,,,0.73,0.37,0.07,16.85,57.62,57.62,-15.85,3.36,-6.1
5137.T,スマートドライブ,2026-07-28,211.0,214.0,570.0,False,-62.46,0.6,0.35,,,,,2025-11-14,169.0,-46.58,False,-35.09,False,True,10.05,-25.26,False,,,,,,,,,,,,,,,,,,,,0.31,0.76,0.84,41.69,55.25,66.85,-29.43,-45.48,-43.13
7426.T,山大,2026-07-28,600.0,600.0,1600.0,False,-62.5,0.03,0.32,,,,,2024-03-06,584.0,-46.57,False,-35.76,False,True,18.11,-53.61,False,crossed,3.0,,,,False,,,False,,-58.85,601.0,1458.0,2026-02-18,-58.78,False,2026-07-23,2026-03-27,3ヶ月,0.71,0.72,0.65,4.07,67.63,67.63,21.95,-50.98,-45.95
5134.T,ＰＯＰＥＲ,2026-07-28,531.0,531.0,1424.0,False,-62.71,2.89,0.24,,,,,2025-06-19,269.0,-53.87,False,-13.48,False,True,15.77,-41.87,False,crossed,2.0,,,,False,,,False,,-18.56,517.0,652.0,2026-04-03,-20.71,False,2026-07-24,2026-05-21,,0.3,0.01,0.8,14.15,32.06,67.9,6.41,-8.76,-52.38
175A.T,Ｗｉｌｌ　Ｓｍａｒｔ,2026-07-28,596.0,600.0,1612.0,False,-62.78,0.25,5.8,,,,,2025-09-25,203.0,-41.57,False,-23.9,False,False,5.64,-16.69,False,,,,,,,,,,,,,,,,,,,,0.51,0.86,0.91,13.91,32.49,62.81,-12.74,-30.21,-39.8
3905.T,データセクション,2026-07-28,2085.0,2283.0,6140.0,False,-62.82,0.71,0.6,,,,,2026-05-29,41.0,-39.12,False,-12.62,True,False,96.63,-43.57,False,,,,,,,,,,,,,,,,,,,,0.02,0.39,0.01,66.04,66.04,68.13,40.97,2.86,-34.84
9444.T,トーシンホールディングス,2026-07-28,230.0,235.0,632.0,False,-62.82,0.03,0.3,,,,,2024-03-29,568.0,-63.26,False,-38.72,False,True,11.14,-31.44,False,,,,,,,,,,,,,,,,,,,,0.02,0.7,0.89,55.23,63.13,73.41,-38.34,-48.2,-63.32
7571.T,ヤマノホールディングス,2026-07-28,83.0,85.0,230.0,False,-63.04,0.92,1.01,,,,,2025-08-25,224.0,-17.0,False,-19.92,False,False,18.05,-19.74,False,,,,,,,,,,,,,,,,,,,,0.65,0.91,0.64,22.77,35.0,57.38,-14.43,-23.15,-15.31
4884.T,クリングルファーマ,2026-07-28,312.0,317.0,860.0,False,-63.14,0.64,0.53,,,,,2024-06-27,507.0,-63.25,False,-22.08,False,False,7.76,-15.78,False,,,,,,,,,,,,,,,,,,,,0.67,0.23,0.51,40.56,46.86,64.42,-37.35,-20.2,-62.5
3856.T,Ａｂａｌａｎｃｅ,2026-07-28,493.0,516.0,1400.0,False,-63.14,1.52,1.6,,,,,2023-05-16,783.0,-38.22,False,-19.55,False,False,25.03,-48.32,False,,,,,,,,,,,,,,,,,,,,0.15,0.27,0.59,15.05,30.8,71.64,-7.16,-10.04,-38.07
5125.T,ファインズ,2026-07-28,485.0,486.0,1319.0,False,-63.15,0.77,1.06,,,,,2026-01-06,136.0,-9.85,False,-22.41,False,True,16.03,-24.43,False,,,,,,,,,,,,,,,,,,,,0.43,0.86,0.21,28.59,44.88,56.95,-23.38,-39.3,-9.68
556A.T,犬猫生活,2026-07-28,1912.0,1981.0,5400.0,False,-63.31,1.28,0.61,,,,,,,,,,,False,,,False,,,,,,,,,,,,,,,,,,,,0.88,,,60.98,,,-60.98,,
5129.T,ＦＩＸＥＲ,2026-07-28,235.0,243.0,665.0,False,-63.46,0.35,0.7,,,,,,,-57.27,False,-38.01,False,True,15.15,-29.74,False,,,,,,,,,,,,,,,,,,,,0.62,0.64,0.83,43.91,54.81,63.79,-43.51,-40.95,-56.64
2388.T,ウェッジホールディングス,2026-07-28,39.0,39.0,107.0,False,-63.55,0.05,2.43,,,,,2025-07-09,255.0,-58.06,False,-31.91,False,True,20.29,-40.0,False,,,,,,,,,,,,,,,,,,,,0.41,0.77,0.84,45.76,50.77,66.67,-33.9,-39.06,-58.06
6327.T,北川精機,2026-07-28,2980.0,3450.0,9480.0,False,-63.61,0.86,0.92,,,,,2026-07-02,17.0,359.17,True,36.01,True,True,47.08,-62.28,False,,,,,,,,,,,,,,,,,,,,0.37,0.85,0.84,64.05,64.05,64.05,41.9,212.37,362.73
7711.T,助川電気工業,2026-07-28,4255.0,4450.0,12250.0,False,-63.67,1.21,0.7,,,,,2025-10-21,186.0,90.81,False,-34.33,True,False,26.64,-18.93,False,,,,,,,,,,,,,,,,,,,,0.67,0.92,0.12,32.99,55.68,61.74,-32.99,-41.31,89.03
350A.T,デジタルグリッド,2026-07-28,727.0,749.0,2063.3,False,-63.7,1.83,0.53,,,,,,,-58.18,False,-9.64,False,False,19.69,-56.56,False,diverging,,-5.89,-0.04,,True,,,,,,,,,,,,2026-06-25,,0.29,0.01,0.46,31.4,31.4,65.58,-9.24,-2.55,-56.25
6495.T,宮入バルブ製作所,2026-07-28,120.0,123.0,340.0,False,-63.82,0.35,1.03,,,,,2026-02-19,106.0,6.19,False,-26.06,True,False,24.08,-24.73,False,,,,,,,,,,,,,,,,,,,,0.82,0.67,0.23,40.1,63.24,63.24,-38.78,-27.27,8.11
5817.T,ＪＭＡＣＳ,2026-07-28,883.0,932.0,2577.0,False,-63.83,0.5,0.61,,,,,2026-03-03,99.0,88.27,False,-14.16,True,False,38.37,-28.33,False,,,,,,,,,,,,,,,,,,,,0.61,0.43,0.56,45.49,62.9,62.9,-38.51,-24.66,88.27
330A.T,ＴａｌｅｎｔＸ,2026-07-28,461.0,475.0,1315.0,False,-63.88,0.17,1.33,,,,,,,-63.33,False,-33.27,False,True,12.9,-28.34,False,,,,,,,,,,,,,,,,,,,,0.24,0.71,0.9,42.66,59.24,69.54,-25.04,-48.72,-61.42
6620.T,宮越ホールディングス,2026-07-28,654.0,659.0,1825.0,False,-63.89,0.27,0.82,,,,,2024-07-16,495.0,-45.73,False,-15.51,False,True,18.65,-31.09,False,crossed,22.0,,,4.49,False,-16.97,widening,True,2.0,-28.13,757.0,910.0,2026-01-15,-16.81,False,2026-06-25,2025-09-04,,0.21,0.11,0.74,35.74,37.64,66.09,5.83,-24.13,-46.31
7061.T,日本ホスピスホールディングス,2026-07-28,562.0,569.0,1578.0,False,-63.94,0.69,0.46,,,,,2023-04-14,802.0,-45.06,False,-39.66,False,False,13.29,-20.44,False,,,,,,,,,,,,,,,,,,,,0.65,0.91,0.79,31.68,53.55,65.96,-24.87,-48.91,-44.3
340A.T,ジグザグ,2026-07-28,310.0,312.0,866.7,False,-64.0,0.25,1.07,,,,,,,-61.9,False,-18.31,False,False,9.72,-17.92,False,,,,,,,,,,,,,,,,,,,,0.59,0.54,0.78,24.69,26.86,52.86,-20.1,-19.27,-52.09
190A.T,Ｃｈｏｒｄｉａ　Ｔｈｅｒａｐｅｕｔｉｃｓ,2026-07-28,75.0,79.0,220.0,False,-64.09,0.55,0.45,,,,,,,-65.12,False,-33.66,False,False,21.3,-30.28,False,,,,,,,,,,,,,,,,,,,,0.76,0.51,0.48,58.13,59.88,68.25,-50.33,-40.94,-64.45
218A.T,Ｌｉｂｅｒａｗａｒｅ,2026-07-28,984.0,1030.0,2868.0,False,-64.09,0.32,1.29,,,,,2025-09-22,205.0,-44.09,False,-29.52,False,True,17.12,-29.57,False,,,,,,,,,,,,,,,,,,,,0.42,0.53,0.63,55.27,57.78,72.89,-28.95,-31.86,-42.79
298A.T,ＧＶＡ　ＴＥＣＨ,2026-07-28,325.0,334.0,930.0,False,-64.09,0.27,0.49,,,,,,,-39.81,False,-27.21,False,True,20.44,-30.93,False,crossed,1.0,,,,False,,,False,,-34.08,332.0,493.0,2026-01-19,-32.66,True,2026-07-27,2025-11-19,,0.0,0.47,0.75,30.26,43.33,69.57,-16.24,-32.29,-42.68
248A.T,キッズスター,2026-07-28,819.0,836.0,2330.0,False,-64.12,1.69,0.6,,,,,,,-57.45,False,-40.27,False,False,12.57,-38.47,False,,,,,,,,,,,,,,,,,,,,0.88,0.73,0.83,18.12,56.86,63.45,-17.36,-56.51,-56.89
3692.T,ＦＦＲＩセキュリティ,2026-07-28,4860.0,4935.0,13800.0,False,-64.24,0.62,0.71,,,,,2025-10-21,186.0,-16.06,False,-34.93,False,False,20.75,-26.4,False,,,,,,,,,,,,,,,,,,,,0.46,0.86,0.25,37.64,55.51,66.03,-16.64,-45.76,-14.74
3903.T,ｇｕｍｉ,2026-07-28,243.0,247.0,693.0,False,-64.36,0.47,0.77,,,,,2025-06-17,271.0,-63.73,False,-29.22,False,False,9.02,-22.81,False,,,,,,,,,,,,,,,,,,,,0.78,0.78,0.91,34.6,41.62,67.35,-27.89,-35.37,-61.18
7359.T,東京通信グループ,2026-07-28,221.0,226.0,636.0,False,-64.47,0.31,4.23,,,,,2025-08-15,230.0,-52.68,False,-21.15,False,False,8.84,-19.64,False,,,,,,,,,,,,,,,,,,,,0.51,0.69,0.9,13.47,40.62,64.9,-8.3,-31.37,-49.89
5031.T,モイ,2026-07-28,326.0,330.0,930.0,False,-64.52,0.77,0.1,,,,,2026-05-26,44.0,42.36,True,1.17,True,False,34.28,-38.25,False,,,,,,,,,,,,,,,,,,,,0.0,0.1,0.34,65.59,65.59,65.59,20.3,-9.19,42.36
4935.T,リベルタ,2026-07-28,257.0,299.0,844.0,False,-64.57,0.44,9.03,,,,,2025-01-08,378.0,-53.02,False,-19.15,False,True,21.24,-35.08,False,crossed,8.0,,,-9.37,False,-23.51,widening,False,,-37.32,331.0,410.0,2026-07-13,-19.27,True,2026-07-15,2025-09-10,,0.05,0.11,0.71,39.23,53.1,76.61,-17.36,-18.93,-56.54
4882.T,ペルセウスプロテオミクス,2026-07-28,145.0,150.0,425.0,False,-64.71,0.51,0.45,,,,,2025-03-25,328.0,-64.81,False,-37.16,False,True,11.65,-28.21,False,,,,,,,,,,,,,,,,,,,,0.56,0.79,0.91,34.4,51.19,66.19,-33.18,-43.14,-64.2
3810.T,サイバーステップホールディングス,2026-07-28,152.0,158.0,451.0,False,-64.97,0.17,1.11,,,,,2026-05-12,54.0,-57.18,False,-44.76,False,False,13.46,-22.44,False,diverging,,-27.16,-0.75,,True,,,,,,,,,,,,2026-06-16,,0.48,0.45,0.66,59.47,59.47,62.93,-33.62,-51.59,-54.9
2315.T,ＣＡＩＣＡ　ＤＩＧＩＴＡＬ,2026-07-28,61.0,62.0,177.0,False,-64.97,0.81,0.87,,,,,2025-09-01,219.0,-11.59,False,-26.78,False,True,35.63,-22.58,False,,,,,,,,,,,,,,,,,,,,0.34,0.88,0.32,27.03,47.57,67.66,-17.57,-38.38,-8.96
5707.T,東邦亜鉛,2026-07-28,824.0,873.0,2510.0,False,-65.22,1.26,1.22,,,,,2026-01-16,129.0,15.24,False,-23.42,True,False,25.49,-32.4,False,,,,,,,,,,,,,,,,,,,,0.79,0.92,0.22,39.09,59.98,65.16,-31.73,-48.82,16.06
4894.T,クオリプス,2026-07-28,4100.0,4295.0,12400.0,False,-65.36,0.65,1.2,,,,,2026-02-19,106.0,-32.9,False,-35.62,False,True,15.61,-25.6,False,,,,,,,,,,,,,,,,,,,,0.47,0.8,0.25,46.98,68.91,68.91,-41.09,-45.84,-30.98
3787.T,テクノマセマティカル,2026-07-28,271.0,274.0,793.0,False,-65.45,0.4,0.1,,,,,2025-11-18,167.0,-49.53,False,-45.95,False,False,13.98,-33.45,False,,,,,,,,,,,,,,,,,,,,0.68,0.89,0.53,38.42,63.61,64.8,-35.01,-53.68,-49.35
1844.T,大盛工業,2026-07-28,499.0,501.0,1450.0,False,-65.45,0.59,0.51,,,,,2025-09-04,216.0,14.19,False,-12.16,False,True,28.08,-17.24,False,,,,,,,,,,,,,,,,,,,,0.31,0.7,0.26,19.82,35.74,70.87,-11.68,-19.9,15.24
464A.T,ＱＰＳホールディングス,2026-07-28,1528.0,1548.0,4485.0,False,-65.48,1.54,0.63,,,,,2026-05-29,41.0,-27.17,False,-29.07,True,False,27.65,-52.02,False,diverging,,-48.13,-1.22,,True,,,,,,,,,,,,2026-06-30,,0.65,0.0,0.18,66.94,66.94,66.94,-40.78,-9.32,-19.37
2667.T,イメージ　ワン,2026-07-28,115.0,120.0,348.0,False,-65.52,1.1,0.15,,,,,2026-01-21,126.0,-54.55,False,-44.49,False,False,25.45,-37.62,False,,,,,,,,,,,,,,,,,,,,0.81,0.83,0.24,58.03,64.29,64.94,-47.25,-62.05,-53.25
520A.T,ジェイファーマ,2026-07-28,275.0,277.0,809.0,False,-65.76,1.95,1.39,,,,,,,,,,,False,,,False,,,,,,,,,,,,,,,,,,,,0.94,,,53.73,,,-53.39,,
4883.T,モダリス,2026-07-28,31.0,33.0,97.0,False,-65.98,1.11,1.36,,,,,,,-65.56,False,-45.42,False,False,20.0,-43.75,False,,,,,,,,,,,,,,,,,,,,0.78,0.64,0.81,62.5,62.5,68.09,-47.46,-50.79,-64.77
9610.T,ウィルソン・ラーニング　ワールドワイド,2026-07-28,114.0,116.0,342.0,False,-66.08,0.53,0.35,,,,,2025-12-04,156.0,-13.64,False,-29.87,False,True,35.31,-32.22,False,,,,,,,,,,,,,,,,,,,,0.45,0.7,0.14,46.86,65.3,69.31,-34.86,-44.93,-10.24
186A.T,アストロスケールホールディングス,2026-07-28,1003.0,1021.0,3015.0,False,-66.14,0.77,0.38,,,,,2026-05-27,43.0,47.72,False,-9.43,True,False,44.46,-57.06,False,diverging,,-43.09,-2.32,,True,,,,,,,,,,,,2026-07-06,,0.44,0.12,0.6,65.79,65.79,65.79,-24.19,8.9,52.66
352A.T,ＬＯＩＶＥ,2026-07-28,468.0,488.0,1442.0,False,-66.16,0.35,0.84,,,,,,,-66.69,False,-36.76,False,True,12.31,-26.66,False,imminent,,-1.17,,,False,,,,,,,,,,,,2026-02-25,,0.03,0.74,0.89,18.6,56.96,68.72,-13.81,-53.2,-66.43
4179.T,ジーネクスト,2026-07-28,339.0,355.0,1050.0,False,-66.19,0.24,0.31,,,,,2026-06-17,28.0,-6.35,True,2.02,True,True,31.75,-43.5,False,crossed,44.0,,,1.92,False,0.27,narrowing,True,7.0,-4.24,312.0,354.0,2026-01-21,-11.86,False,2026-05-26,2026-03-05,,0.35,0.34,0.11,51.57,51.57,51.57,0.59,-2.02,-1.74
5341.T,ＡＳＡＨＩ　ＥＩＴＯホールディングス,2026-07-28,141.0,156.0,462.0,False,-66.23,1.66,0.62,,,,,2023-07-07,745.0,-58.65,False,-43.3,False,False,39.09,-40.0,False,,,,,,,,,,,,,,,,,,,,0.83,0.03,0.53,63.66,67.21,67.95,-61.58,-35.62,-58.65
6081.T,アライドアーキテクツ,2026-07-28,153.0,157.0,466.0,False,-66.31,0.96,0.62,,,,,2026-02-20,105.0,-30.14,False,-36.69,False,False,21.68,-28.93,False,,,,,,,,,,,,,,,,,,,,0.75,0.86,0.02,41.98,66.37,66.37,-41.6,-51.89,-28.17
6634.T,ＪＮグループ,2026-07-28,71.0,72.0,214.0,False,-66.36,0.09,0.31,,,,,2025-02-12,355.0,-51.7,False,-31.57,False,True,12.31,-33.67,False,,,,,,,,,,,,,,,,,,,,0.09,0.72,0.78,49.49,62.12,76.64,-28.28,-46.21,-48.92
7063.T,Ｂｉｒｄｍａｎ,2026-07-28,97.0,116.0,345.0,False,-66.38,2.03,6.86,,,,,2022-12-02,892.0,-65.23,False,-24.45,False,True,21.71,-31.18,False,,,,,,,,,,,,,,,,,,,,0.29,0.69,0.91,45.76,58.44,81.01,-2.02,-23.62,-64.21
4393.T,バンク・オブ・イノベーション,2026-07-28,4665.0,4825.0,14450.0,False,-66.61,0.76,0.78,,,,,2025-08-13,232.0,-56.85,False,-20.18,False,True,8.47,-25.28,False,diverging,,-3.17,-2.0,,False,,,,,,,,,,,,2025-09-17,,0.2,0.56,0.85,19.25,34.66,69.08,-9.24,-25.6,-58.2
6433.T,ヒーハイスト,2026-07-28,844.0,884.0,2650.0,False,-66.64,0.77,0.51,,,,,2026-02-09,113.0,106.36,False,-25.16,True,False,61.49,-43.0,False,,,,,,,,,,,,,,,,,,,,0.78,0.25,0.6,50.9,62.49,62.49,-44.07,-4.95,104.36
2998.T,クリアル,2026-07-28,501.0,518.0,1554.0,False,-66.67,1.84,0.65,,,,,2025-08-22,225.0,-46.36,False,-36.27,False,True,22.25,-33.09,False,,,,,,,,,,,,,,,,,,,,0.2,0.79,0.76,42.62,58.42,71.51,-30.99,-49.24,-45.66
4888.T,ステラファーマ,2026-07-28,312.0,331.0,995.0,False,-66.73,0.8,0.45,,,,,2026-03-25,84.0,-25.0,False,-18.08,False,False,33.84,-32.28,False,,,,,,,,,,,,,,,,,,,,0.75,0.08,0.02,44.75,65.95,65.95,-42.54,35.06,-24.27
3261.T,グランディーズ,2026-07-28,401.0,404.0,1215.0,False,-66.75,0.7,0.54,,,,,2024-09-30,444.0,-60.69,False,-39.19,False,False,15.44,-50.54,False,,,,,,,,,,,,,,,,,,,,0.33,0.88,0.84,17.43,32.08,68.81,-12.64,-28.01,-60.69
7352.T,ＴＷＯＳＴＯＮＥ＆Ｓｏｎｓ,2026-07-28,336.0,346.0,1045.0,False,-66.89,0.41,0.99,,,,,2024-03-07,583.0,-66.06,False,-42.12,False,True,15.01,-25.33,False,,,,,,,,,,,,,,,,,,,,0.04,0.77,0.85,37.96,60.0,69.35,-31.43,-55.79,-62.37
4422.T,ＶＡＬＵＥＮＥＸ,2026-07-28,509.0,539.0,1630.0,False,-66.93,0.53,0.2,,,,,2026-04-24,62.0,171.71,True,8.1,True,False,52.91,-34.47,False,diverging,,-44.23,-1.8,,True,,,,,,,,,,,,2026-06-19,,0.87,0.2,0.71,59.21,64.5,64.5,-59.21,38.07,174.15
8798.T,アドバンスクリエイト,2026-07-28,125.0,130.0,394.0,False,-67.01,0.28,1.72,,,,,2023-08-10,722.0,-53.7,False,-35.19,False,False,16.43,-31.36,False,,,,,,,,,,,,,,,,,,,,0.63,0.86,0.85,35.96,53.47,70.77,-29.78,-40.76,-53.53
5892.T,ｙｕｔｏｒｉ,2026-07-28,2007.0,2055.0,6260.0,False,-67.17,0.34,0.73,,,,,2025-08-14,231.0,-51.17,False,-19.04,False,False,12.25,-26.4,False,diverging,,-4.7,-0.4,,True,,,,,,,,,,,,2026-06-29,,0.09,0.37,0.78,26.58,34.54,67.03,-2.05,-28.01,-52.89
3686.T,ディー・エル・イー,2026-07-28,62.0,62.0,189.0,False,-67.2,1.33,1.16,,,,,2025-07-11,253.0,-65.75,False,-43.2,False,False,9.81,-21.37,False,,,,,,,,,,,,,,,,,,,,0.92,0.92,0.81,43.52,53.44,65.34,-42.06,-51.18,-63.31
4960.T,ケミプロ化成,2026-07-28,496.0,517.0,1580.0,False,-67.28,1.05,0.38,,,,,2026-01-29,120.0,87.17,False,-9.2,True,False,36.88,-15.93,False,,,,,,,,,,,,,,,,,,,,0.64,0.65,0.59,33.56,63.66,63.66,-32.05,-6.77,83.7
3779.T,ジェイ・エスコムホールディングス,2026-07-28,129.0,133.0,409.0,False,-67.48,0.27,1.67,,,,,2025-08-26,223.0,-37.38,False,-20.34,False,False,12.71,-24.4,False,,,,,,,,,,,,,,,,,,,,0.85,0.87,0.79,17.83,28.33,68.46,-14.0,-24.12,-35.18
4586.T,メドレックス,2026-07-28,66.0,73.0,225.0,False,-67.56,1.15,5.72,,,,,2025-09-29,201.0,-10.81,False,-32.99,False,True,22.96,-27.1,False,,,,,,,,,,,,,,,,,,,,0.42,0.85,0.37,39.51,60.8,72.0,-18.52,-42.11,-9.59
4593.T,ヘリオス,2026-07-28,233.0,239.0,747.0,False,-68.01,1.48,0.72,,,,,2025-07-23,246.0,-56.29,False,-36.05,False,False,20.8,-43.51,False,,,,,,,,,,,,,,,,,,,,0.78,0.77,0.77,33.05,49.89,67.32,-33.05,-38.85,-54.31
373A.T,リップス,2026-07-28,1490.0,1491.0,4685.0,False,-68.18,0.38,0.39,,,,,,,-56.5,False,-13.37,False,False,13.38,-46.09,False,,,,,,,,,,,,,,,,,,,,0.58,0.65,0.72,4.81,9.84,67.25,-4.49,-8.87,-55.59
3409.T,北紡,2026-07-28,93.0,93.0,293.0,False,-68.26,0.48,1.67,,,,,2025-07-15,251.0,-62.8,False,-23.4,False,False,13.23,-22.97,False,,,,,,,,,,,,,,,,,,,,0.66,0.83,0.85,31.15,44.0,65.15,-21.19,-26.77,-59.39
4579.T,ラクオリア創薬,2026-07-28,451.0,462.0,1465.0,False,-68.46,1.22,0.45,,,,,2025-12-04,156.0,-15.54,False,-41.08,False,False,25.24,-35.85,False,,,,,,,,,,,,,,,,,,,,0.69,0.9,0.0,44.11,59.19,68.44,-43.84,-57.97,-13.93
7694.T,いつも,2026-07-28,415.0,417.0,1324.0,False,-68.5,0.26,0.39,,,,,2025-07-09,255.0,-60.06,False,-32.55,False,False,15.66,-24.77,False,,,,,,,,,,,,,,,,,,,,0.75,0.72,0.83,39.91,39.91,64.48,-34.44,-38.88,-58.46
264A.T,Ｓｃｈｏｏ,2026-07-28,273.0,277.0,883.0,False,-68.63,0.13,3.41,,,,,,,-61.6,False,-46.87,False,False,11.74,-33.28,False,,,,,,,,,,,,,,,,,,,,0.44,0.89,0.83,37.11,67.29,71.56,-29.64,-57.34,-61.28
3825.T,リミックスポイント,2026-07-28,191.0,198.0,634.0,False,-68.77,0.82,0.19,,,,,2025-02-13,354.0,-69.54,False,-21.96,False,True,7.9,-19.43,False,,,,,,,,,,,,,,,,,,,,0.03,0.54,0.86,35.51,46.26,73.37,-13.96,-31.29,-66.25
485A.T,パワーエックス,2026-07-28,1528.0,1741.0,5576.7,False,-68.78,1.02,0.72,,,,,,,,,,,False,66.9,-51.23,False,,,,,,,,,,,,,,,,,,,,0.74,0.38,,69.42,69.42,,-40.78,118.29,
2459.T,アウンコンサルティング,2026-07-28,167.0,176.0,564.0,False,-68.79,1.15,2.25,,,,,2025-10-30,179.0,-30.42,False,-25.28,False,False,13.92,-19.75,False,,,,,,,,,,,,,,,,,,,,0.62,0.84,0.63,29.73,35.54,67.77,-24.77,-29.83,-29.24
241A.T,ＲＯＸＸ,2026-07-28,397.0,400.0,1299.0,False,-69.21,0.71,0.69,,,,,,,-67.14,False,-25.91,False,False,15.28,-26.25,False,diverging,,-15.09,-0.25,,True,,,,,,,,,,,,2026-06-24,,0.56,0.53,0.71,32.31,35.61,68.97,-21.54,-31.08,-65.33
7373.T,アイドマ・ホールディングス,2026-07-28,980.0,997.0,3255.0,False,-69.37,0.62,2.05,,,,,2026-01-14,131.0,-60.47,False,-51.03,False,False,13.51,-32.78,False,,,,,,,,,,,,,,,,,,,,0.46,0.9,0.79,23.02,57.39,69.57,-21.6,-54.69,-60.58
7901.T,マツモト,2026-07-28,831.0,864.0,2823.0,False,-69.39,3.71,0.51,,,,,2026-02-06,114.0,0.97,False,-9.86,False,False,22.39,-32.9,False,,,,,,,,,,,,,,,,,,,,0.68,0.46,0.04,31.84,67.28,67.28,-25.47,17.21,-0.48
7771.T,日本精密,2026-07-28,279.0,287.0,940.0,False,-69.47,0.66,0.29,,,,,2026-02-13,110.0,210.0,False,-0.16,True,False,66.8,-14.81,False,,,,,,,,,,,,,,,,,,,,0.86,0.37,0.64,33.82,70.38,70.38,-28.46,-7.62,213.48
9168.T,ライズ・コンサルティング・グループ,2026-07-28,400.0,408.0,1344.0,False,-69.64,1.24,0.74,,,,,2025-07-15,251.0,-64.44,False,-33.25,False,True,10.37,-36.4,False,imminent,,-2.12,,,False,,,,,,,,,,,,2025-09-08,,0.07,0.84,0.95,11.01,34.26,70.13,-2.2,-30.31,-67.61
4392.T,ＦＩＧ,2026-07-28,892.0,933.0,3075.0,False,-69.66,1.18,0.25,,,,,2026-05-27,43.0,218.57,True,50.25,True,False,122.55,-36.78,False,crossed,56.0,,,112.12,True,96.59,narrowing,True,0.0,107.93,429.0,429.0,2026-05-08,0.0,False,2026-05-08,2026-04-03,,0.09,0.64,0.53,65.31,65.31,65.31,156.32,154.13,220.86
9240.T,デリバリーコンサルティング,2026-07-28,399.0,400.0,1320.0,False,-69.7,0.67,0.32,,,,,2025-10-09,193.0,-20.83,False,-22.66,False,False,14.56,-22.5,False,,,,,,,,,,,,,,,,,,,,0.74,0.75,0.47,25.05,34.66,65.16,-15.11,-30.12,-19.39
7794.T,イーディーピー,2026-07-28,888.0,935.0,3100.0,False,-69.84,0.86,0.91,,,,,2026-02-18,107.0,59.14,False,-2.61,True,False,42.07,-27.86,False,,,,,,,,,,,,,,,,,,,,0.56,0.0,0.52,37.15,66.78,66.78,-37.15,70.77,59.14
4582.T,シンバイオ製薬,2026-07-28,68.0,69.0,229.0,False,-69.87,0.51,1.86,,,,,2026-02-25,103.0,-61.8,False,-30.84,False,False,30.01,-30.86,False,,,,,,,,,,,,,,,,,,,,0.72,0.5,0.69,27.96,66.67,66.67,-26.88,-26.09,-60.92
8227.T,しまむら,2026-07-28,3438.0,3465.0,11575.0,False,-70.06,0.7,1.09,,,,,2025-08-12,233.0,-67.96,False,-47.91,False,True,19.58,-65.34,False,crossed,14.0,,,-4.64,False,-4.23,narrowing,False,,-68.97,3515.0,11080.0,2026-02-12,-68.28,False,2026-07-07,2026-02-18,,0.42,0.4,0.75,6.18,71.79,72.69,3.71,-67.96,-67.91
3719.T,ＡＩストーム,2026-07-28,149.0,158.0,529.0,False,-70.13,2.07,0.39,,,,,2025-11-21,164.0,-39.43,False,-44.22,False,False,28.96,-36.99,False,,,,,,,,,,,,,,,,,,,,0.83,0.91,0.4,33.78,55.26,70.78,-33.48,-42.02,-37.92
7220.T,武蔵精密工業,2026-07-28,2928.0,3140.0,10550.0,False,-70.24,1.53,0.36,,,,,2026-06-01,40.0,-6.15,False,-18.35,False,False,45.74,-58.72,False,diverging,,-39.94,-0.32,,True,,,,,,,,,,,,2026-07-09,,0.41,0.3,0.14,69.94,69.94,69.94,-39.0,1.39,-7.63
4378.T,ＣＩＮＣ,2026-07-28,464.0,479.0,1610.0,False,-70.25,0.65,0.08,,,,,2026-06-10,33.0,-22.8,False,-9.16,False,False,7.43,-13.43,False,,,,,,,,,,,,,,,,,,,,0.05,0.08,0.11,64.96,64.96,64.96,3.34,-7.01,-20.41
2673.T,夢みつけ隊,2026-07-28,101.0,119.0,405.0,False,-70.62,27.45,0.79,,,,,2025-10-03,197.0,-27.34,False,-41.6,False,True,22.5,-32.56,False,,,,,,,,,,,,,,,,,,,,0.36,0.89,0.45,31.75,62.45,73.86,-19.84,-48.21,-26.28
6740.T,ジャパンディスプレイ,2026-07-28,47.0,48.0,164.0,False,-70.73,0.25,0.35,,,,,2026-03-17,89.0,147.37,True,4.76,True,False,49.09,-43.0,False,,,,,,,,,,,,,,,,,,,,0.71,0.15,0.63,55.45,66.17,66.17,-53.47,113.64,161.11
9878.T,セキド,2026-07-28,416.0,421.0,1461.0,False,-71.18,0.93,0.57,,,,,2025-07-15,251.0,-70.91,False,-19.19,False,False,12.52,-24.07,False,,,,,,,,,,,,,,,,,,,,0.88,0.82,0.78,14.67,33.28,71.08,-11.49,-23.25,-70.87
280A.T,ＴＭＨ,2026-07-28,871.0,940.0,3300.0,False,-71.52,1.3,0.78,,,,,2026-05-27,43.0,-46.56,False,-39.52,True,False,41.6,-56.6,False,,,,,,,,,,,,,,,,,,,,0.08,0.12,0.29,69.11,69.11,69.11,-37.43,-38.23,-46.4
5138.T,Ｒｅｂａｓｅ,2026-07-28,417.0,417.0,1465.0,False,-71.54,0.05,0.87,,,,,2025-02-17,352.0,-70.17,False,-41.36,False,True,14.15,-37.81,False,,,,,,,,,,,,,,,,,,,,0.49,0.87,0.93,39.11,58.12,74.81,-30.38,-50.53,-69.36
3747.T,インタートレード,2026-07-28,395.0,406.0,1440.0,False,-71.81,0.55,0.37,,,,,2025-08-28,221.0,-31.18,False,-35.46,False,False,40.08,-38.4,False,,,,,,,,,,,,,,,,,,,,0.66,0.85,0.33,36.41,51.44,70.22,-32.48,-46.4,-25.47
2321.T,ソフトフロントホールディングス,2026-07-28,122.0,126.0,449.0,False,-71.94,0.41,2.55,,,,,2026-03-09,95.0,2.52,False,-37.58,False,False,23.59,-18.67,False,,,,,,,,,,,,,,,,,,,,0.75,0.51,0.03,33.88,70.49,70.49,-32.6,-42.99,7.02
5255.T,モンスターラボ,2026-07-28,88.0,90.0,322.0,False,-72.05,0.8,0.68,,,,,2025-06-24,266.0,-54.4,False,-33.42,False,False,17.25,-26.53,False,,,,,,,,,,,,,,,,,,,,0.35,0.72,0.87,35.19,59.3,75.61,-12.0,-48.54,-51.11
2134.T,北浜キャピタルパートナーズ,2026-07-28,24.0,25.0,91.0,False,-72.53,1.26,0.36,,,,,2025-07-09,255.0,-69.62,False,-26.59,False,False,15.0,-36.23,False,,,,,,,,,,,,,,,,,,,,0.64,0.83,0.73,27.27,44.19,72.94,-20.0,-35.14,-64.18
6217.T,津田駒工業,2026-07-28,690.0,740.0,2710.0,False,-72.69,0.54,0.63,,,,,2026-04-24,62.0,94.92,False,-5.3,True,False,79.16,-33.72,False,diverging,,-46.96,-0.07,,True,,,,,,,,,,,,2026-06-30,,0.84,0.27,0.63,69.13,70.42,70.42,-65.03,21.69,95.47
3823.T,ＴＨＥ　ＷＨＹ　ＨＯＷ　ＤＯ　ＣＯＭＰＡＮＹ,2026-07-28,32.0,34.0,125.0,False,-72.8,1.03,0.81,,,,,2025-03-14,334.0,-73.98,False,-33.78,False,False,11.78,-23.73,False,,,,,,,,,,,,,,,,,,,,0.64,0.85,0.84,37.78,62.16,71.72,-28.89,-37.25,-67.68
4069.T,ＢｌｕｅＭｅｍｅ,2026-07-28,666.0,676.0,2488.0,False,-72.83,0.29,0.38,,,,,2025-08-26,223.0,-51.03,False,-46.88,False,False,23.07,-37.27,False,,,,,,,,,,,,,,,,,,,,0.79,0.69,0.74,49.6,56.4,74.21,-45.94,-53.59,-51.28
9235.T,売れるネット広告社グループ,2026-07-28,499.0,512.0,1917.0,False,-73.29,0.59,1.16,,,,,2025-06-17,271.0,-67.24,False,-28.15,False,False,8.38,-27.74,False,,,,,,,,,,,,,,,,,,,,0.53,0.44,0.89,41.15,41.15,70.5,-11.84,-25.3,-66.17
5535.T,ミガロホールディングス,2026-07-28,280.0,284.0,1067.0,False,-73.38,0.47,0.91,,,,,2025-02-13,354.0,-71.13,False,-22.89,False,True,14.4,-36.84,False,,,,,,,,,,,,,,,,,,,,0.16,0.84,0.82,29.48,44.04,77.09,-11.95,-31.37,-69.57
2700.T,木徳神糧,2026-07-28,1712.0,1746.0,6600.0,False,-73.55,0.98,1.09,,,,,2025-08-22,225.0,-19.74,False,-32.19,False,False,41.73,-24.51,False,,,,,,,,,,,,,,,,,,,,0.21,0.79,0.65,10.77,38.46,73.68,-3.17,-33.9,-19.93
3070.T,ジェリービーンズグループ,2026-07-28,79.0,80.0,307.0,False,-73.94,0.39,0.69,,,,,2025-07-10,254.0,-73.04,False,-11.24,False,False,30.97,-58.61,False,,,,,,,,,,,,,,,,,,,,0.29,0.44,0.45,41.18,50.41,79.38,-18.56,-3.66,-71.38
2345.T,ＨＯＤＬ１,2026-07-28,94.0,98.0,377.0,False,-74.01,0.31,0.65,,,,,2025-01-31,362.0,-56.88,False,-56.09,False,False,27.69,-50.93,False,,,,,,,,,,,,,,,,,,,,0.84,0.54,0.36,66.92,66.92,75.35,-62.7,-64.12,-56.28
4570.T,免疫生物研究所,2026-07-28,943.0,981.0,3820.0,False,-74.32,0.98,0.62,,,,,2025-12-01,159.0,89.74,False,-25.78,True,False,168.21,-39.26,False,,,,,,,,,,,,,,,,,,,,0.66,0.84,0.33,34.76,54.96,76.13,-32.55,-37.18,91.67
3672.T,オルトプラス,2026-07-28,28.0,29.0,114.0,False,-74.56,3.44,0.75,,,,,,,-66.67,False,-39.08,False,True,8.49,-17.78,False,,,,,,,,,,,,,,,,,,,,0.49,0.91,0.96,34.21,52.83,76.42,-26.32,-45.1,-65.0
2901.T,ウェルディッシュ,2026-07-28,182.0,187.0,736.0,False,-74.59,1.23,0.89,,,,,2024-11-08,417.0,-70.93,False,-51.55,False,False,15.23,-43.64,False,,,,,,,,,,,,,,,,,,,,0.03,0.81,0.89,19.4,60.77,77.81,-7.14,-55.28,-70.69
3664.T,ＷＩＺＥ,2026-07-28,22.0,23.0,91.0,False,-74.73,1.28,1.93,,,,,2025-07-16,250.0,-60.71,False,-37.03,False,False,12.04,-23.53,False,,,,,,,,,,,,,,,,,,,,0.66,0.71,0.88,41.67,47.5,75.0,-38.89,-43.59,-67.16
1382.T,ホーブ,2026-07-28,843.0,905.0,3645.0,False,-75.17,2.5,6.88,,,,,2025-09-24,204.0,-55.86,False,-50.79,False,False,21.25,-38.96,False,,,,,,,,,,,,,,,,,,,,0.79,0.79,0.51,49.85,55.23,73.36,-48.94,-53.55,-55.35
4592.T,サンバイオ,2026-07-28,919.0,964.0,3990.0,False,-75.84,1.04,0.68,,,,,2025-10-10,192.0,-57.59,False,-51.73,False,False,17.71,-30.11,False,,,,,,,,,,,,,,,,,,,,0.84,0.73,0.62,59.3,61.55,76.13,-55.13,-51.38,-56.98
6330.T,東洋エンジニアリング,2026-07-28,2046.0,2104.0,8760.0,False,-75.98,1.66,1.48,,,,,2026-01-16,129.0,95.6,False,-27.48,True,False,34.56,-35.18,False,,,,,,,,,,,,,,,,,,,,0.47,0.74,0.07,26.68,74.44,76.24,-12.15,-57.15,97.87
442A.T,クラシコ,2026-07-28,963.0,971.0,4050.0,False,-76.02,1.17,0.17,,,,,,,,,,,False,8.58,-25.78,False,,,,,,,,,,,,,,,,,,,,0.24,0.82,,37.77,54.77,,-27.7,-54.72,
2330.T,フォーサイド,2026-07-28,73.0,75.0,315.0,False,-76.19,0.93,0.46,,,,,2025-08-18,229.0,-57.8,False,-46.65,False,True,24.65,-28.57,False,,,,,,,,,,,,,,,,,,,,0.39,0.87,0.86,34.58,61.33,76.03,-31.78,-57.31,-55.49
6574.T,コンヴァノ,2026-07-28,87.0,89.0,375.0,False,-76.27,0.55,0.56,,,,,2025-08-20,227.0,3.94,False,-25.67,False,False,55.08,-28.3,False,,,,,,,,,,,,,,,,,,,,0.53,0.87,0.41,25.45,44.97,74.25,-17.14,-32.03,9.99
6580.T,ライトアップ,2026-07-28,806.0,822.0,3470.0,False,-76.31,0.55,0.39,,,,,2025-12-02,158.0,-71.56,False,-57.34,False,True,22.18,-43.07,False,,,,,,,,,,,,,,,,,,,,0.37,0.83,0.75,45.21,74.3,78.83,-29.3,-70.9,-68.53
9241.T,フューチャーリンクネットワーク,2026-07-28,1400.0,1439.0,6110.0,False,-76.45,1.21,0.98,,,,,2025-08-25,224.0,-11.28,False,-13.78,False,True,16.77,-42.37,False,crossed,6.0,,,1.86,False,-0.89,narrowing,False,,-24.53,1400.0,1855.0,2026-01-19,-24.53,True,2026-07-17,2025-10-15,,0.08,0.53,0.7,15.44,34.35,76.85,2.26,-21.3,-10.88
7615.T,京都きもの友禅ホールディングス,2026-07-28,98.0,99.0,441.0,False,-77.55,0.66,0.63,,,,,2025-08-25,224.0,0.0,False,-28.44,False,True,47.45,-24.24,False,,,,,,,,,,,,,,,,,,,,0.38,0.87,0.29,32.85,52.08,75.07,-22.83,-34.23,3.16
4056.T,ニューラルグループ,2026-07-28,201.0,205.0,917.0,False,-77.64,2.05,0.85,,,,,2023-06-22,756.0,-75.64,False,-45.13,False,False,9.37,-28.76,False,,,,,,,,,,,,,,,,,,,,0.74,0.95,0.96,34.53,52.48,78.08,-34.53,-51.91,-74.88
198A.T,ＰｏｓｔＰｒｉｍｅ,2026-07-28,155.0,161.0,752.0,False,-78.59,0.67,0.24,,,,,,,-76.69,False,-28.81,False,False,22.81,-37.86,False,,,,,,,,,,,,,,,,,,,,0.33,0.86,0.8,37.07,61.03,81.36,-17.11,-41.51,-76.66
7138.T,ＴＯＲＩＣＯ,2026-07-28,128.0,132.0,630.0,False,-79.05,0.25,8.26,,,,,2025-08-28,221.0,-57.67,False,-42.19,False,True,49.12,-42.66,False,,,,,,,,,,,,,,,,,,,,0.48,0.91,0.2,47.11,70.9,78.28,-43.11,-64.84,-54.42
2586.T,フルッタフルッタ,2026-07-28,91.0,94.0,454.0,False,-79.3,0.79,0.51,,,,,2025-08-14,231.0,-68.73,False,-31.77,False,True,18.96,-46.99,False,,,,,,,,,,,,,,,,,,,,0.0,0.65,0.83,28.1,46.31,81.09,-18.02,-38.1,-70.83
4784.T,ＧＭＯインターネット,2026-07-28,512.0,535.0,2588.0,False,-79.33,0.67,1.04,,,,,2025-05-26,287.0,-78.03,False,-29.39,False,True,15.29,-23.86,False,,,,,,,,,,,,,,,,,,,,0.38,0.79,0.86,34.71,50.28,80.35,-24.71,-37.41,-77.35
3667.T,ｅｎｉｓｈ,2026-07-28,28.0,28.0,136.0,False,-79.41,0.2,0.71,,,,,2024-07-31,484.0,-76.27,False,-51.77,False,False,12.78,-32.65,False,,,,,,,,,,,,,,,,,,,,0.67,0.86,0.92,51.85,61.19,80.3,-48.15,-54.84,-74.55
281A.T,インフォメティス,2026-07-28,422.0,446.0,2185.0,False,-79.59,0.54,0.48,,,,,,,-57.67,False,-28.54,False,False,28.96,-49.96,False,diverging,,-25.05,-0.7,,True,,,,,,,,,,,,2026-06-30,,0.68,0.34,0.33,53.32,55.95,84.92,-44.69,14.05,-62.82
9238.T,バリュークリエーション,2026-07-28,399.0,406.0,2010.0,False,-79.8,0.28,10.09,,,,,2025-07-11,253.0,-79.92,False,-55.21,False,False,15.92,-40.02,False,,,,,,,,,,,,,,,,,,,,0.61,0.8,0.9,37.21,71.0,80.26,-27.72,-67.02,-78.89
8894.T,ＲＥＶＯＬＵＴＩＯＮ,2026-07-28,22.0,24.0,120.0,False,-80.0,0.45,1.42,,,,,2024-11-21,408.0,-77.78,False,-52.66,False,True,11.54,-36.59,False,,,,,,,,,,,,,,,,,,,,0.6,0.85,0.84,53.33,62.5,75.86,-51.11,-60.0,-74.71
3103.T,ユニチカ,2026-07-28,816.0,852.0,4380.0,False,-80.55,0.74,0.54,,,,,2026-04-21,65.0,353.33,False,-15.81,True,False,79.3,-42.12,False,,,,,,,,,,,,,,,,,,,,0.85,0.0,0.73,68.24,78.21,78.21,-68.19,129.21,358.43
3134.T,Ｈａｍｅｅ,2026-07-28,288.0,288.0,1485.0,False,-80.61,0.73,0.44,,,,,2025-06-12,274.0,-76.45,False,-45.84,False,False,20.85,-63.48,False,,,,,,,,,,,,,,,,,,,,0.78,0.7,0.8,52.47,52.92,83.0,-44.83,-39.75,-75.88
387A.T,フラー,2026-07-28,1000.0,1019.0,5420.0,False,-81.2,1.45,0.83,,,,,,,,False,-24.25,False,True,13.99,-36.14,False,imminent,,-0.22,,,False,,,,,,,,,,,,,,0.0,0.7,,24.91,52.68,,-5.21,-41.0,
4596.T,窪田製薬ホールディングス,2026-07-28,61.0,65.0,350.0,False,-81.43,0.3,3.89,,,,,2026-02-13,110.0,19.61,False,-25.63,False,True,61.48,-58.05,False,,,,,,,,,,,,,,,,,,,,0.14,0.57,0.08,47.86,82.95,82.95,-33.7,3.39,10.91
6177.T,ＡｐｐＢａｎｋ,2026-07-28,80.0,91.0,522.0,False,-82.57,10.7,0.57,,,,,2025-08-25,224.0,-27.93,False,-35.8,False,True,72.55,-39.5,False,,,,,,,,,,,,,,,,,,,,0.52,0.86,0.52,36.28,50.68,86.21,-27.93,-37.5,-23.81
3803.T,イメージ情報開発,2026-07-28,506.0,506.0,2937.0,False,-82.77,0.13,0.54,,,,,2025-08-05,237.0,-15.67,False,-15.64,False,False,19.83,-50.28,False,,,,,,,,,,,,,,,,,,,,0.42,0.4,0.56,35.3,54.29,84.77,-9.16,-3.07,-25.59
7709.T,クボテック,2026-07-28,41.0,42.0,247.0,False,-83.0,0.1,0.34,,,,,2025-06-16,272.0,-79.5,False,-70.67,False,False,13.44,-38.67,False,,,,,,,,,,,,,,,,,,,,0.97,0.96,0.73,59.8,78.65,83.4,-59.8,-78.65,-79.19
5721.T,エスクリプトエナジー,2026-07-28,55.0,56.0,337.0,False,-83.38,0.56,0.31,,,,,2025-06-17,271.0,-57.03,False,-54.53,False,False,35.61,-46.33,False,,,,,,,,,,,,,,,,,,,,0.74,0.94,0.58,48.98,66.67,83.92,-42.71,-62.84,-52.59
6573.T,ＣＲＡＶＩＡ,2026-07-28,28.0,29.0,177.0,False,-83.62,0.19,1.35,,,,,2025-08-20,227.0,-79.1,False,-53.9,False,False,16.34,-36.92,False,,,,,,,,,,,,,,,,,,,,0.52,0.9,0.91,52.27,74.39,87.57,-36.36,-65.85,-77.78
2338.T,クオンタムソリューションズ,2026-07-28,128.0,137.0,850.0,False,-83.88,0.37,0.8,,,,,2025-10-10,192.0,-73.5,False,-51.57,False,False,30.31,-55.45,False,crossed,3.0,,,,False,,,False,,-65.12,128.0,367.0,2026-01-09,-65.12,True,2026-07-23,2025-11-21,,0.11,0.27,0.81,49.03,66.19,88.65,19.63,-53.62,-73.17
462A.T,ＦＵＮＤＩＮＮＯ,2026-07-28,213.0,232.0,1451.0,False,-84.01,1.53,0.27,,,,,,,,,,,False,20.85,-48.54,False,,,,,,,,,,,,,,,,,,,,0.9,0.85,,72.05,81.4,,-71.79,-77.86,
6085.T,アーキテクツ・スタジオ・ジャパン,2026-07-28,99.0,110.0,720.0,False,-84.72,1.23,0.86,,,,,2026-04-30,59.0,241.38,False,-47.97,True,False,115.38,-63.2,False,diverging,,-132.6,-2.03,,True,,,,,,,,,,,,2026-06-23,,0.87,0.2,0.75,84.53,84.53,84.53,-80.81,169.75,235.59
9425.T,ＲｅＹｕｕ　Ｊａｐａｎ,2026-07-28,200.0,215.0,1413.0,False,-84.78,0.21,8.24,,,,,2025-09-08,214.0,-71.79,False,-46.15,False,True,18.77,-40.06,False,,,,,,,,,,,,,,,,,,,,0.18,0.74,0.88,64.67,65.92,87.5,-22.18,-51.1,-71.63
8746.T,ｕｎｂａｎｋｅｄ,2026-07-28,98.0,106.0,721.0,False,-85.3,0.29,1.13,,,,,2025-09-02,218.0,-66.09,False,-69.02,False,False,31.05,-51.22,False,,,,,,,,,,,,,,,,,,,,0.74,0.85,0.65,63.02,82.02,86.41,-62.31,-80.16,-65.25
5103.T,昭和ホールディングス,2026-07-28,9.0,10.0,72.0,False,-86.11,3.5,70.27,,,,,2025-07-15,251.0,-81.63,False,-78.8,False,False,22.07,-76.32,False,,,,,,,,,,,,,,,,,,,,0.55,0.42,0.52,79.55,80.43,85.94,-79.07,-80.0,-85.94
3350.T,メタプラネット,2026-07-28,217.0,222.0,1599.0,False,-86.12,0.79,0.86,,,,,2025-06-19,269.0,-86.07,False,-40.14,False,False,15.78,-34.58,False,,,,,,,,,,,,,,,,,,,,0.72,0.74,0.83,45.58,61.52,86.28,-35.99,-57.45,-84.89
9229.T,サンウェルズ,2026-07-28,128.0,135.0,982.0,False,-86.25,0.32,0.96,,,,,2024-08-28,465.0,-79.78,False,-58.44,False,False,8.48,-25.6,False,,,,,,,,,,,,,,,,,,,,0.65,0.92,0.97,46.67,71.36,88.07,-39.05,-66.84,-80.43
4598.T,Ｄｅｌｔａ－Ｆｌｙ　Ｐｈａｒｍａ,2026-07-28,101.0,102.0,793.0,False,-87.14,0.98,0.72,,,,,2025-07-15,251.0,-86.95,False,-65.79,False,False,21.52,-54.51,False,,,,,,,,,,,,,,,,,,,,0.84,0.88,0.92,50.0,60.24,86.85,-48.73,-56.65,-86.5
3133.T,海帆,2026-07-28,82.0,89.0,775.0,False,-88.52,0.19,2.89,,,,,2024-02-28,589.0,-88.37,False,-77.33,False,False,20.38,-56.6,False,,,,,,,,,,,,,,,,,,,,0.8,0.89,0.85,82.39,88.79,93.0,-72.76,-81.15,-87.98
4833.T,Ｄｅｆ　ｃｏｎｓｕｌｔｉｎｇ,2026-07-28,45.0,48.0,429.0,False,-88.81,0.22,5.23,,,,,2025-09-03,217.0,-55.45,False,-37.63,False,True,51.22,-46.02,False,,,,,,,,,,,,,,,,,,,,0.37,0.83,0.58,50.75,67.65,91.45,-32.84,-52.13,-51.09
8783.T,ａｂｃ,2026-07-28,61.0,64.0,630.0,False,-89.84,0.5,1.37,,,,,2024-12-24,385.0,-78.37,False,-70.58,False,False,21.92,-46.32,False,,,,,,,,,,,,,,,,,,,,0.87,0.9,0.73,70.24,76.72,89.15,-69.95,-75.0,-77.07
8105.T,Ｂｉｔｃｏｉｎ　Ｊａｐａｎ,2026-07-28,96.0,98.0,1013.0,False,-90.33,0.21,0.11,,,,,2025-08-25,224.0,74.55,False,-63.48,False,False,340.74,-42.13,False,,,,,,,,,,,,,,,,,,,,0.02,0.24,0.2,73.03,73.03,89.61,-35.14,-48.11,74.55
7603.T,ジーイエット,2026-07-28,48.0,49.0,535.0,False,-90.84,0.66,2.12,,,,,2025-06-18,270.0,-89.19,False,-63.14,False,False,20.2,-42.29,False,,,,,,,,,,,,,,,,,,,,0.84,0.97,0.91,51.04,83.51,90.37,-50.0,-69.03,-88.65
6731.T,ピクセラ,2026-07-28,107.0,113.0,1390.0,False,-91.87,0.48,0.33,,,,,2025-07-15,251.0,-90.78,False,-65.24,False,False,19.87,-39.3,False,,,,,,,,,,,,,,,,,,,,0.76,0.9,0.84,45.81,81.7,91.34,-40.22,-79.42,-90.45
9399.T,ビート・ホールディングス・リミテッド,2026-07-28,13.0,14.0,183.0,False,-92.35,0.24,1.21,,,,,2024-11-20,409.0,-91.71,False,-75.5,False,True,23.17,-54.55,False,,,,,,,,,,,,,,,,,,,,0.5,0.76,0.91,65.52,83.33,93.83,-55.17,-78.33,-91.2
7946.T,光陽社,2026-07-28,350.0,357.0,4740.0,False,-92.47,1.19,0.77,,,,,2026-02-26,102.0,-73.04,False,-71.7,False,False,37.62,-84.63,False,,,,,,,,,,,,,,,,,,,,0.09,0.68,0.69,19.54,91.0,91.0,-5.91,-84.62,-73.18
3189.T,ＡＮＡＰホールディングス,2026-07-28,99.0,100.0,1835.0,False,-94.55,0.35,0.93,,,,,2025-07-17,249.0,-93.37,False,-62.61,False,False,13.2,-37.59,False,,,,,,,,,,,,,,,,,,,,0.82,0.95,0.98,38.85,67.68,93.7,-36.94,-63.87,-92.87
3681.T,ブイキューブ,2026-06-30,9.0,10.0,210.0,False,-95.24,0.71,0.28,,,,,2020-12-07,1359.0,-94.86,False,-91.49,False,False,26.02,-66.67,False,,,,,,,,,,,,,,,,,,,,0.89,0.84,0.61,92.56,94.48,95.0,-92.56,-91.89,-94.71
4316.T,ビーマップ,2026-07-28,94.0,95.0,2282.0,False,-95.84,0.7,0.18,,,,,2025-08-25,224.0,-86.51,False,-86.7,False,False,47.13,-67.37,False,,,,,,,,,,,,,,,,,,,,0.85,0.85,0.63,58.59,93.51,95.48,-57.27,-90.3,-85.84
8303.T,ＳＢＩ新生銀行,2026-07-28,1447.5,1465.0,55979999232.0,False,-100.0,1.01,0.5,,,,,2023-09-27,158.0,-48.41,False,-100.0,False,True,565092260.1,-100.0,False,,,,,,,,,,,,,,,,,,,,0.42,0.82,0.02,25.94,35.9,100.0,-14.15,-23.41,-48.38
